{"1": {"start_time": 0.0, "end_time": 6.190657596371882}, "2": {"start_time": 6.190657596371882, "end_time": 7.627392290249434}, "3": {"start_time": 7.627392290249433, "end_time": 10.056780045351474}, "4": {"start_time": 10.056780045351474, "end_time": 12.460045351473923}, "5": {"start_time": 12.460045351473923, "end_time": 15.281269841269841}, "6": {"start_time": 15.281269841269841, "end_time": 19.617596371882087}, "7": {"start_time": 19.617596371882087, "end_time": 25.62575963718821}, "8": {"start_time": 25.62575963718821, "end_time": 30.014331065759638}, "9": {"start_time": 30.014331065759638, "end_time": 36.72780045351474}, "10": {"start_time": 36.72780045351474, "end_time": 43.911473922902495}, "11": {"start_time": 43.911473922902495, "end_time": 49.16208616780045}, "12": {"start_time": 49.16208616780045, "end_time": 54.49106575963719}, "13": {"start_time": 54.49106575963719, "end_time": 59.715555555555554}, "14": {"start_time": 59.715555555555554, "end_time": 66.16780045351474}, "15": {"start_time": 66.16780045351474, "end_time": 72.48943310657597}, "16": {"start_time": 72.48943310657596, "end_time": 87.56208616780044}, "17": {"start_time": 87.56208616780046, "end_time": 100.30984126984127}, "18": {"start_time": 100.30984126984127, "end_time": 107.41514739229025}, "19": {"start_time": 107.41514739229025, "end_time": 116.89759637188209}, "20": {"start_time": 116.89759637188209, "end_time": 122.67065759637188}, "21": {"start_time": 122.67065759637188, "end_time": 129.3057596371882}, "22": {"start_time": 129.3057596371882, "end_time": 136.14984126984126}, "23": {"start_time": 136.14984126984126, "end_time": 143.59473922902492}, "24": {"start_time": 143.59473922902495, "end_time": 160.26086167800455}, "25": {"start_time": 160.26086167800455, "end_time": 165.69433106575966}, "26": {"start_time": 165.69433106575963, "end_time": 172.61678004535148}, "27": {"start_time": 172.61678004535148, "end_time": 177.89351473922903}, "28": {"start_time": 177.89351473922903, "end_time": 185.99147392290251}, "29": {"start_time": 185.9914739229025, "end_time": 193.6192290249433}, "30": {"start_time": 193.6192290249433, "end_time": 196.8322902494331}, "31": {"start_time": 196.8322902494331, "end_time": 201.48208616780045}}