{"1": {"start_time": 0.0, "end_time": 9.56045351473923}, "3": {"start_time": 9.56045351473923, "end_time": 14.941678004535149}, "4": {"start_time": 14.941678004535147, "end_time": 19.98331065759637}, "5": {"start_time": 19.983310657596373, "end_time": 25.312290249433108}, "6": {"start_time": 25.312290249433108, "end_time": 28.89106575963719}, "7": {"start_time": 28.89106575963719, "end_time": 32.75718820861678}, "8": {"start_time": 32.75718820861678, "end_time": 37.09351473922903}, "9": {"start_time": 37.09351473922902, "end_time": 43.59800453514739}, "10": {"start_time": 43.59800453514739, "end_time": 45.66167800453515}, "11": {"start_time": 45.66167800453515, "end_time": 49.188208616780045}, "12": {"start_time": 49.188208616780045, "end_time": 55.06575963718821}, "13": {"start_time": 55.06575963718821, "end_time": 59.63718820861678}, "14": {"start_time": 59.63718820861678, "end_time": 63.11147392290249}, "15": {"start_time": 63.1114739229025, "end_time": 66.9514739229025}, "16": {"start_time": 66.9514739229025, "end_time": 69.1718820861678}, "17": {"start_time": 69.1718820861678, "end_time": 72.0714739229025}, "18": {"start_time": 72.0714739229025, "end_time": 78.02739229024944}, "19": {"start_time": 78.02739229024944, "end_time": 81.318820861678}, "20": {"start_time": 81.318820861678, "end_time": 86.70004535147392}, "21": {"start_time": 86.70004535147392, "end_time": 90.85351473922901}, "22": {"start_time": 90.85351473922903, "end_time": 95.34657596371882}, "23": {"start_time": 95.34657596371882, "end_time": 101.85106575963718}, "24": {"start_time": 101.8510657596372, "end_time": 108.35555555555555}, "25": {"start_time": 108.35555555555555, "end_time": 114.6249433106576}, "26": {"start_time": 114.6249433106576, "end_time": 121.0249433106576}, "27": {"start_time": 121.02494331065759, "end_time": 125.7792290249433}, "28": {"start_time": 125.7792290249433, "end_time": 130.42902494331065}, "29": {"start_time": 130.42902494331065, "end_time": 133.98167800453513}, "30": {"start_time": 133.98167800453515, "end_time": 138.18739229024945}, "31": {"start_time": 138.18739229024942, "end_time": 142.18412698412698}, "32": {"start_time": 142.18412698412698, "end_time": 145.9457596371882}, "33": {"start_time": 145.94575963718822, "end_time": 150.22984126984127}, "34": {"start_time": 150.22984126984127, "end_time": 157.7792290249433}, "35": {"start_time": 157.7792290249433, "end_time": 163.50004535147391}, "36": {"start_time": 163.50004535147391, "end_time": 169.0380045351474}, "37": {"start_time": 169.0380045351474, "end_time": 173.42657596371882}, "38": {"start_time": 173.42657596371882, "end_time": 184.0061678004535}, "39": {"start_time": 184.0061678004535, "end_time": 189.57024943310657}, "40": {"start_time": 189.57024943310657, "end_time": 193.54086167800452}, "41": {"start_time": 193.54086167800455, "end_time": 199.4967800453515}, "42": {"start_time": 199.49678004535147, "end_time": 202.13514739229024}, "43": {"start_time": 202.13514739229024, "end_time": 209.16208616780045}}