{"1": {"start_time": 0.0, "end_time": 6.321269841269841}, "2": {"start_time": 6.321269841269841, "end_time": 13.844535147392289}, "3": {"start_time": 13.84453514739229, "end_time": 21.289433106575963}, "4": {"start_time": 21.289433106575963, "end_time": 29.51800453514739}, "5": {"start_time": 29.51800453514739, "end_time": 36.17922902494331}, "6": {"start_time": 36.17922902494331, "end_time": 44.616780045351476}, "7": {"start_time": 44.616780045351476, "end_time": 50.86004535147393}}