{"1": {"start_time": 0.0, "end_time": 18.729433106575964}, "2": {"start_time": 18.729433106575964, "end_time": 25.939229024943312}, "3": {"start_time": 25.939229024943312, "end_time": 30.014331065759638}, "4": {"start_time": 30.014331065759638, "end_time": 41.821678004535144}, "5": {"start_time": 41.821678004535144, "end_time": 62.51065759637188}, "6": {"start_time": 62.510657596371885, "end_time": 80.7180045351474}, "7": {"start_time": 80.71800453514739, "end_time": 92.34249433106575}, "8": {"start_time": 92.34249433106577, "end_time": 119.4053514739229}}