{"1": {"start_time": 0.0, "end_time": 24.580861678004535}, "3": {"start_time": 24.580861678004535, "end_time": 40.72453514739229}, "4": {"start_time": 40.72453514739229, "end_time": 77.21759637188208}, "5": {"start_time": 77.21759637188208, "end_time": 86.49106575963718}, "6": {"start_time": 86.4910657596372, "end_time": 115.38249433106577}, "7": {"start_time": 115.38249433106576, "end_time": 139.85922902494332}, "8": {"start_time": 139.85922902494332, "end_time": 187.53269841269844}, "9": {"start_time": 187.5326984126984, "end_time": 216.13678004535146}, "10": {"start_time": 216.1367800453515, "end_time": 233.79555555555555}, "11": {"start_time": 233.79555555555555, "end_time": 256.8616780045351}, "12": {"start_time": 256.8616780045351, "end_time": 271.90820861678003}, "13": {"start_time": 271.90820861678003, "end_time": 316.29024943310657}, "14": {"start_time": 316.29024943310657, "end_time": 341.4200453514739}, "15": {"start_time": 341.4200453514739, "end_time": 366.0273922902494}, "16": {"start_time": 366.02739229024945, "end_time": 388.72780045351476}, "17": {"start_time": 388.72780045351476, "end_time": 410.7490249433107}, "18": {"start_time": 410.74902494331064, "end_time": 460.66902494331066}, "19": {"start_time": 460.66902494331066, "end_time": 490.86657596371884}, "20": {"start_time": 490.86657596371884, "end_time": 506.95800453514744}, "21": {"start_time": 506.9580045351474, "end_time": 537.4951473922903}, "22": {"start_time": 537.4951473922903, "end_time": 554.082902494331}, "23": {"start_time": 554.082902494331, "end_time": 562.46820861678}, "24": {"start_time": 562.4682086167801, "end_time": 583.9931065759638}, "25": {"start_time": 583.9931065759637, "end_time": 602.7490249433106}, "26": {"start_time": 602.7490249433107, "end_time": 615.5490249433107}, "27": {"start_time": 615.5490249433107, "end_time": 631.8494331065759}, "28": {"start_time": 631.8494331065759, "end_time": 666.278820861678}, "29": {"start_time": 666.278820861678, "end_time": 697.4951473922903}, "30": {"start_time": 697.4951473922903, "end_time": 731.3759637188209}, "31": {"start_time": 731.3759637188209, "end_time": 745.2208616780046}, "32": {"start_time": 745.2208616780046, "end_time": 790.4126984126984}, "33": {"start_time": 790.4126984126984, "end_time": 811.493514739229}, "34": {"start_time": 811.493514739229, "end_time": 829.2567800453514}, "35": {"start_time": 829.2567800453514, "end_time": 851.0167800453514}, "36": {"start_time": 851.0167800453514, "end_time": 870.6608616780045}, "37": {"start_time": 870.6608616780045, "end_time": 898.0110657596372}, "38": {"start_time": 898.0110657596372, "end_time": 913.6061678004535}, "39": {"start_time": 913.6061678004535, "end_time": 937.2731065759637}, "40": {"start_time": 937.2731065759638, "end_time": 951.5620861678005}, "41": {"start_time": 951.5620861678004, "end_time": 993.5408616780045}, "42": {"start_time": 993.5408616780045, "end_time": 1008.1433106575963}, "43": {"start_time": 1008.1433106575963, "end_time": 1033.4298412698413}, "44": {"start_time": 1033.4298412698413, "end_time": 1060.518820861678}, "45": {"start_time": 1060.518820861678, "end_time": 1088.2347392290249}, "46": {"start_time": 1088.2347392290249, "end_time": 1109.4200453514738}, "47": {"start_time": 1109.4200453514738, "end_time": 1134.9155555555556}, "48": {"start_time": 1134.9155555555556, "end_time": 1157.4592290249434}, "49": {"start_time": 1157.4592290249434, "end_time": 1186.350657596372}, "50": {"start_time": 1186.3506575963718, "end_time": 1217.7498412698412}, "51": {"start_time": 1217.7498412698412, "end_time": 1237.0543310657597}, "52": {"start_time": 1237.0543310657597, "end_time": 1253.66820861678}, "53": {"start_time": 1253.66820861678, "end_time": 1285.093514739229}, "54": {"start_time": 1285.093514739229, "end_time": 1312.3392290249433}, "55": {"start_time": 1312.3392290249433, "end_time": 1340.002902494331}, "56": {"start_time": 1340.002902494331, "end_time": 1352.4371882086168}, "57": {"start_time": 1352.4371882086168, "end_time": 1379.6045351473924}, "58": {"start_time": 1379.6045351473922, "end_time": 1406.8502494331065}, "59": {"start_time": 1406.8502494331067, "end_time": 1432.371882086168}, "60": {"start_time": 1432.3718820861677, "end_time": 1450.6314739229024}, "61": {"start_time": 1450.6314739229024, "end_time": 1476.5188208616778}, "62": {"start_time": 1476.518820861678, "end_time": 1512.1498412698413}, "63": {"start_time": 1512.1498412698413, "end_time": 1542.242902494331}, "64": {"start_time": 1542.242902494331, "end_time": 1567.9473922902494}, "65": {"start_time": 1567.9473922902494, "end_time": 1593.2339229024942}, "66": {"start_time": 1593.2339229024944, "end_time": 1608.4371882086168}, "67": {"start_time": 1608.4371882086168, "end_time": 1632.4437188208617}, "68": {"start_time": 1632.4437188208617, "end_time": 1641.9522902494332}, "69": {"start_time": 1641.9522902494332, "end_time": 1657.834739229025}, "70": {"start_time": 1657.834739229025, "end_time": 1681.0837188208618}, "71": {"start_time": 1681.0837188208616, "end_time": 1703.9931065759636}, "72": {"start_time": 1703.9931065759638, "end_time": 1726.954739229025}, "73": {"start_time": 1726.9547392290249, "end_time": 1744.6396371882086}, "74": {"start_time": 1744.6396371882086, "end_time": 1767.8886167800454}, "75": {"start_time": 1767.8886167800454, "end_time": 1782.4126984126983}, "76": {"start_time": 1782.4126984126983, "end_time": 1791.5294331065759}, "77": {"start_time": 1791.5294331065759, "end_time": 1812.636371882086}, "78": {"start_time": 1812.6363718820862, "end_time": 1832.1759637188209}, "79": {"start_time": 1832.1759637188209, "end_time": 1869.922902494331}, "80": {"start_time": 1869.922902494331, "end_time": 1883.42820861678}, "81": {"start_time": 1883.42820861678, "end_time": 1896.411065759637}, "82": {"start_time": 1896.4110657596373, "end_time": 1935.3857596371884}, "83": {"start_time": 1935.3857596371881, "end_time": 1956.2837188208616}, "84": {"start_time": 1956.2837188208616, "end_time": 1968.1171882086167}, "85": {"start_time": 1968.1171882086169, "end_time": 2005.0020861678006}, "86": {"start_time": 2005.0020861678004, "end_time": 2022.895963718821}, "87": {"start_time": 2022.895963718821, "end_time": 2041.2078004535147}, "88": {"start_time": 2041.2078004535147, "end_time": 2070.0208616780046}, "89": {"start_time": 2070.0208616780046, "end_time": 2112.313106575964}, "90": {"start_time": 2112.3131065759635, "end_time": 2138.6706575963717}, "91": {"start_time": 2138.6706575963717, "end_time": 2155.2584126984125}, "92": {"start_time": 2155.2584126984125, "end_time": 2178.8731065759634}, "93": {"start_time": 2178.873106575964, "end_time": 2200.9988208616783}, "94": {"start_time": 2200.998820861678, "end_time": 2225.736780045351}, "95": {"start_time": 2225.7367800453517, "end_time": 2250.2657596371882}, "96": {"start_time": 2250.2657596371882, "end_time": 2261.8118820861678}, "97": {"start_time": 2261.8118820861678, "end_time": 2271.6861678004534}, "98": {"start_time": 2271.6861678004534, "end_time": 2288.7702494331065}, "99": {"start_time": 2288.7702494331065, "end_time": 2303.398820861678}, "100": {"start_time": 2303.398820861678, "end_time": 2315.7808616780044}, "101": {"start_time": 2315.7808616780044, "end_time": 2332.3947392290247}, "102": {"start_time": 2332.394739229025, "end_time": 2365.5702494331067}, "103": {"start_time": 2365.5702494331067, "end_time": 2384.430657596372}, "104": {"start_time": 2384.430657596372, "end_time": 2404.753922902494}, "105": {"start_time": 2404.753922902494, "end_time": 2415.072290249433}, "106": {"start_time": 2415.072290249433, "end_time": 2427.637188208617}, "107": {"start_time": 2427.637188208617, "end_time": 2439.5751473922905}, "108": {"start_time": 2439.57514739229, "end_time": 2457.704126984127}, "109": {"start_time": 2457.704126984127, "end_time": 2485.68126984127}, "110": {"start_time": 2485.68126984127, "end_time": 2518.151473922903}, "111": {"start_time": 2518.1514739229024,