{"1": {"start_time": 0.0, "end_time": 10.657596371882086}, "3": {"start_time": 10.657596371882086, "end_time": 18.703310657596372}, "4": {"start_time": 18.703310657596372, "end_time": 33.17514739229025}, "5": {"start_time": 33.17514739229025, "end_time": 46.70657596371882}, "6": {"start_time": 46.70657596371882, "end_time": 74.94494331065759}, "7": {"start_time": 74.94494331065759, "end_time": 88.08453514739229}, "8": {"start_time": 88.08453514739229, "end_time": 121.20780045351474}, "9": {"start_time": 121.20780045351474, "end_time": 143.88208616780045}, "10": {"start_time": 143.88208616780045, "end_time": 159.92126984126983}, "11": {"start_time": 159.92126984126983, "end_time": 176.50902494331064}, "12": {"start_time": 176.50902494331066, "end_time": 196.36208616780047}, "13": {"start_time": 196.36208616780044, "end_time": 214.3343310657596}, "14": {"start_time": 214.33433106575964, "end_time": 231.00045351473923}, "15": {"start_time": 231.00045351473923, "end_time": 239.59473922902495}, "16": {"start_time": 239.59473922902495, "end_time": 256.80943310657597}, "17": {"start_time": 256.80943310657597, "end_time": 278.0469841269841}, "18": {"start_time": 278.0469841269841, "end_time": 293.0673922902494}, "19": {"start_time": 293.0673922902494, "end_time": 312.50249433106575}, "20": {"start_time": 312.50249433106575, "end_time": 321.38412698412696}, "21": {"start_time": 321.38412698412696, "end_time": 340.4012698412698}, "22": {"start_time": 340.4012698412698, "end_time": 369.3449433106576}, "23": {"start_time": 369.3449433106576, "end_time": 389.224126984127}, "24": {"start_time": 389.224126984127, "end_time": 398.75882086167803}, "25": {"start_time": 398.75882086167803, "end_time": 408.8159637188209}, "26": {"start_time": 408.81596371882085, "end_time": 435.8004535147392}, "27": {"start_time": 435.8004535147392, "end_time": 456.88126984126984}, "28": {"start_time": 456.88126984126984, "end_time": 472.7114739229025}, "29": {"start_time": 472.7114739229025, "end_time": 516.4404535147393}, "30": {"start_time": 516.4404535147393, "end_time": 546.9775963718821}, "31": {"start_time": 546.9775963718821, "end_time": 561.8151473922902}, "32": {"start_time": 561.8151473922902, "end_time": 577.3318820861678}, "33": {"start_time": 577.3318820861678, "end_time": 586.9710657596371}, "34": {"start_time": 586.9710657596372, "end_time": 602.0959637188209}, "35": {"start_time": 602.0959637188208, "end_time": 638.3800453514739}, "36": {"start_time": 638.3800453514739, "end_time": 665.6780045351474}, "37": {"start_time": 665.6780045351474, "end_time": 676.962902494331}, "38": {"start_time": 676.962902494331, "end_time": 708.1792290249433}, "39": {"start_time": 708.1792290249433, "end_time": 718.9939229024943}, "40": {"start_time": 718.9939229024943, "end_time": 733.3351473922902}, "41": {"start_time": 733.3351473922902, "end_time": 765.9098412698412}, "42": {"start_time": 765.9098412698413, "end_time": 780.0682086167801}, "43": {"start_time": 780.06820861678, "end_time": 794.6445351473923}, "44": {"start_time": 794.6445351473923, "end_time": 828.002902494331}, "45": {"start_time": 828.002902494331, "end_time": 847.8298412698413}, "46": {"start_time": 847.8298412698413, "end_time": 860.7082086167801}, "47": {"start_time": 860.7082086167801, "end_time": 878.7326984126985}, "48": {"start_time": 878.7326984126984, "end_time": 908.4339229024943}, "49": {"start_time": 908.4339229024944, "end_time": 924.8388208616781}, "50": {"start_time": 924.838820861678, "end_time": 941.2959637188208}, "51": {"start_time": 941.2959637188209, "end_time": 964.38820861678}, "52": {"start_time": 964.38820861678, "end_time": 978.7555555555556}, "53": {"start_time": 978.7555555555556, "end_time": 993.7759637188209}, "54": {"start_time": 993.7759637188209, "end_time": 1006.5759637188208}, "55": {"start_time": 1006.5759637188208, "end_time": 1012.1922902494331}, "56": {"start_time": 1012.1922902494331, "end_time": 1026.1939229024943}, "57": {"start_time": 1026.1939229024943, "end_time": 1056.1824943310658}, "58": {"start_time": 1056.1824943310658, "end_time": 1069.9751473922902}, "59": {"start_time": 1069.9751473922902, "end_time": 1087.9212698412698}, "60": {"start_time": 1087.9212698412698, "end_time": 1101.0347392290248}, "61": {"start_time": 1101.034739229025, "end_time": 1119.6861678004536}, "62": {"start_time": 1119.6861678004534, "end_time": 1141.8902494331064}, "63": {"start_time": 1141.8902494331066, "end_time": 1156.962902494331}, "64": {"start_time": 1156.962902494331, "end_time": 1165.792290249433}, "65": {"start_time": 1165.792290249433, "end_time": 1194.1612698412698}, "66": {"start_time": 1194.1612698412698, "end_time": 1211.6371882086169}, "67": {"start_time": 1211.6371882086169, "end_time": 1232.8224943310659}, "68": {"start_time": 1232.8224943310659, "end_time": 1275.2975963718823}, "69": {"start_time": 1275.297596371882, "end_time": 1293.4265759637187}, "70": {"start_time": 1293.4265759637187, "end_time": 1306.017596371882}, "71": {"start_time": 1306.017596371882, "end_time": 1318.895963718821}, "72": {"start_time": 1318.895963718821, "end_time": 1329.5278004535148}, "73": {"start_time": 1329.5278004535148, "end_time": 1337.390657596372}, "74": {"start_time": 1337.390657596372, "end_time": 1346.664126984127}, "75": {"start_time": 1346.664126984127, "end_time": 1367.5620861678005}, "76": {"start_time": 1367.5620861678005, "end_time": 1381.1980045351474}, "77": {"start_time": 1381.1980045351474, "end_time": 1394.5204535147393}, "78": {"start_time": 1394.5204535147393, "end_time": 1412.1008616780045}, "79": {"start_time": 1412.1008616780045, "end_time": 1447.8363718820863}, "80": {"start_time": 1447.8363718820863, "end_time": 1457.9196371882088}, "81": {"start_time": 1457.9196371882085, "end_time": 1472.0518820861678}, "82": {"start_time": 1472.0518820861678, "end_time": 1481.4820861678004}, "83": {"start_time": 1481.4820861678004, "end_time": 1509.7726984126984}, "84": {"start_time": 1509.7726984126984, "end_time": 1535.0853514739229}, "85": {"start_time": 1535.0853514739229, "end_time": 1551.2551473922902}, "86": {"start_time": 1551.2551473922902, "end_time": 1572.4404535147391}}