{"1": {"start_time": 0.0, "end_time": 7.209433106575964}, "2": {"start_time": 7.209433106575964, "end_time": 12.068208616780044}, "3": {"start_time": 12.068208616780046, "end_time": 20.610249433106574}, "4": {"start_time": 20.610249433106574, "end_time": 45.478820861678}, "5": {"start_time": 45.478820861678, "end_time": 79.46412698412698}, "6": {"start_time": 79.46412698412698, "end_time": 101.1718820861678}, "7": {"start_time": 101.1718820861678, "end_time": 115.64371882086168}, "8": {"start_time": 115.64371882086168, "end_time": 139.5718820861678}, "9": {"start_time": 139.5718820861678, "end_time": 169.42984126984126}, "10": {"start_time": 169.42984126984126, "end_time": 195.60453514739228}, "11": {"start_time": 195.60453514739228, "end_time": 227.21269841269842}, "12": {"start_time": 227.21269841269842, "end_time": 252.8126984126984}, "13": {"start_time": 252.8126984126984, "end_time": 277.4984126984127}, "14": {"start_time": 277.4984126984127, "end_time": 293.354739229025}, "15": {"start_time": 293.3547392290249, "end_time": 311.11800453514735}, "16": {"start_time": 311.1180045351474, "end_time": 377.0249433106576}, "17": {"start_time": 377.0249433106576, "end_time": 403.35637188208614}, "18": {"start_time": 403.3563718820862, "end_time": 453.6943310657597}, "19": {"start_time": 453.6943310657596, "end_time": 476.86494331065757}, "20": {"start_time": 476.8649433106576, "end_time": 492.9563718820862}, "21": {"start_time": 492.95637188208616, "end_time": 535.2224943310657}, "22": {"start_time": 535.2224943310657, "end_time": 574.6412698412698}, "23": {"start_time": 574.6412698412698, "end_time": 592.744126984127}, "24": {"start_time": 592.744126984127, "end_time": 613.9816780045352}, "25": {"start_time": 613.9816780045352, "end_time": 638.3539229024943}, "26": {"start_time": 638.3539229024943, "end_time": 658.6771882086168}, "27": {"start_time": 658.6771882086168, "end_time": 712.8029024943311}, "28": {"start_time": 712.8029024943311, "end_time": 725.8902494331066}, "29": {"start_time": 725.8902494331065, "end_time": 745.7694331065759}, "30": {"start_time": 745.769433106576, "end_time": 774.6608616780046}, "31": {"start_time": 774.6608616780045, "end_time": 814.4192290249433}, "32": {"start_time": 814.4192290249433, "end_time": 845.5571882086168}, "33": {"start_time": 845.5571882086168, "end_time": 870.8437188208617}, "34": {"start_time": 870.8437188208617, "end_time": 900.8584126984127}, "35": {"start_time": 900.8584126984127, "end_time": 922.6967800453515}, "36": {"start_time": 922.6967800453515, "end_time": 958.3016780045351}}