{"1": {"start_time": 0.0, "end_time": 6.033922902494331}, "2": {"start_time": 6.033922902494331, "end_time": 11.624126984126985}, "3": {"start_time": 11.624126984126985, "end_time": 16.247800453514742}, "4": {"start_time": 16.24780045351474, "end_time": 20.897596371882084}, "5": {"start_time": 20.897596371882088, "end_time": 27.61106575963719}, "6": {"start_time": 27.61106575963719, "end_time": 33.20126984126984}, "7": {"start_time": 33.20126984126984, "end_time": 46.445351473922905}}