{"1": {"start_time": 0.0, "end_time": 6.373514739229025}, "2": {"start_time": 6.373514739229025, "end_time": 11.180045351473922}, "3": {"start_time": 11.180045351473924, "end_time": 15.307392290249433}, "4": {"start_time": 15.307392290249433, "end_time": 20.140045351473923}, "5": {"start_time": 20.140045351473923, "end_time": 28.864943310657594}, "6": {"start_time": 28.864943310657598, "end_time": 35.86575963718821}, "7": {"start_time": 35.86575963718821, "end_time": 46.445351473922905}, "8": {"start_time": 46.445351473922905, "end_time": 52.531882086167805}, "9": {"start_time": 52.5318820861678, "end_time": 65.61922902494331}}