{"1": {"start_time": 0.0, "end_time": 6.425759637188208}, "2": {"start_time": 6.425759637188208, "end_time": 10.474739229024943}, "3": {"start_time": 10.474739229024943, "end_time": 13.975147392290248}, "4": {"start_time": 13.97514739229025, "end_time": 17.475555555555555}, "5": {"start_time": 17.475555555555555, "end_time": 22.595555555555556}, "6": {"start_time": 22.595555555555556, "end_time": 27.8984126984127}, "7": {"start_time": 27.8984126984127, "end_time": 32.15637188208617}, "8": {"start_time": 32.15637188208617, "end_time": 44.40780045351474}, "9": {"start_time": 44.40780045351474, "end_time": 47.75147392290249}, "10": {"start_time": 47.75147392290249, "end_time": 52.610249433106574}, "11": {"start_time": 52.610249433106574, "end_time": 57.26004535147392}, "12": {"start_time": 57.26004535147392, "end_time": 61.51800453514739}, "13": {"start_time": 61.51800453514739, "end_time": 66.63800453514739}, "14": {"start_time": 66.63800453514739, "end_time": 73.14249433106576}, "15": {"start_time": 73.14249433106576, "end_time": 77.5049433106576}, "16": {"start_time": 77.5049433106576, "end_time": 81.65841269841269}, "17": {"start_time": 81.6584126984127, "end_time": 86.1514739229025}, "18": {"start_time": 86.1514739229025, "end_time": 91.03637188208617}, "19": {"start_time": 91.03637188208617, "end_time": 96.28698412698414}, "20": {"start_time": 96.28698412698412, "end_time": 102.1384126984127}}