{"1": {"start_time": 0.0, "end_time": 9.29922902494331}, "2": {"start_time": 9.29922902494331, "end_time": 12.56453514739229}, "3": {"start_time": 12.56453514739229, "end_time": 15.646984126984126}, "4": {"start_time": 15.646984126984126, "end_time": 18.729433106575964}, "5": {"start_time": 18.729433106575964, "end_time": 22.04698412698413}, "6": {"start_time": 22.04698412698413, "end_time": 29.726984126984128}, "7": {"start_time": 29.726984126984128, "end_time": 36.49269841269842}, "8": {"start_time": 36.49269841269841, "end_time": 43.59800453514739}, "9": {"start_time": 43.59800453514739, "end_time": 50.70331065759637}, "10": {"start_time": 50.70331065759637, "end_time": 55.588208616780044}, "11": {"start_time": 55.588208616780044, "end_time": 66.14167800453515}}