{"1": {"start_time": 0.0, "end_time": 5.955555555555556}, "2": {"start_time": 5.955555555555556, "end_time": 9.27310657596372}, "3": {"start_time": 9.27310657596372, "end_time": 13.68780045351474}, "4": {"start_time": 13.68780045351474, "end_time": 18.703310657596372}, "5": {"start_time": 18.703310657596372, "end_time": 22.98739229024943}, "6": {"start_time": 22.98739229024943, "end_time": 27.767800453514738}, "7": {"start_time": 27.767800453514738, "end_time": 30.719637188208615}, "8": {"start_time": 30.719637188208615, "end_time": 34.507392290249435}, "9": {"start_time": 34.507392290249435, "end_time": 39.470657596371886}, "10": {"start_time": 39.47065759637188, "end_time": 42.34412698412698}, "11": {"start_time": 42.34412698412699, "end_time": 45.94902494331066}, "12": {"start_time": 45.949024943310654, "end_time": 52.92371882086167}, "13": {"start_time": 52.92371882086168, "end_time": 56.7114739229025}, "14": {"start_time": 56.71147392290249, "end_time": 62.40616780045351}, "15": {"start_time": 62.40616780045352, "end_time": 68.17922902494331}, "16": {"start_time": 68.17922902494331, "end_time": 73.76943310657596}, "17": {"start_time": 73.76943310657596, "end_time": 77.8184126984127}, "18": {"start_time": 77.8184126984127, "end_time": 82.44208616780045}, "19": {"start_time": 82.44208616780045, "end_time": 87.37922902494331}, "20": {"start_time": 87.37922902494331, "end_time": 95.26820861678004}, "21": {"start_time": 95.26820861678004, "end_time": 101.69433106575964}, "22": {"start_time": 101.69433106575964, "end_time": 105.74331065759638}}