{"1": {"start_time": 0.0, "end_time": 5.485351473922902}, "2": {"start_time": 5.485351473922902, "end_time": 16.22167800453515}, "3": {"start_time": 16.221678004535146, "end_time": 39.99310657596372}, "4": {"start_time": 39.99310657596372, "end_time": 49.47555555555556}, "5": {"start_time": 49.47555555555556, "end_time": 61.07392290249433}, "6": {"start_time": 61.07392290249433, "end_time": 84.68861678004535}, "7": {"start_time": 84.68861678004535, "end_time": 110.00126984126985}, "8": {"start_time": 110.00126984126985, "end_time": 124.78657596371883}, "9": {"start_time": 124.78657596371882, "end_time": 146.49433106575964}, "10": {"start_time": 146.49433106575964, "end_time": 171.9114739229025}, "11": {"start_time": 171.9114739229025, "end_time": 186.82739229024943}, "12": {"start_time": 186.82739229024943, "end_time": 213.8902494331066}}