{"1": {"start_time": 0.0, "end_time": 16.09106575963719}, "2": {"start_time": 16.09106575963719, "end_time": 29.75310657596372}, "3": {"start_time": 29.75310657596372, "end_time": 40.019229024943314}, "4": {"start_time": 40.01922902494331, "end_time": 50.15473922902494}, "5": {"start_time": 50.15473922902494, "end_time": 60.00290249433107}, "6": {"start_time": 60.00290249433107, "end_time": 68.2053514739229}, "7": {"start_time": 68.2053514739229, "end_time": 77.32208616780045}, "8": {"start_time": 77.32208616780045, "end_time": 86.96126984126984}, "9": {"start_time": 86.96126984126984, "end_time": 98.9253514739229}, "10": {"start_time": 98.9253514739229, "end_time": 106.78820861678004}, "11": {"start_time": 106.78820861678004, "end_time": 115.93106575963718}, "12": {"start_time": 115.93106575963719, "end_time": 122.80126984126984}, "13": {"start_time": 122.80126984126984, "end_time": 134.00780045351473}, "14": {"start_time": 134.00780045351473, "end_time": 141.5310657596372}, "15": {"start_time": 141.5310657596372, "end_time": 153.10331065759638}, "16": {"start_time": 153.10331065759638, "end_time": 160.3653514739229}, "17": {"start_time": 160.3653514739229, "end_time": 168.04535147392292}, "18": {"start_time": 168.0453514739229, "end_time": 173.74004535147392}, "19": {"start_time": 173.74004535147392, "end_time": 185.54739229024943}, "20": {"start_time": 185.54739229024943, "end_time": 193.384126984127}, "21": {"start_time": 193.384126984127, "end_time": 211.5914739229025}, "22": {"start_time": 211.59147392290248, "end_time": 222.4322902494331}, "23": {"start_time": 222.4322902494331, "end_time": 229.4853514739229}, "24": {"start_time": 229.4853514739229, "end_time": 236.43392290249432}, "25": {"start_time": 236.43392290249434, "end_time": 241.78902494331066}, "26": {"start_time": 241.78902494331066, "end_time": 248.60698412698414}, "27": {"start_time": 248.60698412698412, "end_time": 262.8175963718821}, "28": {"start_time": 262.8175963718821, "end_time": 276.27065759637185}, "29": {"start_time": 276.2706575963719, "end_time": 286.824126984127}, "30": {"start_time": 286.82412698412696, "end_time": 302.7065759637188}, "31": {"start_time": 302.7065759637188, "end_time": 317.2306575963719}}