{"1": {"start_time": 0.0, "end_time": 6.582494331065759}, "2": {"start_time": 6.582494331065759, "end_time": 13.295963718820861}, "3": {"start_time": 13.295963718820861, "end_time": 16.84861678004535}, "4": {"start_time": 16.84861678004535, "end_time": 22.09922902494331}}