{"1": {"start_time": 0.0, "end_time": 37.53759637188209}, "3": {"start_time": 37.53759637188209, "end_time": 120.18902494331066}, "4": {"start_time": 120.18902494331066, "end_time": 194.74249433106576}, "5": {"start_time": 194.74249433106576, "end_time": 236.74739229024942}, "6": {"start_time": 236.74739229024942, "end_time": 300.2771882086168}, "7": {"start_time": 300.2771882086168, "end_time": 414.9024943310658}, "8": {"start_time": 414.9024943310658, "end_time": 437.864126984127}, "9": {"start_time": 437.864126984127, "end_time": 473.57351473922904}, "10": {"start_time": 473.57351473922904, "end_time": 486.2951473922903}, "11": {"start_time": 486.29514739229023, "end_time": 499.06902494331064}, "12": {"start_time": 499.06902494331064, "end_time": 532.5318820861678}, "13": {"start_time": 532.5318820861678, "end_time": 608.9139229024943}, "14": {"start_time": 608.9139229024943, "end_time": 647.6796371882085}, "15": {"start_time": 647.6796371882086, "end_time": 682.3702494331066}, "16": {"start_time": 682.3702494331066, "end_time": 725.0804535147392}, "17": {"start_time": 725.0804535147392, "end_time": 747.8592290249434}, "18": {"start_time": 747.8592290249433, "end_time": 790.3604535147392}, "19": {"start_time": 790.3604535147392, "end_time": 833.4624943310657}, "20": {"start_time": 833.4624943310657, "end_time": 874.8665759637188}, "21": {"start_time": 874.8665759637188, "end_time": 907.1539229024943}, "22": {"start_time": 907.1539229024943, "end_time": 926.2755555555555}, "23": {"start_time": 926.2755555555556, "end_time": 952.6853514739229}, "24": {"start_time": 952.6853514739229, "end_time": 980.2445351473923}, "25": {"start_time": 980.2445351473923, "end_time": 1003.3890249433107}, "26": {"start_time": 1003.3890249433107, "end_time": 1018.722902494331}, "27": {"start_time": 1018.722902494331, "end_time": 1036.6951473922902}, "28": {"start_time": 1036.6951473922902, "end_time": 1063.000453514739}, "29": {"start_time": 1063.0004535147393, "end_time": 1082.931882086168}, "30": {"start_time": 1082.931882086168, "end_time": 1104.1171882086169}, "31": {"start_time": 1104.1171882086169, "end_time": 1114.4355555555558}, "32": {"start_time": 1114.4355555555555, "end_time": 1142.3082086167801}, "33": {"start_time": 1142.3082086167801, "end_time": 1192.9073922902496}, "34": {"start_time": 1192.9073922902494, "end_time": 1233.1098412698411}, "35": {"start_time": 1233.1098412698414, "end_time": 1250.8208616780046}, "36": {"start_time": 1250.8208616780046, "end_time": 1269.6812698412698}, "37": {"start_time": 1269.6812698412698, "end_time": 1294.2363718820861}, "38": {"start_time": 1294.2363718820861, "end_time": 1309.1784126984126}, "39": {"start_time": 1309.1784126984128, "end_time": 1328.7963718820863}, "40": {"start_time": 1328.796371882086, "end_time": 1345.9065759637188}, "41": {"start_time": 1345.9065759637188, "end_time": 1372.577596371882}, "42": {"start_time": 1372.577596371882, "end_time": 1447.4445351473921}, "43": {"start_time": 1447.4445351473923, "end_time": 1479.1310657596373}, "44": {"start_time": 1479.1310657596373, "end_time": 1499.3498412698414}, "45": {"start_time": 1499.3498412698414, "end_time": 1556.845351473923}, "46": {"start_time": 1556.8453514739228, "end_time": 1598.5106575963719}, "47": {"start_time": 1598.5106575963719, "end_time": 1632.7310657596372}, "48": {"start_time": 1632.7310657596372, "end_time": 1655.8755555555556}, "49": {"start_time": 1655.8755555555556, "end_time": 1726.9808616780047}, "50": {"start_time": 1726.9808616780044, "end_time": 1774.4453514739228}, "51": {"start_time": 1774.445351473923, "end_time": 1789.6486167800454}, "52": {"start_time": 1789.6486167800454, "end_time": 1821.9359637188209}, "53": {"start_time": 1821.9359637188209, "end_time": 1860.257596371882}, "54": {"start_time": 1860.257596371882, "end_time": 1883.5326984126984}, "55": {"start_time": 1883.5326984126984, "end_time": 1945.2861678004535}, "56": {"start_time": 1945.2861678004535, "end_time": 1961.9000453514739}, "57": {"start_time": 1961.9000453514739, "end_time": 1975.1963718820862}, "58": {"start_time": 1975.1963718820862, "end_time": 2011.0102494331065}, "59": {"start_time": 2011.0102494331065, "end_time": 2026.4747392290249}, "60": {"start_time": 2026.4747392290249, "end_time": 2060.06820861678}, "61": {"start_time": 2060.06820861678, "end_time": 2096.3784126984124}, "62": {"start_time": 2096.378412698413, "end_time": 2114.559637188209}, "63": {"start_time": 2114.5596371882084, "end_time": 2129.292698412698}, "64": {"start_time": 2129.2926984126984, "end_time": 2144.54820861678}, "65": {"start_time": 2144.54820861678, "end_time": 2203.5849433106573}, "66": {"start_time": 2203.5849433106578, "end_time": 2224.56126984127}, "67": {"start_time": 2224.5612698412697, "end_time": 2257.6584126984126}, "68": {"start_time": 2257.6584126984126, "end_time": 2283.859229024943}, "69": {"start_time": 2283.8592290249435, "end_time": 2324.40126984127}, "70": {"start_time": 2324.40126984127, "end_time": 2348.381678004535}, "71": {"start_time": 2348.381678004535, "end_time": 2377.1686167800453}, "72": {"start_time": 2377.1686167800453, "end_time": 2404.597188208617}, "73": {"start_time": 2404.597188208617, "end_time": 2448.639637188209}, "74": {"start_time": 2448.639637188209, "end_time": 2477.295963718821}, "75": {"start_time": 2477.295963718821, "end_time": 2488.3196371882086}, "76": {"start_time": 2488.3196371882086, "end_time": 2520.763718820862}, "77": {"start_time": 2520.763718820862, "end_time": 2536.071473922903}, "78": {"start_time": 2536.0714739229024, "end_time": 2563.9180045351472}, "79": {"start_time": 2563.9180045351472, "end_time": 2583.2486167800453}, "80": {"start_time": 2583.2486167800453, "end_time": 2596.7800453514737}, "81": {"start_time": 2596.7800453514737, "end_time": 2616.9726984126983}, "82": {"start_time": 2616.9726984126983, "end_time": 2644.3751473922903}, "83": {"start_time": 2644.3751473922903, "end_time": 2682.17433106576}, "84": {"start_time": 2682.17433106576, "end_time": 2707.904943310658}, "85": {"start_time": 2707.9049433106575, "end_time": 2728.2804535147393}, "86": {"start_time": 2728.2804535147393, "end_time": 2746.905759637188}, "87": {"start_time": 2746.905759637188, "end_time": 2759.6796371882087}, "88": {"start_time": 2759.6796371882087, "end_time": 2778.6967800453517}, "89": {"start_time": 2778.6967800453513, "end_time": 2794.396371882086}, "90": {"start_time": 2794.396371882086, "end_time": 2847.8951473922903}, "91": {"start_time": 2847.8951473922903, "end_time": 2875.3498412698414}, "92": {"start_time": 2875.3498412698414, "end_time": 2902.93514739229}, "93": {"start_time": 2902.93514739229, "end_time": 2920.411065759637}, "94": {"start_time": 2920.411065759637, "end_time": 2946.899229024943}, "95": {"start_time": 2946.8992290249435, "end_time": 2980.858412698413}, "96": {"start_time": 2980.858412698413, "end_time": 3038.7980045351474}, "97": {"start_time": 3038.7980045351474, "end_time": 3060.766984126984}, "98": {"start_time": 3060.766984126984, "end_time": 3091.5914739229024}, "99": {"start_time": 3091.5914739229024, "end_time": 3103.6339229024943}, "100": {"start_time": 3103.6339229024943, "end_time": 3116.329433106576}, "101": {"start_time": 3116.329433106576, "end_time": 3135.3204535147393}, "102": {"start_time": 3135.3204535147393, "end_time": 3161.8608616780048}, "103": {"start_time": 3161.8608616780043, "end_time": 3172.5449433106573}, "104": {"start_time": 3172.544943310658, "end_time": 3197.1522902494335}, "105": {"start_time": 3197.152290249433, "end_time": 3224.554739229025}, "106": {"start_time": 3224.554739229025, "end_time": 3250.2331065759636}, "107": {"start_time": 3250.2331065759636, "end_time": 3319.2486167800453}, "108": {"start_time": 3319.2486167800453, "end_time": 3366.843718820862}, "109": {"start_time": 3366.843718820862, "end_time": 3396.780045351474}, "110": {"start_time": 3396.7800453514737, "end_time": 3414.752290249433}, "111": {"start_time": 3414.752290249433,