{"1": {"start_time": 0.0, "end_time": 5.354739229024943}, "2": {"start_time": 5.354739229024943, "end_time": 13.269841269841269}, "3": {"start_time": 13.26984126984127, "end_time": 18.180861678004536}, "4": {"start_time": 18.180861678004536, "end_time": 23.849433106575965}, "5": {"start_time": 23.849433106575965, "end_time": 35.63065759637188}, "6": {"start_time": 35.63065759637188, "end_time": 47.98657596371882}, "7": {"start_time": 47.98657596371882, "end_time": 69.64208616780046}, "8": {"start_time": 69.64208616780046, "end_time": 88.63310657596372}, "9": {"start_time": 88.63310657596372, "end_time": 99.63065759637189}, "10": {"start_time": 99.63065759637188, "end_time": 109.32208616780045}, "11": {"start_time": 109.32208616780045, "end_time": 143.1245351473923}, "12": {"start_time": 143.1245351473923, "end_time": 159.29433106575965}, "13": {"start_time": 159.29433106575965, "end_time": 180.79310657596372}, "14": {"start_time": 180.79310657596372, "end_time": 196.67555555555555}, "15": {"start_time": 196.67555555555555, "end_time": 226.08943310657597}, "16": {"start_time": 226.08943310657597, "end_time": 259.36943310657597}, "17": {"start_time": 259.36943310657597, "end_time": 288.23473922902497}, "18": {"start_time": 288.23473922902497, "end_time": 306.7555555555556}, "19": {"start_time": 306.75555555555553, "end_time": 322.533514739229}, "20": {"start_time": 322.533514739229, "end_time": 335.7514739229025}, "21": {"start_time": 335.7514739229025, "end_time": 364.1465759637188}, "22": {"start_time": 364.1465759637188, "end_time": 386.3506575963719}, "23": {"start_time": 386.3506575963719, "end_time": 402.9645351473923}, "24": {"start_time": 402.96453514739227, "end_time": 421.27637188208615}, "25": {"start_time": 421.27637188208615, "end_time": 430.9678004535147}, "26": {"start_time": 430.9678004535147, "end_time": 450.71637188208615}, "27": {"start_time": 450.71637188208615, "end_time": 460.8518820861678}, "28": {"start_time": 460.8518820861678, "end_time": 483.5261678004535}, "29": {"start_time": 483.5261678004535, "end_time": 497.0314739229025}, "30": {"start_time": 497.0314739229025, "end_time": 525.3220861678004}, "31": {"start_time": 525.3220861678004, "end_time": 540.1596371882085}, "32": {"start_time": 540.1596371882086, "end_time": 558.7326984126985}, "33": {"start_time": 558.7326984126984, "end_time": 589.4265759637187}, "34": {"start_time": 589.4265759637188, "end_time": 624.7963718820862}, "35": {"start_time": 624.7963718820862, "end_time": 657.7629024943311}}