{"1": {"start_time": 0.0, "end_time": 37.98167800453515}, "2": {"start_time": 37.98167800453515, "end_time": 74.39637188208617}, "3": {"start_time": 74.39637188208617, "end_time": 107.80698412698413}, "4": {"start_time": 107.80698412698413, "end_time": 156.4992290249433}, "5": {"start_time": 156.4992290249433, "end_time": 197.61596371882086}, "6": {"start_time": 197.61596371882086, "end_time": 225.48861678004536}, "7": {"start_time": 225.48861678004536, "end_time": 248.58086167800454}, "8": {"start_time": 248.58086167800454, "end_time": 268.98249433106577}, "9": {"start_time": 268.98249433106577, "end_time": 277.1849433106576}, "10": {"start_time": 277.1849433106576, "end_time": 303.33351473922903}, "11": {"start_time": 303.33351473922903, "end_time": 347.1931065759637}, "12": {"start_time": 347.1931065759637, "end_time": 360.5155555555556}, "13": {"start_time": 360.5155555555556, "end_time": 388.38820861678005}, "14": {"start_time": 388.38820861678005, "end_time": 422.3996371882086}, "15": {"start_time": 422.3996371882086, "end_time": 440.2673922902494}, "16": {"start_time": 440.26739229024946, "end_time": 490.6575963718821}, "17": {"start_time": 490.6575963718821, "end_time": 546.1416780045352}, "18": {"start_time": 546.1416780045352, "end_time": 584.2543310657596}, "19": {"start_time": 584.2543310657596, "end_time": 604.5514739229025}, "20": {"start_time": 604.5514739229025, "end_time": 615.392290249433}, "21": {"start_time": 615.3922902494331, "end_time": 637.2306575963719}, "22": {"start_time": 637.2306575963719, "end_time": 668.4731065759637}, "23": {"start_time": 668.4731065759637, "end_time": 694.5955555555555}, "24": {"start_time": 694.5955555555555, "end_time": 704.1824943310658}, "25": {"start_time": 704.1824943310658, "end_time": 741.3808616780045}, "26": {"start_time": 741.3808616780045, "end_time": 761.8869841269841}, "27": {"start_time": 761.8869841269841, "end_time": 787.8004535147392}, "28": {"start_time": 787.8004535147393, "end_time": 806.3212698412699}, "29": {"start_time": 806.3212698412699, "end_time": 817.0053514739229}, "30": {"start_time": 817.0053514739229, "end_time": 870.6086167800454}, "31": {"start_time": 870.6086167800454, "end_time": 934.4780045351474}, "32": {"start_time": 934.4780045351474, "end_time": 954.2004535147393}, "33": {"start_time": 954.2004535147393, "end_time": 999.1571882086168}, "34": {"start_time": 999.1571882086167, "end_time": 1015.6665759637187}, "35": {"start_time": 1015.6665759637189, "end_time": 1044.4796371882087}, "36": {"start_time": 1044.4796371882087, "end_time": 1076.7408616780046}, "37": {"start_time": 1076.7408616780046, "end_time": 1101.5310657596374}, "38": {"start_time": 1101.5310657596372, "end_time": 1129.4298412698413}, "39": {"start_time": 1129.4298412698413, "end_time": 1142.8306575963718}, "40": {"start_time": 1142.8306575963718, "end_time": 1161.064126984127}, "41": {"start_time": 1161.064126984127, "end_time": 1179.5065759637187}, "42": {"start_time": 1179.506575963719, "end_time": 1198.5498412698414}, "43": {"start_time": 1198.5498412698412, "end_time": 1219.813514739229}}