{"1": {"start_time": 0.0, "end_time": 11.5718820861678}, "3": {"start_time": 11.5718820861678, "end_time": 15.098412698412698}, "4": {"start_time": 15.098412698412698, "end_time": 21.23718820861678}, "5": {"start_time": 21.23718820861678, "end_time": 26.9318820861678}, "6": {"start_time": 26.9318820861678, "end_time": 33.27963718820862}, "7": {"start_time": 33.27963718820862, "end_time": 40.95963718820862}, "8": {"start_time": 40.95963718820862, "end_time": 47.17678004535148}, "9": {"start_time": 47.17678004535147, "end_time": 52.76698412698413}, "10": {"start_time": 52.76698412698413, "end_time": 61.75310657596372}, "11": {"start_time": 61.75310657596372, "end_time": 69.19800453514739}, "12": {"start_time": 69.19800453514739, "end_time": 76.74739229024944}, "13": {"start_time": 76.74739229024944, "end_time": 84.74086167800453}, "14": {"start_time": 84.74086167800453, "end_time": 91.53269841269841}, "15": {"start_time": 91.53269841269841, "end_time": 100.2053514739229}, "16": {"start_time": 100.2053514739229, "end_time": 118.38657596371883}, "17": {"start_time": 118.38657596371883, "end_time": 125.80535147392291}, "18": {"start_time": 125.8053514739229, "end_time": 134.4780045351474}, "19": {"start_time": 134.4780045351474, "end_time": 144.24780045351474}, "20": {"start_time": 144.24780045351474, "end_time": 155.16698412698412}, "21": {"start_time": 155.16698412698412, "end_time": 244.8453514739229}}