{"1": {"start_time": 0.0, "end_time": 14.366984126984127}, "3": {"start_time": 14.366984126984127, "end_time": 20.636371882086166}, "4": {"start_time": 20.636371882086166, "end_time": 27.532698412698412}, "5": {"start_time": 27.532698412698412, "end_time": 36.8584126984127}, "6": {"start_time": 36.8584126984127, "end_time": 45.89678004535148}}