{"1": {"start_time": 0.0, "end_time": 10.657596371882086}, "2": {"start_time": 10.657596371882086, "end_time": 13.478820861678004}, "3": {"start_time": 13.478820861678004, "end_time": 15.82984126984127}, "4": {"start_time": 15.82984126984127, "end_time": 18.49433106575964}, "5": {"start_time": 18.49433106575964, "end_time": 20.740861678004535}, "6": {"start_time": 20.740861678004535, "end_time": 24.476371882086166}, "7": {"start_time": 24.476371882086166, "end_time": 26.9318820861678}, "8": {"start_time": 26.9318820861678, "end_time": 32.83555555555556}, "9": {"start_time": 32.83555555555556, "end_time": 39.209433106575965}, "10": {"start_time": 39.209433106575965, "end_time": 44.87800453514739}, "11": {"start_time": 44.87800453514739, "end_time": 48.953106575963716}, "12": {"start_time": 48.953106575963716, "end_time": 53.44616780045351}, "13": {"start_time": 53.446167800453516, "end_time": 55.953922902494334}, "14": {"start_time": 55.953922902494334, "end_time": 59.55882086167801}, "15": {"start_time": 59.55882086167801, "end_time": 64.78331065759637}, "16": {"start_time": 64.78331065759637, "end_time": 71.52290249433106}, "17": {"start_time": 71.52290249433106, "end_time": 74.52698412698412}, "18": {"start_time": 74.52698412698413, "end_time": 77.89678004535148}, "19": {"start_time": 77.89678004535148, "end_time": 80.45678004535148}, "20": {"start_time": 80.45678004535148, "end_time": 84.14004535147393}, "21": {"start_time": 84.14004535147393, "end_time": 86.51718820861679}, "22": {"start_time": 86.51718820861679, "end_time": 89.80861678004536}, "23": {"start_time": 89.80861678004536, "end_time": 93.30902494331066}, "24": {"start_time": 93.30902494331066, "end_time": 99.76126984126985}, "25": {"start_time": 99.76126984126984, "end_time": 104.72453514739229}, "26": {"start_time": 104.72453514739229, "end_time": 106.918820861678}, "27": {"start_time": 106.918820861678, "end_time": 111.22902494331065}, "28": {"start_time": 111.22902494331066, "end_time": 114.18086167800453}, "29": {"start_time": 114.18086167800453, "end_time": 116.89759637188209}, "30": {"start_time": 116.89759637188209, "end_time": 119.90167800453514}, "31": {"start_time": 119.90167800453514, "end_time": 185.0249433106576}, "32": {"start_time": 185.0249433106576, "end_time": 187.34984126984128}, "33": {"start_time": 187.34984126984128, "end_time": 189.98820861678004}, "34": {"start_time": 189.98820861678004, "end_time": 193.93269841269841}, "35": {"start_time": 193.93269841269841, "end_time": 197.4592290249433}, "36": {"start_time": 197.4592290249433, "end_time": 199.83637188208615}, "37": {"start_time": 199.83637188208615, "end_time": 208.82249433106574}, "38": {"start_time": 208.82249433106577, "end_time": 213.57678004535148}, "39": {"start_time": 213.57678004535148, "end_time": 219.48045351473922}, "40": {"start_time": 219.48045351473922, "end_time": 227.31718820861678}, "41": {"start_time": 227.31718820861678, "end_time": 231.54902494331066}, "42": {"start_time": 231.54902494331066, "end_time": 234.6314739229025}, "43": {"start_time": 234.6314739229025, "end_time": 239.85596371882087}, "44": {"start_time": 239.85596371882087, "end_time": 244.8975963718821}, "45": {"start_time": 244.8975963718821, "end_time": 252.264126984127}, "46": {"start_time": 252.264126984127, "end_time": 258.58575963718823}, "47": {"start_time": 258.58575963718823, "end_time": 264.4371882086168}, "48": {"start_time": 264.43718820861676, "end_time": 271.33351473922903}, "49": {"start_time": 271.33351473922903, "end_time": 277.31555555555553}, "50": {"start_time": 277.31555555555553, "end_time": 282.8796371882086}, "51": {"start_time": 282.8796371882086, "end_time": 286.40616780045355}, "52": {"start_time": 286.4061678004535, "end_time": 295.4184126984127}, "53": {"start_time": 295.4184126984127, "end_time": 300.4078004535147}, "54": {"start_time": 300.40780045351477, "end_time": 305.52780045351477}, "55": {"start_time": 305.5278004535147, "end_time": 310.1775963718821}, "56": {"start_time": 310.1775963718821, "end_time": 327.8102494331066}}