{"1": {"start_time": 0.0, "end_time": 14.1318820861678}, "2": {"start_time": 14.131882086167801, "end_time": 20.140045351473923}, "3": {"start_time": 20.140045351473923, "end_time": 25.67800453514739}, "4": {"start_time": 25.67800453514739, "end_time": 36.75392290249433}, "5": {"start_time": 36.75392290249433, "end_time": 41.9784126984127}}