{"1": {"start_time": 0.0, "end_time": 6.321269841269841}, "2": {"start_time": 6.321269841269841, "end_time": 22.778412698412698}, "3": {"start_time": 22.778412698412698, "end_time": 54.41269841269841}, "4": {"start_time": 54.41269841269841, "end_time": 65.09678004535147}, "5": {"start_time": 65.09678004535148, "end_time": 76.35555555555555}, "6": {"start_time": 76.35555555555555, "end_time": 88.29351473922902}, "7": {"start_time": 88.29351473922902, "end_time": 97.38412698412698}, "8": {"start_time": 97.38412698412698, "end_time": 116.03555555555555}, "9": {"start_time": 116.03555555555556, "end_time": 128.75718820861678}, "10": {"start_time": 128.75718820861678, "end_time": 143.77759637188208}, "11": {"start_time": 143.77759637188208, "end_time": 163.52616780045352}, "12": {"start_time": 163.52616780045352, "end_time": 187.37596371882086}, "13": {"start_time": 187.37596371882086, "end_time": 209.55392290249432}, "14": {"start_time": 209.55392290249432, "end_time": 224.75718820861678}, "15": {"start_time": 224.75718820861678, "end_time": 261.093514739229}, "16": {"start_time": 261.093514739229, "end_time": 274.96453514739227}, "17": {"start_time": 274.96453514739227, "end_time": 283.92453514739225}, "18": {"start_time": 283.9245351473923, "end_time": 293.093514739229}, "19": {"start_time": 293.093514739229, "end_time": 305.8673922902494}, "20": {"start_time": 305.8673922902494, "end_time": 313.39065759637185}, "21": {"start_time": 313.3906575963719, "end_time": 325.5637188208617}, "22": {"start_time": 325.56371882086165, "end_time": 336.8747392290249}, "23": {"start_time": 336.87473922902495, "end_time": 355.238820861678}, "24": {"start_time": 355.238820861678, "end_time": 371.6175963718821}, "25": {"start_time": 371.6175963718821, "end_time": 386.2984126984127}, "26": {"start_time": 386.2984126984127, "end_time": 409.1555555555555}, "27": {"start_time": 409.15555555555557, "end_time": 437.70739229024946}, "28": {"start_time": 437.70739229024946, "end_time": 468.2967800453515}, "29": {"start_time": 468.29678004535145, "end_time": 498.93841269841266}, "30": {"start_time": 498.9384126984127, "end_time": 512.6526984126984}, "31": {"start_time": 512.6526984126984, "end_time": 539.8461678004535}, "32": {"start_time": 539.8461678004535, "end_time": 563.3824943310657}, "33": {"start_time": 563.3824943310658, "end_time": 582.1645351473924}, "34": {"start_time": 582.1645351473923, "end_time": 612.38820861678}, "35": {"start_time": 612.38820861678, "end_time": 624.613514739229}, "36": {"start_time": 624.613514739229, "end_time": 665.6518820861678}, "37": {"start_time": 665.6518820861678, "end_time": 698.4616780045352}, "38": {"start_time": 698.4616780045352, "end_time": 714.2918820861679}, "39": {"start_time": 714.2918820861678, "end_time": 736.9400453514739}, "40": {"start_time": 736.9400453514739, "end_time": 751.8037188208617}, "41": {"start_time": 751.8037188208617, "end_time": 766.0143310657597}, "42": {"start_time": 766.0143310657596, "end_time": 785.1620861678005}, "43": {"start_time": 785.1620861678005, "end_time": 792.6853514739229}, "44": {"start_time": 792.6853514739229, "end_time": 814.0012698412698}, "45": {"start_time": 814.0012698412698, "end_time": 833.3580045351474}, "46": {"start_time": 833.3580045351474, "end_time": 849.0837188208617}, "47": {"start_time": 849.0837188208617, "end_time": 857.5996371882086}, "48": {"start_time": 857.5996371882086, "end_time": 868.2053514739229}, "49": {"start_time": 868.2053514739229, "end_time": 887.6404535147392}, "50": {"start_time": 887.6404535147392, "end_time": 907.5457596371882}, "51": {"start_time": 907.5457596371882, "end_time": 919.3792290249434}, "52": {"start_time": 919.3792290249434, "end_time": 934.3212698412699}, "53": {"start_time": 934.3212698412699, "end_time": 945.6845351473924}, "54": {"start_time": 945.6845351473922, "end_time": 959.5033106575963}, "55": {"start_time": 959.5033106575963, "end_time": 972.4078004535147}, "56": {"start_time": 972.4078004535147, "end_time": 982.2037188208617}, "57": {"start_time": 982.2037188208617, "end_time": 998.9743310657597}, "58": {"start_time": 998.9743310657597, "end_time": 1008.1433106575964}, "59": {"start_time": 1008.1433106575963, "end_time": 1020.002902494331}, "60": {"start_time": 1020.002902494331, "end_time": 1042.3114739229025}, "61": {"start_time": 1042.3114739229025, "end_time": 1056.3653514739228}, "62": {"start_time": 1056.3653514739228, "end_time": 1090.4290249433107}, "63": {"start_time": 1090.4290249433107, "end_time": 1109.9163718820862}, "64": {"start_time": 1109.9163718820862, "end_time": 1136.0649433106576}, "65": {"start_time": 1136.0649433106576, "end_time": 1158.190657596372}, "66": {"start_time": 1158.190657596372, "end_time": 1180.08126984127}, "67": {"start_time": 1180.08126984127, "end_time": 1205.7073922902496}, "68": {"start_time": 1205.7073922902493, "end_time": 1225.9261678004534}, "69": {"start_time": 1225.9261678004534, "end_time": 1240.6853514739228}, "70": {"start_time": 1240.685351473923, "end_time": 1273.6257596371884}, "71": {"start_time": 1273.6257596371881, "end_time": 1300.5057596371882}, "72": {"start_time": 1300.5057596371882, "end_time": 1329.057596371882}, "73": {"start_time": 1329.057596371882, "end_time": 1366.7784126984127}, "74": {"start_time": 1366.7784126984127, "end_time": 1384.358820861678}, "75": {"start_time": 1384.358820861678, "end_time": 1399.4053514739228}, "76": {"start_time": 1399.4053514739228, "end_time": 1439.9996371882085}, "77": {"start_time": 1439.9996371882087, "end_time": 1478.7914739229025}, "78": {"start_time": 1478.7914739229025, "end_time": 1501.5180045351474}, "79": {"start_time": 1501.5180045351474, "end_time": 1525.0282086167801}, "80": {"start_time": 1525.0282086167801, "end_time": 1549.7661678004536}, "81": {"start_time": 1549.7661678004536, "end_time": 1590.125351473923}, "82": {"start_time": 1590.1253514739228, "end_time": 1625.4167800453513}, "83": {"start_time": 1625.4167800453515, "end_time": 1634.7686167800455}, "84": {"start_time": 1634.7686167800452, "end_time": 1646.3408616780043}, "85": {"start_time": 1646.3408616780046, "end_time": 1663.2943310657597}, "86": {"start_time": 1663.2943310657597, "end_time": 1675.4151473922902}, "87": {"start_time": 1675.4151473922902, "end_time": 1705.4820861678004}, "88": {"start_time": 1705.4820861678004, "end_time": 1717.341678004535}, "89": {"start_time": 1717.3416780045352, "end_time": 1733.3808616780045}, "90": {"start_time": 1733.3808616780045, "end_time": 1770.4486167800453}, "91": {"start_time": 1770.4486167800453, "end_time": 1792.8355555555554}, "92": {"start_time": 1792.8355555555556, "end_time": 1812.9759637188208}, "93": {"start_time": 1812.9759637188208, "end_time": 1852.6298412698413}, "94": {"start_time": 1852.6298412698413, "end_time": 1877.7596371882087}, "95": {"start_time": 1877.7596371882087, "end_time": 1902.837188208617}, "96": {"start_time": 1902.8371882086167, "end_time": 1919.7645351473923}, "97": {"start_time": 1919.7645351473923, "end_time": 1941.158820861678}, "98": {"start_time": 1941.158820861678, "end_time": 1966.0273922902493}, "99": {"start_time": 1966.0273922902495, "end_time": 1975.980045351474}, "100": {"start_time": 1975.980045351474, "end_time": 1987.9702494331066}, "101": {"start_time": 1987.9702494331066, "end_time": 2000.744126984127}, "102": {"start_time": 2000.744126984127, "end_time": 2025.0118820861678}, "103": {"start_time": 2025.0118820861678, "end_time": 2043.5326984126984}, "104": {"start_time": 2043.5326984126984, "end_time": 2065.423310657596}, "105": {"start_time": 2065.423310657596, "end_time": 2078.5890249433105}, "106": {"start_time": 2078.5890249433105, "end_time": 2096.3261678004533}, "107": {"start_time": 2096.3261678004537, "end_time": 2137.6780045351475}, "108": {"start_time": 2137.6780045351475, "end_time": 2153.3514739229026}, "109": {"start_time": 2153.3514739229026, "end_time": 2170.749024943311}, "110": {"start_time": 2170.749024943311,