{"1": {"start_time": 0.0, "end_time": 17.24045351473923}, "2": {"start_time": 17.24045351473923, "end_time": 31.137596371882086}, "3": {"start_time": 31.137596371882086, "end_time": 50.18086167800453}, "4": {"start_time": 50.18086167800453, "end_time": 63.0853514739229}, "5": {"start_time": 63.085351473922906, "end_time": 82.91229024943311}, "6": {"start_time": 82.91229024943311, "end_time": 93.36126984126984}, "7": {"start_time": 93.36126984126984, "end_time": 104.25433106575964}, "8": {"start_time": 104.25433106575964, "end_time": 123.21922902494332}, "9": {"start_time": 123.21922902494332, "end_time": 143.69922902494332}, "10": {"start_time": 143.69922902494332, "end_time": 156.55147392290252}, "11": {"start_time": 156.5514739229025, "end_time": 165.4853514739229}, "12": {"start_time": 165.4853514739229, "end_time": 179.5653514739229}, "13": {"start_time": 179.5653514739229, "end_time": 193.04453514739228}, "14": {"start_time": 193.04453514739228, "end_time": 200.3065759637188}, "15": {"start_time": 200.3065759637188, "end_time": 215.6665759637188}, "16": {"start_time": 215.66657596371883, "end_time": 229.4592290249433}, "17": {"start_time": 229.4592290249433, "end_time": 245.78575963718822}, "18": {"start_time": 245.78575963718822, "end_time": 255.26820861678004}, "19": {"start_time": 255.26820861678004, "end_time": 280.3457596371882}, "20": {"start_time": 280.3457596371882, "end_time": 300.1726984126984}, "21": {"start_time": 300.1726984126984, "end_time": 314.1220861678005}, "22": {"start_time": 314.12208616780043, "end_time": 332.77351473922903}, "23": {"start_time": 332.77351473922903, "end_time": 347.82004535147394}, "24": {"start_time": 347.82004535147394, "end_time": 355.50004535147394}, "25": {"start_time": 355.50004535147394, "end_time": 365.2437188208617}, "26": {"start_time": 365.24371882086166, "end_time": 378.72290249433104}, "27": {"start_time": 378.72290249433104, "end_time": 396.198820861678}, "28": {"start_time": 396.19882086167803, "end_time": 416.5482086167801}, "29": {"start_time": 416.5482086167801, "end_time": 432.169433106576}, "30": {"start_time": 432.169433106576, "end_time": 450.6380045351474}}