{"1": {"start_time": 0.0, "end_time": 6.0600453514739225}, "2": {"start_time": 6.0600453514739225, "end_time": 18.337596371882086}, "3": {"start_time": 18.337596371882086, "end_time": 25.10331065759637}, "4": {"start_time": 25.10331065759637, "end_time": 33.88045351473923}, "5": {"start_time": 33.88045351473923, "end_time": 44.486167800453515}, "6": {"start_time": 44.486167800453515, "end_time": 52.5318820861678}, "7": {"start_time": 52.5318820861678, "end_time": 63.34657596371882}, "8": {"start_time": 63.34657596371882, "end_time": 73.6126984126984}, "9": {"start_time": 73.6126984126984, "end_time": 86.67392290249433}, "10": {"start_time": 86.67392290249433, "end_time": 95.7122902494331}, "11": {"start_time": 95.71229024943311, "end_time": 102.92208616780046}, "12": {"start_time": 102.92208616780046, "end_time": 112.01269841269841}, "13": {"start_time": 112.01269841269841, "end_time": 118.25596371882087}, "14": {"start_time": 118.25596371882087, "end_time": 125.90984126984128}, "15": {"start_time": 125.90984126984127, "end_time": 137.638820861678}, "16": {"start_time": 137.638820861678, "end_time": 149.55065759637188}, "17": {"start_time": 149.55065759637188, "end_time": 161.20126984126983}, "18": {"start_time": 161.20126984126983, "end_time": 167.83637188208615}, "19": {"start_time": 167.83637188208615, "end_time": 176.22167800453514}, "20": {"start_time": 176.22167800453514, "end_time": 193.01841269841267}, "21": {"start_time": 193.0184126984127, "end_time": 202.29188208616782}, "22": {"start_time": 202.2918820861678, "end_time": 218.5661678004535}, "23": {"start_time": 218.5661678004535, "end_time": 242.41596371882088}, "24": {"start_time": 242.41596371882085, "end_time": 250.01759637188206}, "25": {"start_time": 250.0175963718821, "end_time": 260.07473922902494}, "26": {"start_time": 260.07473922902494, "end_time": 269.94902494331063}, "27": {"start_time": 269.94902494331063, "end_time": 281.4690249433106}, "28": {"start_time": 281.46902494331067, "end_time": 293.74657596371884}, "29": {"start_time": 293.74657596371884, "end_time": 309.9163718820862}, "30": {"start_time": 309.9163718820862, "end_time": 319.529433106576}, "31": {"start_time": 319.52943310657594, "end_time": 326.86984126984123}, "32": {"start_time": 326.8698412698413, "end_time": 336.9531065759637}, "33": {"start_time": 336.9531065759637, "end_time": 346.409433106576}, "34": {"start_time": 346.409433106576, "end_time": 358.504126984127}, "35": {"start_time": 358.50412698412697, "end_time": 365.1914739229025}, "36": {"start_time": 365.1914739229025, "end_time": 373.05433106575964}, "37": {"start_time": 373.05433106575964, "end_time": 382.0143310657596}, "38": {"start_time": 382.0143310657596, "end_time": 388.38820861678005}, "39": {"start_time": 388.38820861678005, "end_time": 393.50820861678005}, "40": {"start_time": 393.50820861678005, "end_time": 407.5098412698413}, "41": {"start_time": 407.5098412698413, "end_time": 413.2306575963719}, "42": {"start_time": 413.2306575963719, "end_time": 419.65678004535147}, "43": {"start_time": 419.65678004535147, "end_time": 430.9678004535147}, "44": {"start_time": 430.9678004535147, "end_time": 438.4649433106576}, "45": {"start_time": 438.4649433106576, "end_time": 450.9253514739229}, "46": {"start_time": 450.9253514739229, "end_time": 459.44126984126984}, "47": {"start_time": 459.44126984126984, "end_time": 465.5539229024943}, "48": {"start_time": 465.5539229024943, "end_time": 476.99555555555554}, "49": {"start_time": 476.99555555555554, "end_time": 487.1310657596372}, "50": {"start_time": 487.1310657596372, "end_time": 498.729433106576}, "51": {"start_time": 498.729433106576, "end_time": 506.278820861678}, "52": {"start_time": 506.278820861678, "end_time": 513.2796371882087}, "53": {"start_time": 513.2796371882087, "end_time": 524.5122902494331}, "54": {"start_time": 524.5122902494331, "end_time": 533.3155555555555}, "55": {"start_time": 533.3155555555555, "end_time": 544.3392290249433}, "56": {"start_time": 544.3392290249433, "end_time": 553.2208616780046}, "57": {"start_time": 553.2208616780046, "end_time": 566.5955555555556}, "58": {"start_time": 566.5955555555555, "end_time": 572.9433106575963}, "59": {"start_time": 572.9433106575964, "end_time": 584.6722902494331}, "60": {"start_time": 584.6722902494331, "end_time": 594.1286167800454}, "61": {"start_time": 594.1286167800454, "end_time": 603.7155555555556}, "62": {"start_time": 603.7155555555555, "end_time": 611.9441269841269}, "63": {"start_time": 611.944126984127, "end_time": 619.2061678004535}, "64": {"start_time": 619.2061678004535, "end_time": 627.0429024943311}, "65": {"start_time": 627.0429024943311, "end_time": 634.5139229024943}, "66": {"start_time": 634.5139229024943, "end_time": 650.5269841269841}, "67": {"start_time": 650.5269841269841, "end_time": 667.1408616780045}, "68": {"start_time": 667.1408616780045, "end_time": 674.6641269841269}, "69": {"start_time": 674.6641269841269, "end_time": 684.7212698412698}, "70": {"start_time": 684.7212698412699, "end_time": 689.8412698412699}, "71": {"start_time": 689.8412698412699, "end_time": 697.2861678004535}, "72": {"start_time": 697.2861678004535, "end_time": 709.3286167800454}, "73": {"start_time": 709.3286167800453, "end_time": 716.7473922902494}, "74": {"start_time": 716.7473922902494, "end_time": 722.2331065759637}, "75": {"start_time": 722.2331065759637, "end_time": 738.7686167800454}, "76": {"start_time": 738.7686167800454, "end_time": 746.4224943310658}, "77": {"start_time": 746.4224943310658, "end_time": 753.0837188208617}, "78": {"start_time": 753.0837188208617, "end_time": 760.6853514739229}, "79": {"start_time": 760.6853514739229, "end_time": 768.3392290249433}, "80": {"start_time": 768.3392290249433, "end_time": 779.0755555555555}, "81": {"start_time": 779.0755555555555, "end_time": 785.7367800453515}, "82": {"start_time": 785.7367800453515, "end_time": 794.0959637188208}, "83": {"start_time": 794.0959637188208, "end_time": 802.0371882086167}, "84": {"start_time": 802.0371882086167, "end_time": 807.3139229024943}, "85": {"start_time": 807.3139229024944, "end_time": 816.4306575963719}, "86": {"start_time": 816.4306575963719, "end_time": 835.8657596371883}, "87": {"start_time": 835.8657596371883, "end_time": 842.474739229025}, "88": {"start_time": 842.474739229025, "end_time": 852.8714739229025}, "89": {"start_time": 852.8714739229025, "end_time": 874.657596371882}, "90": {"start_time": 874.657596371882, "end_time": 883.6959637188208}, "91": {"start_time": 883.6959637188208, "end_time": 892.4208616780045}, "92": {"start_time": 892.4208616780045, "end_time": 898.6902494331065}, "93": {"start_time": 898.6902494331066, "end_time": 905.2208616780046}, "94": {"start_time": 905.2208616780046, "end_time": 910.7849433106576}, "95": {"start_time": 910.7849433106576, "end_time": 917.9424943310657}, "96": {"start_time": 917.9424943310657, "end_time": 924.4992290249432}, "97": {"start_time": 924.4992290249434, "end_time": 935.3400453514739}, "98": {"start_time": 935.3400453514739, "end_time": 943.5424943310658}, "99": {"start_time": 943.5424943310658, "end_time": 951.6665759637189}, "100": {"start_time": 951.6665759637189, "end_time": 960.4959637188209}}