{"1": {"start_time": 0.0, "end_time": 9.84780045351474}, "3": {"start_time": 9.84780045351474, "end_time": 14.236371882086168}, "4": {"start_time": 14.236371882086168, "end_time": 19.774331065759636}, "5": {"start_time": 19.774331065759636, "end_time": 23.326984126984126}, "6": {"start_time": 23.326984126984126, "end_time": 27.79392290249433}, "7": {"start_time": 27.79392290249433, "end_time": 31.947392290249432}, "8": {"start_time": 31.947392290249432, "end_time": 36.15310657596372}, "9": {"start_time": 36.15310657596372, "end_time": 40.3849433106576}}