{"1": {"start_time": 0.0, "end_time": 12.094331065759636}, "3": {"start_time": 12.094331065759636, "end_time": 28.838820861678002}, "4": {"start_time": 28.838820861678006, "end_time": 34.193922902494336}, "5": {"start_time": 34.19392290249433, "end_time": 58.278820861678}, "6": {"start_time": 58.27882086167801, "end_time": 84.42739229024943}, "7": {"start_time": 84.42739229024943, "end_time": 121.86086167800454}, "8": {"start_time": 121.86086167800454, "end_time": 131.31718820861678}, "9": {"start_time": 131.31718820861678, "end_time": 141.5049433106576}, "10": {"start_time": 141.5049433106576, "end_time": 154.06984126984128}, "11": {"start_time": 154.06984126984128, "end_time": 181.34167800453514}, "12": {"start_time": 181.34167800453514, "end_time": 218.33106575963717}, "13": {"start_time": 218.3310657596372, "end_time": 248.47637188208617}, "14": {"start_time": 248.47637188208617, "end_time": 261.0673922902494}, "15": {"start_time": 261.0673922902494, "end_time": 280.76371882086164}, "16": {"start_time": 280.7637188208617, "end_time": 317.49188208616783}, "17": {"start_time": 317.4918820861678, "end_time": 351.71229024943307}, "18": {"start_time": 351.7122902494331, "end_time": 384.05188208616784}, "19": {"start_time": 384.0518820861678, "end_time": 408.13678004535143}, "20": {"start_time": 408.1367800453515, "end_time": 417.9849433106576}, "21": {"start_time": 417.98494331065757, "end_time": 444.52535147392285}, "22": {"start_time": 444.5253514739229, "end_time": 457.4559637188209}, "23": {"start_time": 457.45596371882084, "end_time": 470.51718820861674}, "24": {"start_time": 470.5171882086168, "end_time": 483.3955555555556}, "25": {"start_time": 483.3955555555556, "end_time": 502.7784126984127}, "26": {"start_time": 502.7784126984127, "end_time": 557.6355555555556}, "27": {"start_time": 557.6355555555556, "end_time": 592.744126984127}, "28": {"start_time": 592.744126984127, "end_time": 629.6812698412698}, "29": {"start_time": 629.6812698412698, "end_time": 645.3547392290249}, "30": {"start_time": 645.354739229025, "end_time": 722.7033106575964}}