{"1": {"start_time": 0.0, "end_time": 5.955555555555556}, "2": {"start_time": 5.955555555555556, "end_time": 7.810249433106576}, "3": {"start_time": 7.810249433106576, "end_time": 10.84045351473923}, "4": {"start_time": 10.84045351473923, "end_time": 15.25514739229025}, "5": {"start_time": 15.25514739229025, "end_time": 20.427392290249433}, "6": {"start_time": 20.427392290249433, "end_time": 25.442902494331065}, "7": {"start_time": 25.442902494331065, "end_time": 30.66739229024943}, "8": {"start_time": 30.667392290249435, "end_time": 37.77269841269842}, "9": {"start_time": 37.77269841269841, "end_time": 43.8853514739229}, "10": {"start_time": 43.8853514739229, "end_time": 48.79637188208617}, "11": {"start_time": 48.79637188208617, "end_time": 55.039637188208616}, "12": {"start_time": 55.039637188208616, "end_time": 60.91718820861678}}