{"1": {"start_time": 0.0, "end_time": 14.889433106575964}, "3": {"start_time": 14.889433106575964, "end_time": 34.42902494331066}, "4": {"start_time": 34.42902494331066, "end_time": 53.890249433106575}, "5": {"start_time": 53.890249433106575, "end_time": 103.75800453514739}, "6": {"start_time": 103.75800453514739, "end_time": 107.8853514739229}, "7": {"start_time": 107.8853514739229, "end_time": 113.65841269841269}, "8": {"start_time": 113.6584126984127, "end_time": 129.41024943310657}, "9": {"start_time": 129.41024943310657, "end_time": 136.4371882086168}, "10": {"start_time": 136.4371882086168, "end_time": 147.9571882086168}, "11": {"start_time": 147.95718820861677, "end_time": 167.28780045351473}, "12": {"start_time": 167.28780045351473, "end_time": 179.4869841269841}, "13": {"start_time": 179.48698412698414, "end_time": 207.59473922902495}, "14": {"start_time": 207.59473922902495, "end_time": 226.664126984127}, "15": {"start_time": 226.664126984127, "end_time": 245.47229024943312}, "16": {"start_time": 245.47229024943312, "end_time": 310.7784126984127}, "17": {"start_time": 310.7784126984127, "end_time": 342.6478004535147}, "18": {"start_time": 342.6478004535147, "end_time": 351.11147392290246}, "19": {"start_time": 351.1114739229025, "end_time": 373.44616780045357}, "20": {"start_time": 373.4461678004535, "end_time": 396.1726984126984}, "21": {"start_time": 396.1726984126984, "end_time": 430.00126984126985}, "22": {"start_time": 430.00126984126985, "end_time": 444.8649433106576}, "23": {"start_time": 444.8649433106576, "end_time": 457.5865759637189}, "24": {"start_time": 457.5865759637188, "end_time": 470.3343310657596}, "25": {"start_time": 470.3343310657596, "end_time": 485.85106575963715}, "26": {"start_time": 485.8510657596372, "end_time": 503.7971882086168}, "27": {"start_time": 503.7971882086168, "end_time": 519.9408616780046}, "28": {"start_time": 519.9408616780046, "end_time": 530.8861678004536}, "29": {"start_time": 530.8861678004536, "end_time": 544.5220861678005}, "30": {"start_time": 544.5220861678005, "end_time": 555.5457596371882}, "31": {"start_time": 555.5457596371882, "end_time": 576.2086167800453}, "32": {"start_time": 576.2086167800453, "end_time": 589.2437188208617}, "33": {"start_time": 589.2437188208617, "end_time": 618.474739229025}, "34": {"start_time": 618.474739229025, "end_time": 633.4429024943311}, "35": {"start_time": 633.4429024943311, "end_time": 649.6126984126984}, "36": {"start_time": 649.6126984126984, "end_time": 663.9800453514739}, "37": {"start_time": 663.9800453514739, "end_time": 681.1424943310658}, "38": {"start_time": 681.1424943310658, "end_time": 690.1547392290249}, "39": {"start_time": 690.1547392290249, "end_time": 738.3245351473922}}