{"1": {"start_time": 0.0, "end_time": 14.706575963718821}, "3": {"start_time": 14.706575963718821, "end_time": 59.66331065759637}, "4": {"start_time": 59.66331065759637, "end_time": 76.43392290249433}, "5": {"start_time": 76.43392290249433, "end_time": 96.15637188208616}, "6": {"start_time": 96.15637188208616, "end_time": 112.87473922902494}, "7": {"start_time": 112.87473922902494, "end_time": 144.87473922902495}, "8": {"start_time": 144.87473922902495, "end_time": 198.21678004535147}, "9": {"start_time": 198.21678004535147, "end_time": 231.28780045351473}, "10": {"start_time": 231.28780045351473, "end_time": 277.733514739229}, "11": {"start_time": 277.733514739229, "end_time": 322.11555555555555}, "12": {"start_time": 322.11555555555555, "end_time": 363.12780045351474}, "13": {"start_time": 363.12780045351474, "end_time": 383.0592290249433}, "14": {"start_time": 383.0592290249433, "end_time": 399.49024943310656}, "15": {"start_time": 399.49024943310656, "end_time": 428.30294784580497}, "16": {"start_time": 428.30294784580497, "end_time": 444.36825396825395}, "17": {"start_time": 444.36825396825395, "end_time": 466.2588662131519}, "18": {"start_time": 466.2588662131519, "end_time": 484.1527437641723}, "19": {"start_time": 484.1527437641723, "end_time": 507.48009070294785}, "20": {"start_time": 507.48009070294785, "end_time": 523.2580498866213}, "21": {"start_time": 523.2580498866213, "end_time": 540.8384580498866}, "22": {"start_time": 540.8384580498866, "end_time": 567.0131519274377}, "23": {"start_time": 567.0131519274377, "end_time": 582.2686621315192}, "24": {"start_time": 582.2686621315192, "end_time": 605.2041723356009}, "25": {"start_time": 605.2041723356009, "end_time": 628.1135600907029}}