{"1": {"start_time": 0.0, "end_time": 30.353922902494332}, "2": {"start_time": 30.353922902494332, "end_time": 46.001269841269846}, "3": {"start_time": 46.00126984126984, "end_time": 57.10331065759637}, "4": {"start_time": 57.103310657596374, "end_time": 82.05024943310659}, "5": {"start_time": 82.05024943310657, "end_time": 115.72208616780046}, "6": {"start_time": 115.72208616780046, "end_time": 132.49269841269842}, "7": {"start_time": 132.49269841269842, "end_time": 169.53433106575963}, "8": {"start_time": 169.53433106575963, "end_time": 184.47637188208617}, "9": {"start_time": 184.47637188208617, "end_time": 206.1580045351474}, "10": {"start_time": 206.1580045351474, "end_time": 216.7375963718821}, "11": {"start_time": 216.7375963718821, "end_time": 229.77269841269842}, "12": {"start_time": 229.77269841269842, "end_time": 264.54167800453513}, "13": {"start_time": 264.54167800453513, "end_time": 282.5400453514739}, "14": {"start_time": 282.5400453514739, "end_time": 289.7498412698412}, "15": {"start_time": 289.7498412698413, "end_time": 314.46167800453514}, "16": {"start_time": 314.46167800453514, "end_time": 335.80371882086166}, "17": {"start_time": 335.80371882086166, "end_time": 350.64126984126983}, "18": {"start_time": 350.64126984126983, "end_time": 388.02249433106573}, "19": {"start_time": 388.0224943310658, "end_time": 403.3563718820862}, "20": {"start_time": 403.3563718820862, "end_time": 425.84780045351476}, "21": {"start_time": 425.84780045351476, "end_time": 441.02494331065765}, "22": {"start_time": 441.0249433106576, "end_time": 450.08943310657594}, "23": {"start_time": 450.08943310657594, "end_time": 489.2469841269841}, "24": {"start_time": 489.2469841269841, "end_time": 500.63637188208617}, "25": {"start_time": 500.63637188208617, "end_time": 514.5073922902494}, "26": {"start_time": 514.5073922902494, "end_time": 524.2771882086167}, "27": {"start_time": 524.2771882086167, "end_time": 536.9465759637188}, "28": {"start_time": 536.9465759637188, "end_time": 554.213514739229}, "29": {"start_time": 554.213514739229, "end_time": 567.2224943310657}, "30": {"start_time": 567.2224943310657, "end_time": 582.6608616780045}, "31": {"start_time": 582.6608616780045, "end_time": 599.144126984127}, "32": {"start_time": 599.144126984127, "end_time": 610.3506575963719}, "33": {"start_time": 610.3506575963719, "end_time": 634.4878004535148}, "34": {"start_time": 634.4878004535148, "end_time": 651.1016780045352}, "35": {"start_time": 651.1016780045352, "end_time": 665.5212698412698}, "36": {"start_time": 665.5212698412698, "end_time": 680.7245351473923}, "37": {"start_time": 680.7245351473923, "end_time": 693.02820861678}, "38": {"start_time": 693.02820861678, "end_time": 700.9694331065759}, "39": {"start_time": 700.9694331065759, "end_time": 721.9196371882086}, "40": {"start_time": 721.9196371882086, "end_time": 738.0894331065759}, "41": {"start_time": 738.0894331065759, "end_time": 748.8518820861677}, "42": {"start_time": 748.8518820861678, "end_time": 761.6257596371883}, "43": {"start_time": 761.6257596371883, "end_time": 770.7424943310658}, "44": {"start_time": 770.7424943310658, "end_time": 795.7416780045352}, "45": {"start_time": 795.7416780045352, "end_time": 809.2731065759638}, "46": {"start_time": 809.2731065759638, "end_time": 832.1563718820862}, "47": {"start_time": 832.1563718820862, "end_time": 855.7188208616781}, "48": {"start_time": 855.718820861678, "end_time": 868.3098412698412}, "49": {"start_time": 868.3098412698413, "end_time": 881.6322902494331}, "50": {"start_time": 881.6322902494331, "end_time": 886.3343310657597}, "51": {"start_time": 886.3343310657597, "end_time": 914.8600453514739}, "52": {"start_time": 914.8600453514739, "end_time": 926.1449433106576}, "53": {"start_time": 926.1449433106576, "end_time": 945.6584126984127}, "54": {"start_time": 945.6584126984127, "end_time": 961.0184126984127}, "55": {"start_time": 961.0184126984127, "end_time": 978.2592290249434}, "56": {"start_time": 978.2592290249434, "end_time": 991.5033106575964}, "57": {"start_time": 991.5033106575963, "end_time": 1017.6257596371881}, "58": {"start_time": 1017.6257596371883, "end_time": 1036.904126984127}, "59": {"start_time": 1036.904126984127, "end_time": 1064.7767800453516}, "60": {"start_time": 1064.7767800453514, "end_time": 1096.9596371882085}, "61": {"start_time": 1096.9596371882087, "end_time": 1119.790657596372}, "62": {"start_time": 1119.7906575963718, "end_time": 1139.7743310657595}, "63": {"start_time": 1139.7743310657597, "end_time": 1154.402902494331}, "64": {"start_time": 1154.402902494331, "end_time": 1177.7563718820861}, "65": {"start_time": 1177.7563718820861, "end_time": 1188.6755555555555}, "66": {"start_time": 1188.6755555555555, "end_time": 1202.0502494331065}, "67": {"start_time": 1202.0502494331065, "end_time": 1223.0265759637186}, "68": {"start_time": 1223.0265759637189, "end_time": 1241.782494331066}, "69": {"start_time": 1241.7824943310657, "end_time": 1267.6437188208615}, "70": {"start_time": 1267.6437188208617, "end_time": 1293.687800453515}, "71": {"start_time": 1293.6878004535147, "end_time": 1312.1302494331064}, "72": {"start_time": 1312.1302494331067, "end_time": 1323.4673922902496}, "73": {"start_time": 1323.4673922902493, "end_time": 1339.9767800453515}, "74": {"start_time": 1339.9767800453515, "end_time": 1351.0265759637189}, "75": {"start_time": 1351.0265759637189, "end_time": 1362.1808616780045}, "76": {"start_time": 1362.1808616780045, "end_time": 1376.6004535147392}, "77": {"start_time": 1376.6004535147392, "end_time": 1389.0608616780046}, "78": {"start_time": 1389.0608616780046, "end_time": 1402.853514739229}, "79": {"start_time": 1402.853514739229, "end_time": 1416.3065759637188}, "80": {"start_time": 1416.3065759637188, "end_time": 1432.946575963719}, "81": {"start_time": 1432.9465759637187, "end_time": 1443.7090249433106}, "82": {"start_time": 1443.7090249433106, "end_time": 1459.7220861678004}, "83": {"start_time": 1459.7220861678004, "end_time": 1474.0894331065758}, "84": {"start_time": 1474.089433106576, "end_time": 1484.7996371882086}, "85": {"start_time": 1484.7996371882086, "end_time": 1500.1596371882085}, "86": {"start_time": 1500.1596371882085, "end_time": 1516.9302494331064}, "87": {"start_time": 1516.9302494331066, "end_time": 1528.5286167800455}, "88": {"start_time": 1528.5286167800452, "end_time": 1548.8780045351473}, "89": {"start_time": 1548.8780045351473, "end_time": 1564.3686167800452}, "90": {"start_time": 1564.3686167800454, "end_time": 1573.7204535147393}, "91": {"start_time": 1573.7204535147391, "end_time": 1586.8861678004534}, "92": {"start_time": 1586.8861678004534, "end_time": 1601.6192290249433}, "93": {"start_time": 1601.6192290249433, "end_time": 1631.5033106575963}, "94": {"start_time": 1631.5033106575963, "end_time": 1656.1890249433106}, "95": {"start_time": 1656.1890249433106, "end_time": 1677.34820861678}, "96": {"start_time": 1677.34820861678, "end_time": 1691.375963718821}, "97": {"start_time": 1691.375963718821, "end_time": 1728.4175963718822}, "98": {"start_time": 1728.4175963718822, "end_time": 1752.424126984127}, "99": {"start_time": 1752.424126984127, "end_time": 1776.6918820861679}, "100": {"start_time": 1776.6918820861679, "end_time": 1799.0265759637189}, "101": {"start_time": 1799.0265759637189, "end_time": 1827.7351473922904}, "102": {"start_time": 1827.7351473922902, "end_time": 1849.8608616780045}, "103": {"start_time": 1849.8608616780045, "end_time": 1860.466575963719}, "104": {"start_time": 1860.466575963719, "end_time": 1878.125351473923}, "105": {"start_time": 1878.1253514739228, "end_time": 1891.813514739229}, "106": {"start_time": 1891.813514739229, "end_time": 1904.6657596371883}, "107": {"start_time": 1904.665759637188, "end_time": 1927.6273922902494}, "108": {"start_time": 1927.6273922902494, "end_time": 1938.206984126984}, "109": {"start_time": 1938.206984126984, "end_time": 1946.2265759637187}, "110": {"start_time": 1946.226575963719,