{"1": {"start_time": 0.0, "end_time": 10.605351473922902}, "2": {"start_time": 10.605351473922903, "end_time": 14.993922902494333}, "3": {"start_time": 14.993922902494331, "end_time": 18.25922902494331}, "4": {"start_time": 18.25922902494331, "end_time": 21.52453514739229}, "5": {"start_time": 21.52453514739229, "end_time": 24.92045351473923}, "6": {"start_time": 24.92045351473923, "end_time": 28.290249433106577}, "7": {"start_time": 28.290249433106577, "end_time": 31.29433106575964}, "8": {"start_time": 31.294331065759636, "end_time": 36.78004535147392}, "9": {"start_time": 36.78004535147392, "end_time": 39.86249433106576}, "10": {"start_time": 39.86249433106576, "end_time": 47.020045351473925}, "11": {"start_time": 47.020045351473925, "end_time": 53.02820861678005}, "12": {"start_time": 53.02820861678005, "end_time": 58.67065759637188}, "13": {"start_time": 58.67065759637188, "end_time": 64.65269841269841}, "14": {"start_time": 64.65269841269841, "end_time": 68.98902494331065}, "15": {"start_time": 68.98902494331065, "end_time": 72.90739229024943}, "16": {"start_time": 72.90739229024943, "end_time": 79.1245351473923}, "17": {"start_time": 79.1245351473923, "end_time": 84.8453514739229}, "18": {"start_time": 84.8453514739229, "end_time": 91.2975963718821}, "19": {"start_time": 91.29759637188208, "end_time": 95.79065759637187}, "20": {"start_time": 95.79065759637189, "end_time": 99.50004535147393}, "21": {"start_time": 99.50004535147393, "end_time": 101.8510657596372}, "22": {"start_time": 101.8510657596372, "end_time": 105.3514739229025}, "23": {"start_time": 105.3514739229025, "end_time": 107.83310657596373}, "24": {"start_time": 107.83310657596373, "end_time": 111.72535147392291}, "25": {"start_time": 111.7253514739229, "end_time": 117.70739229024943}, "26": {"start_time": 117.70739229024943, "end_time": 124.5253514739229}, "27": {"start_time": 124.5253514739229, "end_time": 133.22412698412697}, "28": {"start_time": 133.224126984127, "end_time": 137.14249433106576}, "29": {"start_time": 137.14249433106576, "end_time": 141.97514739229024}, "30": {"start_time": 141.97514739229024, "end_time": 146.18086167800453}, "31": {"start_time": 146.18086167800453, "end_time": 152.60698412698412}, "32": {"start_time": 152.60698412698412, "end_time": 155.61106575963717}, "33": {"start_time": 155.6110657596372, "end_time": 159.84290249433107}, "34": {"start_time": 159.84290249433107, "end_time": 169.14249433106576}, "35": {"start_time": 169.14249433106576, "end_time": 174.57596371882087}, "36": {"start_time": 174.57596371882087, "end_time": 179.51310657596372}, "37": {"start_time": 179.51310657596372, "end_time": 183.22249433106575}, "38": {"start_time": 183.22249433106575, "end_time": 187.01024943310657}, "39": {"start_time": 187.01024943310657, "end_time": 191.63392290249433}, "40": {"start_time": 191.63392290249433, "end_time": 200.93351473922903}, "41": {"start_time": 200.93351473922903, "end_time": 206.18412698412698}, "42": {"start_time": 206.18412698412698, "end_time": 212.24453514739227}, "43": {"start_time": 212.2445351473923, "end_time": 217.23392290249433}, "44": {"start_time": 217.23392290249433, "end_time": 221.57024943310657}, "45": {"start_time": 221.57024943310657, "end_time": 230.45188208616779}, "46": {"start_time": 230.4518820861678, "end_time": 243.46086167800456}}