{"1": {"start_time": 0.0, "end_time": 9.638820861678004}, "2": {"start_time": 9.638820861678004, "end_time": 14.654331065759637}, "3": {"start_time": 14.654331065759637, "end_time": 18.703310657596372}, "4": {"start_time": 18.703310657596372, "end_time": 22.125351473922905}, "5": {"start_time": 22.1253514739229, "end_time": 25.9653514739229}, "6": {"start_time": 25.9653514739229, "end_time": 33.30575963718821}, "7": {"start_time": 33.30575963718821, "end_time": 39.7318820861678}, "8": {"start_time": 39.7318820861678, "end_time": 45.42657596371882}, "9": {"start_time": 45.42657596371882, "end_time": 48.482902494331064}, "10": {"start_time": 48.482902494331064, "end_time": 52.296780045351476}, "11": {"start_time": 52.296780045351476, "end_time": 56.34575963718821}, "12": {"start_time": 56.34575963718821, "end_time": 60.57759637188209}, "13": {"start_time": 60.57759637188209, "end_time": 64.96616780045352}, "14": {"start_time": 64.96616780045352, "end_time": 69.04126984126985}, "15": {"start_time": 69.04126984126984, "end_time": 72.12371882086167}, "16": {"start_time": 72.12371882086168, "end_time": 75.67637188208617}, "17": {"start_time": 75.67637188208617, "end_time": 81.71065759637189}, "18": {"start_time": 81.71065759637189, "end_time": 86.96126984126985}, "19": {"start_time": 86.96126984126984, "end_time": 90.5922902494331}, "20": {"start_time": 90.5922902494331, "end_time": 94.01433106575963}, "21": {"start_time": 94.01433106575963, "end_time": 100.70167800453514}, "22": {"start_time": 100.70167800453515, "end_time": 104.7245351473923}, "23": {"start_time": 104.72453514739229, "end_time": 109.11310657596371}, "24": {"start_time": 109.11310657596371, "end_time": 114.20698412698412}, "25": {"start_time": 114.20698412698412, "end_time": 119.95392290249433}, "26": {"start_time": 119.95392290249433, "end_time": 127.18984126984127}}