{"1": {"start_time": 0.0, "end_time": 6.086167800453515}, "2": {"start_time": 6.086167800453515, "end_time": 10.448616780045352}, "3": {"start_time": 10.448616780045352, "end_time": 18.128616780045352}, "4": {"start_time": 18.128616780045352, "end_time": 26.383310657596372}, "5": {"start_time": 26.383310657596372, "end_time": 39.86249433106576}, "6": {"start_time": 39.86249433106576, "end_time": 63.999637188208624}, "7": {"start_time": 63.99963718820862, "end_time": 78.47147392290249}, "8": {"start_time": 78.47147392290249, "end_time": 84.08780045351473}, "9": {"start_time": 84.08780045351475, "end_time": 100.5449433106576}, "10": {"start_time": 100.5449433106576, "end_time": 114.75555555555556}, "11": {"start_time": 114.75555555555556, "end_time": 139.2322902494331}, "12": {"start_time": 139.2322902494331, "end_time": 152.11065759637188}, "13": {"start_time": 152.11065759637188, "end_time": 169.2731065759637}, "14": {"start_time": 169.2731065759637, "end_time": 187.16698412698412}, "15": {"start_time": 187.16698412698412, "end_time": 202.37024943310658}, "16": {"start_time": 202.37024943310658, "end_time": 217.83473922902493}, "17": {"start_time": 217.83473922902493, "end_time": 243.9310657596372}, "18": {"start_time": 243.9310657596372, "end_time": 272.53514739229024}, "19": {"start_time": 272.53514739229024, "end_time": 288.2869841269841}, "20": {"start_time": 288.2869841269841, "end_time": 308.1922902494331}, "21": {"start_time": 308.1922902494331, "end_time": 320.60045351473923}, "22": {"start_time": 320.60045351473923, "end_time": 343.0918820861678}, "23": {"start_time": 343.0918820861678, "end_time": 356.67555555555555}, "24": {"start_time": 356.67555555555555, "end_time": 388.5449433106576}, "25": {"start_time": 388.5449433106576, "end_time": 409.9131065759637}, "26": {"start_time": 409.9131065759637, "end_time": 436.32290249433106}, "27": {"start_time": 436.32290249433106, "end_time": 455.20943310657594}, "28": {"start_time": 455.20943310657594, "end_time": 469.05433106575964}, "29": {"start_time": 469.05433106575964, "end_time": 487.653514739229}, "30": {"start_time": 487.653514739229, "end_time": 504.1367800453515}, "31": {"start_time": 504.1367800453515, "end_time": 518.9220861678004}, "32": {"start_time": 518.9220861678004, "end_time": 536.3457596371882}, "33": {"start_time": 536.3457596371882, "end_time": 563.4869841269841}, "34": {"start_time": 563.4869841269841, "end_time": 575.5033106575963}, "35": {"start_time": 575.5033106575963, "end_time": 599.2486167800453}, "36": {"start_time": 599.2486167800454, "end_time": 620.7735147392291}, "37": {"start_time": 620.773514739229, "end_time": 630.7000453514738}, "38": {"start_time": 630.7000453514739, "end_time": 643.944126984127}}