{"1": {"start_time": 0.0, "end_time": 6.556371882086168}, "2": {"start_time": 6.556371882086168, "end_time": 11.806984126984126}, "3": {"start_time": 11.806984126984126, "end_time": 16.900861678004535}, "4": {"start_time": 16.900861678004535, "end_time": 20.584126984126986}, "5": {"start_time": 20.584126984126986, "end_time": 27.584943310657597}, "6": {"start_time": 27.584943310657597, "end_time": 34.55963718820862}, "7": {"start_time": 34.55963718820862, "end_time": 40.75065759637188}, "8": {"start_time": 40.75065759637188, "end_time": 48.169433106575966}, "9": {"start_time": 48.169433106575966, "end_time": 53.4984126984127}, "10": {"start_time": 53.4984126984127, "end_time": 58.017596371882085}, "11": {"start_time": 58.017596371882085, "end_time": 64.54820861678004}, "12": {"start_time": 64.54820861678004, "end_time": 69.35473922902494}, "13": {"start_time": 69.35473922902494, "end_time": 72.48943310657596}, "14": {"start_time": 72.48943310657596, "end_time": 77.26984126984127}, "15": {"start_time": 77.26984126984127, "end_time": 79.82984126984127}, "16": {"start_time": 79.82984126984127, "end_time": 84.58412698412698}, "17": {"start_time": 84.58412698412698, "end_time": 87.35310657596372}, "18": {"start_time": 87.35310657596372, "end_time": 94.58902494331066}}