{"1": {"start_time": 0.0, "end_time": 12.616780045351474}, "3": {"start_time": 12.616780045351474, "end_time": 19.147392290249435}, "4": {"start_time": 19.14739229024943, "end_time": 26.35718820861678}, "5": {"start_time": 26.35718820861678, "end_time": 32.07800453514739}, "6": {"start_time": 32.07800453514739, "end_time": 39.62739229024943}, "7": {"start_time": 39.62739229024943, "end_time": 47.25514739229025}, "8": {"start_time": 47.25514739229025, "end_time": 54.51718820861678}}