{"1": {"start_time": 0.0, "end_time": 8.646167800453515}, "3": {"start_time": 8.646167800453515, "end_time": 11.624126984126985}, "4": {"start_time": 11.624126984126985, "end_time": 15.046167800453516}, "5": {"start_time": 15.046167800453516, "end_time": 17.91963718820862}, "6": {"start_time": 17.91963718820862, "end_time": 20.845351473922904}, "7": {"start_time": 20.845351473922904, "end_time": 23.379229024943314}, "8": {"start_time": 23.37922902494331, "end_time": 27.66331065759637}, "9": {"start_time": 27.663310657596373, "end_time": 30.928616780045353}, "10": {"start_time": 30.928616780045353, "end_time": 34.87310657596372}, "11": {"start_time": 34.87310657596372, "end_time": 37.61596371882086}, "12": {"start_time": 37.615963718820865, "end_time": 40.30657596371882}, "13": {"start_time": 40.30657596371882, "end_time": 43.18004535147392}, "14": {"start_time": 43.18004535147392, "end_time": 45.191473922902496}, "15": {"start_time": 45.191473922902496, "end_time": 50.15473922902495}, "16": {"start_time": 50.15473922902494, "end_time": 56.13678004535147}, "17": {"start_time": 56.13678004535147, "end_time": 60.760453514739226}, "18": {"start_time": 60.760453514739226, "end_time": 66.19392290249432}, "19": {"start_time": 66.19392290249434, "end_time": 71.39229024943312}, "20": {"start_time": 71.3922902494331, "end_time": 77.66167800453515}, "21": {"start_time": 77.66167800453515, "end_time": 86.38657596371883}, "22": {"start_time": 86.38657596371883, "end_time": 92.08126984126984}, "23": {"start_time": 92.08126984126984, "end_time": 97.20126984126985}, "24": {"start_time": 97.20126984126985, "end_time": 102.11229024943312}, "25": {"start_time": 102.1122902494331, "end_time": 107.91147392290249}, "26": {"start_time": 107.91147392290249, "end_time": 111.59473922902494}, "27": {"start_time": 111.59473922902494, "end_time": 116.71473922902494}, "28": {"start_time": 116.71473922902494, "end_time": 128.23473922902494}, "29": {"start_time": 128.23473922902494, "end_time": 134.32126984126984}, "30": {"start_time": 134.32126984126984, "end_time": 145.52780045351474}, "31": {"start_time": 145.52780045351474, "end_time": 153.78249433106578}, "32": {"start_time": 153.78249433106575, "end_time": 158.90249433106575}, "33": {"start_time": 158.90249433106575, "end_time": 164.2314739229025}, "34": {"start_time": 164.2314739229025, "end_time": 169.14249433106576}, "35": {"start_time": 169.14249433106576, "end_time": 175.8037188208617}, "36": {"start_time": 175.8037188208617, "end_time": 181.5245351473923}, "37": {"start_time": 181.5245351473923, "end_time": 187.08861678004536}, "38": {"start_time": 187.08861678004536, "end_time": 193.6975963718821}, "39": {"start_time": 193.6975963718821, "end_time": 200.85514739229026}, "40": {"start_time": 200.85514739229026, "end_time": 208.1171882086168}, "41": {"start_time": 208.11718820861677, "end_time": 214.7261678004535}, "42": {"start_time": 214.7261678004535, "end_time": 222.85024943310657}, "43": {"start_time": 222.85024943310657, "end_time": 228.96290249433105}, "44": {"start_time": 228.96290249433108, "end_time": 238.5237188208617}, "45": {"start_time": 238.5237188208617, "end_time": 244.37514739229027}, "46": {"start_time": 244.37514739229024, "end_time": 250.853514739229}, "47": {"start_time": 250.853514739229, "end_time": 258.8992290249433}, "48": {"start_time": 258.89922902494334, "end_time": 265.22086167800455}, "49": {"start_time": 265.22086167800455, "end_time": 271.7775963718821}, "50": {"start_time": 271.7775963718821, "end_time": 278.569433106576}, "51": {"start_time": 278.56943310657596, "end_time": 288.678820861678}}