{"1": {"start_time": 0.0, "end_time": 11.310657596371883}, "2": {"start_time": 11.310657596371883, "end_time": 16.143310657596373}, "3": {"start_time": 16.143310657596373, "end_time": 21.994739229024944}, "4": {"start_time": 21.994739229024944, "end_time": 28.264126984126985}, "5": {"start_time": 28.264126984126985, "end_time": 34.82086167800453}, "6": {"start_time": 34.82086167800453, "end_time": 48.66575963718821}, "7": {"start_time": 48.66575963718821, "end_time": 57.808616780045355}, "8": {"start_time": 57.80861678004535, "end_time": 73.0118820861678}, "9": {"start_time": 73.0118820861678, "end_time": 88.63310657596372}, "10": {"start_time": 88.63310657596372, "end_time": 101.64208616780046}, "11": {"start_time": 101.64208616780046, "end_time": 121.20780045351475}, "12": {"start_time": 121.20780045351474, "end_time": 138.52698412698413}, "13": {"start_time": 138.52698412698413, "end_time": 150.41269841269843}, "14": {"start_time": 150.4126984126984, "end_time": 172.35555555555555}, "15": {"start_time": 172.35555555555555, "end_time": 192.54820861678004}, "16": {"start_time": 192.54820861678004, "end_time": 202.6314739229025}, "17": {"start_time": 202.6314739229025, "end_time": 210.57269841269843}, "18": {"start_time": 210.5726984126984, "end_time": 230.97433106575963}, "19": {"start_time": 230.97433106575963, "end_time": 247.3792290249433}, "20": {"start_time": 247.3792290249433, "end_time": 260.36208616780044}, "21": {"start_time": 260.36208616780044, "end_time": 270.57596371882084}, "22": {"start_time": 270.57596371882084, "end_time": 281.0510657596372}, "23": {"start_time": 281.0510657596372, "end_time": 300.5906575963719}, "24": {"start_time": 300.5906575963719, "end_time": 310.33433106575967}, "25": {"start_time": 310.3343310657596, "end_time": 320.44371882086165}, "26": {"start_time": 320.4437188208617, "end_time": 330.344126984127}, "27": {"start_time": 330.344126984127, "end_time": 338.4420861678005}, "28": {"start_time": 338.4420861678004, "end_time": 358.5563718820861}, "29": {"start_time": 358.5563718820862, "end_time": 370.4682086167801}, "30": {"start_time": 370.46820861678003, "end_time": 386.1939229024943}, "31": {"start_time": 386.1939229024943, "end_time": 398.73269841269837}, "32": {"start_time": 398.7326984126984, "end_time": 408.293514739229}, "33": {"start_time": 408.293514739229, "end_time": 421.8249433106576}, "34": {"start_time": 421.8249433106576, "end_time": 436.5580045351474}, "35": {"start_time": 436.5580045351474, "end_time": 447.00698412698415}, "36": {"start_time": 447.00698412698415, "end_time": 463.5163718820862}, "37": {"start_time": 463.51637188208616, "end_time": 475.4804535147392}, "38": {"start_time": 475.4804535147392, "end_time": 486.3996371882086}, "39": {"start_time": 486.3996371882086, "end_time": 496.11718820861677}, "40": {"start_time": 496.11718820861677, "end_time": 516.2837188208616}, "41": {"start_time": 516.2837188208616, "end_time": 526.9155555555556}, "42": {"start_time": 526.9155555555556, "end_time": 535.0918820861679}, "43": {"start_time": 535.0918820861679, "end_time": 545.6192290249434}, "44": {"start_time": 545.6192290249434, "end_time": 554.3963718820862}, "45": {"start_time": 554.3963718820862, "end_time": 566.2037188208617}, "46": {"start_time": 566.2037188208617, "end_time": 578.6380045351474}, "47": {"start_time": 578.6380045351474, "end_time": 609.3580045351474}, "48": {"start_time": 609.3580045351474, "end_time": 619.2322902494332}, "49": {"start_time": 619.2322902494332, "end_time": 631.8233106575964}, "50": {"start_time": 631.8233106575964, "end_time": 644.2053514739229}, "51": {"start_time": 644.2053514739229, "end_time": 656.2739229024943}, "52": {"start_time": 656.2739229024943, "end_time": 672.7833106575963}, "53": {"start_time": 672.7833106575964, "end_time": 686.758820861678}, "54": {"start_time": 686.758820861678, "end_time": 701.544126984127}, "55": {"start_time": 701.5441269841269, "end_time": 713.2208616780044}, "56": {"start_time": 713.2208616780046, "end_time": 724.2706575963718}, "57": {"start_time": 724.2706575963718, "end_time": 734.5367800453514}, "58": {"start_time": 734.5367800453515, "end_time": 742.5302494331066}, "59": {"start_time": 742.5302494331066, "end_time": 749.9490249433107}, "60": {"start_time": 749.9490249433106, "end_time": 769.3057596371882}, "61": {"start_time": 769.3057596371882, "end_time": 778.657596371882}, "62": {"start_time": 778.657596371882, "end_time": 790.9090249433107}, "63": {"start_time": 790.9090249433107, "end_time": 799.7645351473923}, "64": {"start_time": 799.7645351473923, "end_time": 808.0453514739229}, "65": {"start_time": 808.0453514739229, "end_time": 825.2339229024943}, "66": {"start_time": 825.2339229024943, "end_time": 839.6796371882086}, "67": {"start_time": 839.6796371882086, "end_time": 853.7857596371882}, "68": {"start_time": 853.7857596371882, "end_time": 864.1563718820862}, "69": {"start_time": 864.1563718820862, "end_time": 879.020045351474}, "70": {"start_time": 879.0200453514739, "end_time": 890.3310657596371}, "71": {"start_time": 890.3310657596372, "end_time": 907.2584126984127}, "72": {"start_time": 907.2584126984127, "end_time": 916.9498412698413}, "73": {"start_time": 916.9498412698413, "end_time": 925.5702494331066}, "74": {"start_time": 925.5702494331066, "end_time": 936.1759637188209}, "75": {"start_time": 936.1759637188209, "end_time": 946.6510657596372}, "76": {"start_time": 946.6510657596372, "end_time": 958.9808616780045}, "77": {"start_time": 958.9808616780045, "end_time": 973.8706575963719}, "78": {"start_time": 973.8706575963719, "end_time": 986.3049433106576}, "79": {"start_time": 986.3049433106576, "end_time": 1000.3849433106576}, "80": {"start_time": 1000.3849433106576, "end_time": 1015.1180045351474}, "81": {"start_time": 1015.1180045351474, "end_time": 1033.194739229025}, "82": {"start_time": 1033.194739229025, "end_time": 1050.5139229024942}, "83": {"start_time": 1050.5139229024944, "end_time": 1063.0788208616782}}