{"1": {"start_time": 0.0, "end_time": 14.83718820861678}, "3": {"start_time": 14.83718820861678, "end_time": 20.08780045351474}, "4": {"start_time": 20.08780045351474, "end_time": 28.185759637188205}, "5": {"start_time": 28.18575963718821, "end_time": 43.467392290249435}, "6": {"start_time": 43.467392290249435, "end_time": 57.15555555555556}, "7": {"start_time": 57.15555555555556, "end_time": 69.77269841269842}, "8": {"start_time": 69.77269841269842, "end_time": 81.47555555555556}, "9": {"start_time": 81.47555555555556, "end_time": 91.66331065759637}, "10": {"start_time": 91.66331065759637, "end_time": 98.76861678004535}, "11": {"start_time": 98.76861678004535, "end_time": 108.12045351473922}, "12": {"start_time": 108.12045351473922, "end_time": 115.2518820861678}, "13": {"start_time": 115.2518820861678, "end_time": 124.8649433106576}, "14": {"start_time": 124.8649433106576, "end_time": 134.84371882086168}, "15": {"start_time": 134.84371882086168, "end_time": 144.16943310657598}, "16": {"start_time": 144.16943310657595, "end_time": 156.76045351473923}, "17": {"start_time": 156.76045351473923, "end_time": 167.65351473922902}, "18": {"start_time": 167.65351473922902, "end_time": 177.9718820861678}, "19": {"start_time": 177.9718820861678, "end_time": 188.264126984127}, "20": {"start_time": 188.264126984127, "end_time": 197.32861678004537}, "21": {"start_time": 197.32861678004537, "end_time": 209.84126984126985}, "22": {"start_time": 209.84126984126985, "end_time": 223.21596371882086}, "23": {"start_time": 223.21596371882086, "end_time": 237.58331065759637}, "24": {"start_time": 237.58331065759637, "end_time": 243.6175963718821}, "25": {"start_time": 243.6175963718821, "end_time": 257.22739229024944}, "26": {"start_time": 257.22739229024944, "end_time": 265.1424943310658}, "27": {"start_time": 265.14249433106573, "end_time": 274.2592290249433}, "28": {"start_time": 274.2592290249433, "end_time": 284.42086167800454}, "29": {"start_time": 284.42086167800454, "end_time": 297.24698412698416}, "30": {"start_time": 297.2469841269841, "end_time": 307.66984126984124}, "31": {"start_time": 307.66984126984124, "end_time": 314.8012698412698}, "32": {"start_time": 314.80126984126986, "end_time": 324.6233106575964}, "33": {"start_time": 324.6233106575964, "end_time": 332.2510657596372}, "34": {"start_time": 332.2510657596372, "end_time": 341.8902494331066}, "35": {"start_time": 341.8902494331066, "end_time": 351.60780045351476}, "36": {"start_time": 351.60780045351476, "end_time": 362.9971882086168}, "37": {"start_time": 362.99718820861676, "end_time": 373.1326984126984}, "38": {"start_time": 373.1326984126984, "end_time": 380.1857596371882}, "39": {"start_time": 380.1857596371882, "end_time": 387.73514739229023}, "40": {"start_time": 387.73514739229023, "end_time": 396.04208616780045}, "41": {"start_time": 396.04208616780045, "end_time": 404.9759637188209}, "42": {"start_time": 404.9759637188209, "end_time": 420.15310657596376}, "43": {"start_time": 420.1531065759637, "end_time": 428.06820861678005}, "44": {"start_time": 428.06820861678005, "end_time": 439.7710657596372}, "45": {"start_time": 439.77106575963717, "end_time": 452.38820861678005}, "46": {"start_time": 452.38820861678005, "end_time": 461.58331065759637}, "47": {"start_time": 461.58331065759637, "end_time": 466.5465759637188}, "48": {"start_time": 466.5465759637188, "end_time": 475.06249433106575}, "49": {"start_time": 475.06249433106575, "end_time": 479.7384126984127}, "50": {"start_time": 479.7384126984127, "end_time": 509.6747392290249}, "51": {"start_time": 509.67473922902496, "end_time": 523.2584126984127}, "52": {"start_time": 523.2584126984127, "end_time": 541.1522902494331}, "53": {"start_time": 541.1522902494331, "end_time": 556.3555555555556}, "54": {"start_time": 556.3555555555556, "end_time": 564.9759637188209}, "55": {"start_time": 564.9759637188208, "end_time": 575.7645351473923}, "56": {"start_time": 575.7645351473923, "end_time": 583.078820861678}, "57": {"start_time": 583.078820861678, "end_time": 588.642902494331}, "58": {"start_time": 588.6429024943311, "end_time": 597.6812698412699}, "59": {"start_time": 597.6812698412698, "end_time": 604.8649433106575}, "60": {"start_time": 604.8649433106576, "end_time": 614.7914739229025}, "61": {"start_time": 614.7914739229025, "end_time": 620.1204535147392}, "62": {"start_time": 620.1204535147392, "end_time": 633.8347392290249}, "63": {"start_time": 633.834739229025, "end_time": 641.9849433106576}, "64": {"start_time": 641.9849433106576, "end_time": 659.7743310657597}, "65": {"start_time": 659.7743310657596, "end_time": 666.2526984126984}, "66": {"start_time": 666.2526984126985, "end_time": 676.0486167800454}, "67": {"start_time": 676.0486167800453, "end_time": 681.7171882086168}, "68": {"start_time": 681.7171882086168, "end_time": 692.714739229025}, "69": {"start_time": 692.714739229025, "end_time": 700.6559637188209}, "70": {"start_time": 700.6559637188209, "end_time": 706.2722902494331}, "71": {"start_time": 706.2722902494331, "end_time": 712.9596371882086}, "72": {"start_time": 712.9596371882086, "end_time": 721.2143310657597}, "73": {"start_time": 721.2143310657597, "end_time": 727.4314739229026}, "74": {"start_time": 727.4314739229025, "end_time": 734.0143310657596}, "75": {"start_time": 734.0143310657596, "end_time": 743.9669841269841}, "76": {"start_time": 743.9669841269841, "end_time": 751.7514739229025}, "77": {"start_time": 751.7514739229025, "end_time": 759.7449433106576}, "78": {"start_time": 759.7449433106576, "end_time": 769.1229024943311}, "79": {"start_time": 769.122902494331, "end_time": 774.9743310657595}, "80": {"start_time": 774.9743310657597, "end_time": 780.8257596371882}, "81": {"start_time": 780.8257596371882, "end_time": 785.8412698412698}, "82": {"start_time": 785.8412698412699, "end_time": 792.7375963718821}, "83": {"start_time": 792.7375963718821, "end_time": 804.2053514739229}, "84": {"start_time": 804.2053514739229, "end_time": 812.3033106575963}, "85": {"start_time": 812.3033106575964, "end_time": 819.7220861678005}, "86": {"start_time": 819.7220861678004, "end_time": 828.264126984127}, "87": {"start_time": 828.264126984127, "end_time": 840.5678004535147}, "88": {"start_time": 840.5678004535148, "end_time": 846.0012698412698}, "89": {"start_time": 846.0012698412698, "end_time": 853.8380045351474}, "90": {"start_time": 853.8380045351474, "end_time": 861.3612698412699}, "91": {"start_time": 861.3612698412699, "end_time": 868.1531065759638}, "92": {"start_time": 868.1531065759638, "end_time": 874.213514739229}, "93": {"start_time": 874.213514739229, "end_time": 881.7367800453515}, "94": {"start_time": 881.7367800453515, "end_time": 892.1073922902494}, "95": {"start_time": 892.1073922902494, "end_time": 897.958820861678}, "96": {"start_time": 897.958820861678, "end_time": 903.5490249433107}, "97": {"start_time": 903.5490249433107, "end_time": 909.0869841269841}, "98": {"start_time": 909.0869841269841, "end_time": 918.1514739229025}, "99": {"start_time": 918.1514739229025, "end_time": 925.2567800453514}, "100": {"start_time": 925.2567800453514, "end_time": 933.7726984126983}, "101": {"start_time": 933.7726984126984, "end_time": 939.624126984127}, "102": {"start_time": 939.624126984127, "end_time": 944.3784126984127}, "103": {"start_time": 944.3784126984127, "end_time": 953.3645351473923}, "104": {"start_time": 953.3645351473923, "end_time": 964.38820861678}, "105": {"start_time": 964.38820861678, "end_time": 972.7473922902494}, "106": {"start_time": 972.7473922902494, "end_time": 978.4159637188209}, "107": {"start_time": 978.4159637188209, "end_time": 985.8869841269841}, "108": {"start_time": 985.8869841269841, "end_time": 991.9212698412698}, "109": {"start_time": 991.9212698412698, "end_time": 996.8584126984126}, "110": {"start_time": 996.8584126984127, "end_time": 1008.5090249433107}, "111": {"start_time": 1008.5090249433107, "end_time": 1013.7857596371882}, "112": {"start_time": 1013.7857596371882,