{"1": {"start_time": 0.0, "end_time": 11.493514739229024}, "3": {"start_time": 11.493514739229026, "end_time": 18.651065759637188}, "4": {"start_time": 18.651065759637188, "end_time": 29.726984126984128}, "5": {"start_time": 29.726984126984128, "end_time": 39.60126984126984}, "6": {"start_time": 39.60126984126984, "end_time": 70.4518820861678}, "7": {"start_time": 70.4518820861678, "end_time": 100.67555555555555}, "8": {"start_time": 100.67555555555556, "end_time": 110.00126984126985}, "9": {"start_time": 110.00126984126985, "end_time": 119.7449433106576}, "10": {"start_time": 119.74494331065759, "end_time": 137.71718820861676}, "11": {"start_time": 137.7171882086168, "end_time": 167.39229024943313}, "12": {"start_time": 167.3922902494331, "end_time": 197.90331065759636}, "13": {"start_time": 197.90331065759636, "end_time": 224.78331065759636}, "14": {"start_time": 224.78331065759636, "end_time": 237.89678004535145}, "15": {"start_time": 237.89678004535148, "end_time": 272.7180045351474}, "16": {"start_time": 272.7180045351474, "end_time": 300.1465759637188}, "17": {"start_time": 300.1465759637188, "end_time": 327.6012698412698}, "18": {"start_time": 327.60126984126987, "end_time": 351.45106575963723}, "19": {"start_time": 351.4510657596372, "end_time": 359.26167800453516}, "20": {"start_time": 359.26167800453516, "end_time": 370.23310657596375}, "21": {"start_time": 370.23310657596375, "end_time": 388.2837188208617}, "22": {"start_time": 388.2837188208617, "end_time": 413.544126984127}, "23": {"start_time": 413.544126984127, "end_time": 441.3384126984127}, "24": {"start_time": 441.3384126984127, "end_time": 457.16861678004534}, "25": {"start_time": 457.16861678004534, "end_time": 472.5547392290249}, "26": {"start_time": 472.55473922902496, "end_time": 509.4396371882086}, "27": {"start_time": 509.4396371882086, "end_time": 521.8216780045351}, "28": {"start_time": 521.8216780045351, "end_time": 537.9392290249433}, "29": {"start_time": 537.9392290249433, "end_time": 562.8861678004534}, "30": {"start_time": 562.8861678004536, "end_time": 588.7212698412699}, "31": {"start_time": 588.7212698412699, "end_time": 619.7286167800454}, "32": {"start_time": 619.7286167800454, "end_time": 640.5220861678005}, "33": {"start_time": 640.5220861678005, "end_time": 647.5751473922903}, "34": {"start_time": 647.5751473922902, "end_time": 663.7710657596372}, "35": {"start_time": 663.7710657596372, "end_time": 683.493514739229}, "36": {"start_time": 683.493514739229, "end_time": 699.1931065759637}, "37": {"start_time": 699.1931065759637, "end_time": 717.9490249433106}, "38": {"start_time": 717.9490249433106, "end_time": 741.8510657596372}, "39": {"start_time": 741.8510657596372, "end_time": 757.420045351474}, "40": {"start_time": 757.420045351474, "end_time": 791.2486167800454}, "41": {"start_time": 791.2486167800454, "end_time": 825.573514739229}, "42": {"start_time": 825.573514739229, "end_time": 840.8812698412698}, "43": {"start_time": 840.8812698412698, "end_time": 856.1367800453514}, "44": {"start_time": 856.1367800453514, "end_time": 874.3180045351473}, "45": {"start_time": 874.3180045351473, "end_time": 916.7931065759636}, "46": {"start_time": 916.7931065759637, "end_time": 938.474739229025}, "47": {"start_time": 938.474739229025, "end_time": 954.6445351473923}, "48": {"start_time": 954.6445351473923, "end_time": 988.5514739229025}, "49": {"start_time": 988.5514739229025, "end_time": 1003.7286167800453}, "50": {"start_time": 1003.7286167800454, "end_time": 1019.8200453514739}, "51": {"start_time": 1019.8200453514739, "end_time": 1070.5237188208616}, "52": {"start_time": 1070.5237188208616, "end_time": 1088.9139229024943}, "53": {"start_time": 1088.9139229024943, "end_time": 1107.173514739229}, "54": {"start_time": 1107.173514739229, "end_time": 1132.2249433106574}, "55": {"start_time": 1132.2249433106576, "end_time": 1154.7424943310657}}