{"1": {"start_time": 0.0, "end_time": 10.030657596371881}, "3": {"start_time": 10.030657596371881, "end_time": 14.158004535147391}, "4": {"start_time": 14.158004535147393, "end_time": 17.397188208616782}, "5": {"start_time": 17.39718820861678, "end_time": 21.52453514739229}, "6": {"start_time": 21.52453514739229, "end_time": 25.52126984126984}, "7": {"start_time": 25.52126984126984, "end_time": 32.88780045351474}, "8": {"start_time": 32.88780045351474, "end_time": 38.895963718820866}, "9": {"start_time": 38.89596371882086, "end_time": 46.523718820861674}, "10": {"start_time": 46.52371882086168, "end_time": 54.491065759637195}, "11": {"start_time": 54.49106575963719, "end_time": 60.49922902494331}, "12": {"start_time": 60.49922902494331, "end_time": 67.23882086167801}, "13": {"start_time": 67.23882086167801, "end_time": 73.9784126984127}, "14": {"start_time": 73.9784126984127, "end_time": 80.22167800453515}, "15": {"start_time": 80.22167800453515, "end_time": 86.98739229024943}, "16": {"start_time": 86.98739229024943, "end_time": 91.27147392290249}, "17": {"start_time": 91.2714739229025, "end_time": 98.27229024943311}, "18": {"start_time": 98.27229024943311, "end_time": 106.37024943310658}, "19": {"start_time": 106.37024943310658, "end_time": 116.71473922902494}, "20": {"start_time": 116.71473922902494, "end_time": 124.99555555555555}, "21": {"start_time": 124.99555555555555, "end_time": 133.27637188208615}, "22": {"start_time": 133.27637188208618, "end_time": 141.76616780045353}, "23": {"start_time": 141.7661678004535, "end_time": 146.15473922902493}, "24": {"start_time": 146.15473922902495, "end_time": 152.3718820861678}, "25": {"start_time": 152.3718820861678, "end_time": 161.3580045351474}, "26": {"start_time": 161.3580045351474, "end_time": 168.82902494331066}, "27": {"start_time": 168.82902494331066, "end_time": 175.28126984126985}, "28": {"start_time": 175.28126984126985, "end_time": 184.31963718820862}, "29": {"start_time": 184.31963718820862, "end_time": 189.7792290249433}, "30": {"start_time": 189.7792290249433, "end_time": 195.50004535147391}, "31": {"start_time": 195.50004535147391, "end_time": 200.93351473922903}, "32": {"start_time": 200.93351473922903, "end_time": 207.7514739229025}, "33": {"start_time": 207.7514739229025, "end_time": 211.9310657596372}, "34": {"start_time": 211.9310657596372, "end_time": 217.15555555555557}, "35": {"start_time": 217.15555555555557, "end_time": 220.73433106575965}, "36": {"start_time": 220.73433106575965, "end_time": 231.91473922902495}, "37": {"start_time": 231.91473922902495, "end_time": 236.8518820861678}, "38": {"start_time": 236.8518820861678, "end_time": 239.82984126984127}, "39": {"start_time": 239.82984126984127, "end_time": 244.4796371882086}, "40": {"start_time": 244.4796371882086, "end_time": 250.46167800453514}, "41": {"start_time": 250.46167800453514, "end_time": 256.8616780045351}, "42": {"start_time": 256.8616780045351, "end_time": 265.6910657596372}, "43": {"start_time": 265.6910657596372, "end_time": 271.7514739229025}, "44": {"start_time": 271.7514739229025, "end_time": 277.8380045351474}, "45": {"start_time": 277.8380045351474, "end_time": 284.26412698412696}, "46": {"start_time": 284.26412698412696, "end_time": 292.4404535147392}, "47": {"start_time": 292.4404535147392, "end_time": 300.5645351473923}, "48": {"start_time": 300.5645351473923, "end_time": 315.79392290249433}, "49": {"start_time": 315.79392290249433, "end_time": 322.664126984127}, "50": {"start_time": 322.664126984127, "end_time": 330.1873922902494}, "51": {"start_time": 330.1873922902494, "end_time": 339.43473922902496}, "52": {"start_time": 339.43473922902496, "end_time": 352.1302494331066}, "53": {"start_time": 352.1302494331066, "end_time": 361.95229024943313}, "54": {"start_time": 361.95229024943313, "end_time": 367.69922902494335}, "55": {"start_time": 367.6992290249433, "end_time": 374.438820861678}, "56": {"start_time": 374.438820861678, "end_time": 380.2118820861678}, "57": {"start_time": 380.2118820861678, "end_time": 386.3506575963719}, "58": {"start_time": 386.3506575963719, "end_time": 393.76943310657595}, "59": {"start_time": 393.76943310657595, "end_time": 400.3261678004535}, "60": {"start_time": 400.3261678004535, "end_time": 410.2265759637188}, "61": {"start_time": 410.2265759637188, "end_time": 419.73514739229023}, "62": {"start_time": 419.73514739229023, "end_time": 433.0314739229025}, "63": {"start_time": 433.0314739229025, "end_time": 442.6706575963719}, "64": {"start_time": 442.6706575963719, "end_time": 449.5931065759637}, "65": {"start_time": 449.5931065759637, "end_time": 459.31065759637187}, "66": {"start_time": 459.31065759637187, "end_time": 471.19637188208617}, "67": {"start_time": 471.19637188208617, "end_time": 476.76045351473925}, "68": {"start_time": 476.76045351473925, "end_time": 482.089433106576}, "69": {"start_time": 482.08943310657594, "end_time": 491.1800453514739}, "70": {"start_time": 491.18004535147395, "end_time": 503.2224943310658}, "71": {"start_time": 503.2224943310658, "end_time": 514.0633106575964}, "72": {"start_time": 514.0633106575964, "end_time": 522.3963718820862}, "73": {"start_time": 522.3963718820862, "end_time": 535.7971882086168}, "74": {"start_time": 535.7971882086168, "end_time": 545.6453514739229}, "75": {"start_time": 545.6453514739229, "end_time": 551.5490249433107}, "76": {"start_time": 551.5490249433107, "end_time": 560.038820861678}, "77": {"start_time": 560.038820861678, "end_time": 568.7114739229025}, "78": {"start_time": 568.7114739229025, "end_time": 576.4175963718822}, "79": {"start_time": 576.417596371882, "end_time": 582.112290249433}, "80": {"start_time": 582.1122902494332, "end_time": 590.1580045351475}, "81": {"start_time": 590.1580045351474, "end_time": 598.2559637188208}, "82": {"start_time": 598.2559637188209, "end_time": 606.3278004535148}, "83": {"start_time": 606.3278004535148, "end_time": 614.6608616780046}, "84": {"start_time": 614.6608616780045, "end_time": 622.2363718820861}, "85": {"start_time": 622.2363718820861, "end_time": 631.6143310657596}, "86": {"start_time": 631.6143310657596, "end_time": 641.1229024943311}, "87": {"start_time": 641.122902494331, "end_time": 650.9710657596371}, "88": {"start_time": 650.9710657596372, "end_time": 660.8975963718821}, "89": {"start_time": 660.8975963718821, "end_time": 670.693514739229}, "90": {"start_time": 670.693514739229, "end_time": 679.784126984127}, "91": {"start_time": 679.7841269841269, "end_time": 690.024126984127}, "92": {"start_time": 690.024126984127, "end_time": 696.8943310657596}, "93": {"start_time": 696.8943310657596, "end_time": 710.8959637188209}, "94": {"start_time": 710.8959637188209, "end_time": 716.5122902494331}, "95": {"start_time": 716.5122902494331, "end_time": 721.1620861678005}, "96": {"start_time": 721.1620861678005, "end_time": 728.2151473922903}, "97": {"start_time": 728.2151473922903, "end_time": 736.6004535147392}}