{"1": {"start_time": 0.0, "end_time": 22.464943310657596}, "3": {"start_time": 22.464943310657596, "end_time": 33.932698412698414}, "4": {"start_time": 33.932698412698414, "end_time": 41.32535147392291}, "5": {"start_time": 41.3253514739229, "end_time": 77.40045351473923}, "6": {"start_time": 77.40045351473923, "end_time": 113.37106575963719}, "7": {"start_time": 113.37106575963719, "end_time": 155.71555555555557}, "8": {"start_time": 155.71555555555557, "end_time": 174.94167800453516}, "9": {"start_time": 174.94167800453513, "end_time": 185.78249433106575}, "10": {"start_time": 185.78249433106575, "end_time": 209.10984126984127}, "11": {"start_time": 209.10984126984127, "end_time": 233.84780045351474}, "12": {"start_time": 233.84780045351474, "end_time": 241.55392290249432}, "13": {"start_time": 241.55392290249432, "end_time": 256.18249433106575}, "14": {"start_time": 256.18249433106575, "end_time": 285.1522902494331}, "15": {"start_time": 285.1522902494331, "end_time": 298.9971882086168}, "16": {"start_time": 298.99718820861676, "end_time": 311.3531065759637}, "17": {"start_time": 311.3531065759637, "end_time": 324.7016780045351}, "18": {"start_time": 324.70167800453515, "end_time": 345.83473922902493}, "19": {"start_time": 345.83473922902493, "end_time": 362.08290249433105}, "20": {"start_time": 362.08290249433105, "end_time": 401.5278004535147}, "21": {"start_time": 401.5278004535147, "end_time": 427.59800453514737}, "22": {"start_time": 427.59800453514737, "end_time": 446.22331065759636}, "23": {"start_time": 446.22331065759636, "end_time": 466.02412698412695}, "24": {"start_time": 466.024126984127, "end_time": 485.8249433106576}, "25": {"start_time": 485.8249433106576, "end_time": 503.6926984126984}, "26": {"start_time": 503.6926984126984, "end_time": 519.4184126984127}, "27": {"start_time": 519.4184126984127, "end_time": 541.0216780045351}, "28": {"start_time": 541.0216780045351, "end_time": 555.6502494331065}, "29": {"start_time": 555.6502494331065, "end_time": 581.1718820861678}, "30": {"start_time": 581.1718820861678, "end_time": 597.994739229025}, "31": {"start_time": 597.994739229025, "end_time": 618.3180045351475}, "32": {"start_time": 618.3180045351473, "end_time": 643.5522902494331}, "33": {"start_time": 643.5522902494331, "end_time": 667.8200453514739}, "34": {"start_time": 667.8200453514739, "end_time": 698.3310657596372}, "35": {"start_time": 698.3310657596372, "end_time": 712.0453514739229}, "36": {"start_time": 712.0453514739229, "end_time": 762.8273922902495}, "37": {"start_time": 762.8273922902495, "end_time": 785.449433106576}, "38": {"start_time": 785.449433106576, "end_time": 848.1433106575963}, "39": {"start_time": 848.1433106575963, "end_time": 866.7686167800452}, "40": {"start_time": 866.7686167800454, "end_time": 881.0837188208617}, "41": {"start_time": 881.0837188208617, "end_time": 903.7841269841269}, "42": {"start_time": 903.7841269841269, "end_time": 912.352290249433}, "43": {"start_time": 912.352290249433, "end_time": 917.0020861678004}, "44": {"start_time": 917.0020861678005, "end_time": 933.7726984126984}, "45": {"start_time": 933.7726984126984, "end_time": 943.6469841269842}, "46": {"start_time": 943.6469841269841, "end_time": 957.1784126984127}, "47": {"start_time": 957.1784126984127, "end_time": 963.6567800453514}, "48": {"start_time": 963.6567800453515, "end_time": 976.2216780045352}, "49": {"start_time": 976.2216780045352, "end_time": 989.8837188208618}, "50": {"start_time": 989.8837188208616, "end_time": 1029.1980045351474}, "51": {"start_time": 1029.1980045351474, "end_time": 1109.0543310657597}, "52": {"start_time": 1109.0543310657597, "end_time": 1149.8314739229027}, "53": {"start_time": 1149.8314739229024, "end_time": 1174.2037188208617}, "54": {"start_time": 1174.2037188208617, "end_time": 1256.3065759637188}, "55": {"start_time": 1256.3065759637188, "end_time": 1266.024126984127}, "56": {"start_time": 1266.024126984127, "end_time": 1316.649433106576}, "57": {"start_time": 1316.649433106576, "end_time": 1335.0918820861677}, "58": {"start_time": 1335.0918820861677, "end_time": 1349.3286167800452}, "59": {"start_time": 1349.3286167800454, "end_time": 1365.9424943310657}, "60": {"start_time": 1365.9424943310657, "end_time": 1395.0167800453514}, "61": {"start_time": 1395.0167800453514, "end_time": 1419.0233106575963}, "62": {"start_time": 1419.0233106575963, "end_time": 1428.584126984127}, "63": {"start_time": 1428.584126984127, "end_time": 1440.0780045351473}, "64": {"start_time": 1440.0780045351473, "end_time": 1456.7180045351474}, "65": {"start_time": 1456.7180045351474, "end_time": 1463.6926984126985}, "66": {"start_time": 1463.6926984126985, "end_time": 1472.8355555555556}, "67": {"start_time": 1472.8355555555556, "end_time": 1485.8967800453515}, "68": {"start_time": 1485.8967800453515, "end_time": 1500.1073922902494}, "69": {"start_time": 1500.1073922902494, "end_time": 1514.7098412698413}, "70": {"start_time": 1514.7098412698413, "end_time": 1531.741678004535}, "71": {"start_time": 1531.741678004535, "end_time": 1541.1980045351472}, "72": {"start_time": 1541.1980045351474, "end_time": 1554.4682086167802}, "73": {"start_time": 1554.46820861678, "end_time": 1581.1131065759637}, "74": {"start_time": 1581.1131065759637, "end_time": 1601.8020861678003}}