{"1": {"start_time": 0.0, "end_time": 24.972698412698414}, "2": {"start_time": 24.972698412698414, "end_time": 58.74902494331066}, "3": {"start_time": 58.74902494331066, "end_time": 89.26004535147392}, "4": {"start_time": 89.26004535147392, "end_time": 120.0322902494331}, "5": {"start_time": 120.0322902494331, "end_time": 147.12126984126985}, "6": {"start_time": 147.12126984126985, "end_time": 166.7914739229025}, "7": {"start_time": 166.7914739229025, "end_time": 210.52045351473924}, "8": {"start_time": 210.52045351473922, "end_time": 255.7906575963719}, "9": {"start_time": 255.7906575963719, "end_time": 280.998820861678}, "10": {"start_time": 280.998820861678, "end_time": 304.37841269841266}, "11": {"start_time": 304.3784126984127, "end_time": 338.9645351473923}, "12": {"start_time": 338.96453514739227, "end_time": 364.64290249433105}, "13": {"start_time": 364.64290249433105, "end_time": 391.57514739229026}, "14": {"start_time": 391.57514739229026, "end_time": 409.26004535147393}, "15": {"start_time": 409.26004535147393, "end_time": 422.34739229024945}, "16": {"start_time": 422.34739229024945, "end_time": 437.08045351473925}, "17": {"start_time": 437.08045351473925, "end_time": 457.3775963718821}, "18": {"start_time": 457.3775963718821, "end_time": 480.31310657596373}, "19": {"start_time": 480.31310657596373, "end_time": 505.0510657596372}, "20": {"start_time": 505.0510657596372, "end_time": 521.3253514739229}, "21": {"start_time": 521.3253514739229, "end_time": 532.4796371882086}, "22": {"start_time": 532.4796371882086, "end_time": 611.1343310657596}}