{"1": {"start_time": 0.0, "end_time": 6.425759637188208}, "2": {"start_time": 6.425759637188208, "end_time": 16.14331065759637}, "3": {"start_time": 16.143310657596373, "end_time": 20.479637188208617}, "4": {"start_time": 20.479637188208617, "end_time": 31.60780045351474}, "5": {"start_time": 31.607800453514738, "end_time": 48.482902494331064}, "6": {"start_time": 48.482902494331064, "end_time": 62.589024943310655}, "7": {"start_time": 62.589024943310655, "end_time": 78.00126984126985}, "8": {"start_time": 78.00126984126985, "end_time": 89.80861678004536}, "9": {"start_time": 89.80861678004536, "end_time": 124.00290249433107}, "10": {"start_time": 124.00290249433107, "end_time": 177.47555555555556}, "11": {"start_time": 177.47555555555556, "end_time": 199.18331065759637}, "12": {"start_time": 199.18331065759637, "end_time": 210.62494331065759}, "13": {"start_time": 210.62494331065759, "end_time": 218.09596371882085}, "14": {"start_time": 218.09596371882085, "end_time": 235.12780045351474}, "15": {"start_time": 235.12780045351474, "end_time": 244.63637188208617}, "16": {"start_time": 244.63637188208617, "end_time": 258.11555555555555}, "17": {"start_time": 258.11555555555555, "end_time": 275.8265759637188}, "18": {"start_time": 275.8265759637188, "end_time": 283.9506575963719}, "19": {"start_time": 283.95065759637185, "end_time": 294.47800453514736}, "20": {"start_time": 294.4780045351474, "end_time": 309.3416780045352}, "21": {"start_time": 309.34167800453514, "end_time": 327.96698412698413}, "22": {"start_time": 327.96698412698413, "end_time": 356.5449433106576}, "23": {"start_time": 356.5449433106576, "end_time": 374.56943310657596}, "24": {"start_time": 374.56943310657596, "end_time": 397.0086167800454}, "25": {"start_time": 397.0086167800454, "end_time": 425.5865759637188}, "26": {"start_time": 425.5865759637188, "end_time": 449.20126984126983}, "27": {"start_time": 449.20126984126983, "end_time": 459.3367800453515}, "28": {"start_time": 459.3367800453515, "end_time": 480.80943310657597}, "29": {"start_time": 480.80943310657597, "end_time": 524.5645351473922}, "30": {"start_time": 524.5645351473922, "end_time": 548.1269841269841}, "31": {"start_time": 548.1269841269841, "end_time": 574.3539229024943}, "32": {"start_time": 574.3539229024943, "end_time": 585.9522902494331}, "33": {"start_time": 585.9522902494331, "end_time": 599.6665759637187}, "34": {"start_time": 599.6665759637189, "end_time": 629.9424943310657}, "35": {"start_time": 629.9424943310657, "end_time": 641.1751473922902}, "36": {"start_time": 641.1751473922902, "end_time": 653.6094331065759}, "37": {"start_time": 653.6094331065759, "end_time": 675.0037188208616}, "38": {"start_time": 675.0037188208616, "end_time": 695.58820861678}, "39": {"start_time": 695.5882086167801, "end_time": 719.594739229025}, "40": {"start_time": 719.594739229025, "end_time": 752.8486167800454}, "41": {"start_time": 752.8486167800454, "end_time": 785.6845351473924}, "42": {"start_time": 785.6845351473922, "end_time": 804.2575963718821}, "43": {"start_time": 804.2575963718821, "end_time": 820.9498412698413}, "44": {"start_time": 820.9498412698413, "end_time": 840.358820861678}, "45": {"start_time": 840.358820861678, "end_time": 852.9498412698413}, "46": {"start_time": 852.9498412698413, "end_time": 868.0224943310658}, "47": {"start_time": 868.0224943310658, "end_time": 894.8763718820862}, "48": {"start_time": 894.8763718820861, "end_time": 918.5171882086167}, "49": {"start_time": 918.5171882086167, "end_time": 957.8575963718821}, "50": {"start_time": 957.8575963718821, "end_time": 971.2322902494332}, "51": {"start_time": 971.2322902494332, "end_time": 992.8616780045352}, "52": {"start_time": 992.8616780045352, "end_time": 1005.9490249433106}, "53": {"start_time": 1005.9490249433106, "end_time": 1020.4992290249432}, "54": {"start_time": 1020.4992290249434, "end_time": 1041.5539229024944}, "55": {"start_time": 1041.5539229024944, "end_time": 1072.5351473922904}, "56": {"start_time": 1072.5351473922904, "end_time": 1085.5441269841272}, "57": {"start_time": 1085.544126984127, "end_time": 1106.5726984126984}, "58": {"start_time": 1106.5726984126984, "end_time": 1118.3278004535148}, "59": {"start_time": 1118.3278004535148, "end_time": 1142.5433106575965}, "60": {"start_time": 1142.5433106575963, "end_time": 1151.581678004535}, "61": {"start_time": 1151.5816780045352, "end_time": 1166.497596371882}}