{"1": {"start_time": 0.0, "end_time": 12.042086167800454}, "2": {"start_time": 12.042086167800454, "end_time": 21.68126984126984}, "3": {"start_time": 21.68126984126984, "end_time": 36.15310657596372}, "4": {"start_time": 36.15310657596372, "end_time": 62.30167800453515}, "5": {"start_time": 62.30167800453515, "end_time": 73.09024943310658}, "6": {"start_time": 73.09024943310658, "end_time": 89.57351473922903}, "7": {"start_time": 89.57351473922903, "end_time": 150.59555555555556}, "8": {"start_time": 150.59555555555556, "end_time": 167.91473922902495}, "9": {"start_time": 167.91473922902495, "end_time": 185.2861678004535}, "10": {"start_time": 185.2861678004535, "end_time": 205.8445351473923}, "11": {"start_time": 205.8445351473923, "end_time": 223.4510657596372}, "12": {"start_time": 223.45106575963717, "end_time": 235.65024943310655}, "13": {"start_time": 235.65024943310658, "end_time": 270.3931065759637}, "14": {"start_time": 270.3931065759637, "end_time": 301.7922902494331}, "15": {"start_time": 301.7922902494331, "end_time": 339.9310657596372}, "16": {"start_time": 339.9310657596372, "end_time": 358.4780045351474}, "17": {"start_time": 358.4780045351474, "end_time": 372.4012698412699}, "18": {"start_time": 372.4012698412698, "end_time": 395.9375963718821}, "19": {"start_time": 395.9375963718821, "end_time": 426.2918820861678}, "20": {"start_time": 426.2918820861678, "end_time": 460.98249433106577}, "21": {"start_time": 460.98249433106577, "end_time": 485.8510657596372}, "22": {"start_time": 485.8510657596372, "end_time": 500.50575963718825}, "23": {"start_time": 500.5057596371882, "end_time": 521.0380045351474}, "24": {"start_time": 521.0380045351474, "end_time": 543.5816780045351}, "25": {"start_time": 543.5816780045351, "end_time": 566.2298412698412}, "26": {"start_time": 566.2298412698412, "end_time": 606.1449433106576}, "27": {"start_time": 606.1449433106576, "end_time": 629.733514739229}, "28": {"start_time": 629.733514739229, "end_time": 664.8420861678004}, "29": {"start_time": 664.8420861678004, "end_time": 686.6804535147392}, "30": {"start_time": 686.6804535147393, "end_time": 718.9416780045352}, "31": {"start_time": 718.9416780045351, "end_time": 736.54820861678}, "32": {"start_time": 736.54820861678, "end_time": 752.2478004535147}, "33": {"start_time": 752.2478004535147, "end_time": 768.0257596371882}, "34": {"start_time": 768.0257596371882, "end_time": 778.7359637188209}, "35": {"start_time": 778.7359637188208, "end_time": 799.9212698412698}, "36": {"start_time": 799.9212698412698, "end_time": 848.0649433106576}, "37": {"start_time": 848.0649433106576, "end_time": 897.1490249433106}, "38": {"start_time": 897.1490249433107, "end_time": 916.6363718820862}, "39": {"start_time": 916.6363718820862, "end_time": 954.7490249433107}, "40": {"start_time": 954.7490249433107, "end_time": 973.034739229025}, "41": {"start_time": 973.0347392290249, "end_time": 998.8959637188209}, "42": {"start_time": 998.8959637188209, "end_time": 1015.0396371882086}, "43": {"start_time": 1015.0396371882086, "end_time": 1023.5555555555555}, "44": {"start_time": 1023.5555555555555, "end_time": 1047.0396371882086}, "45": {"start_time": 1047.0396371882086, "end_time": 1070.7849433106576}, "46": {"start_time": 1070.7849433106576, "end_time": 1079.6404535147392}, "47": {"start_time": 1079.6404535147392, "end_time": 1105.8673922902494}, "48": {"start_time": 1105.8673922902494, "end_time": 1115.1408616780045}, "49": {"start_time": 1115.1408616780045, "end_time": 1170.729433106576}, "50": {"start_time": 1170.729433106576, "end_time": 1192.4371882086168}, "51": {"start_time": 1192.4371882086168, "end_time": 1205.8902494331066}, "52": {"start_time": 1205.8902494331066, "end_time": 1233.3971882086169}, "53": {"start_time": 1233.3971882086169, "end_time": 1248.6526984126986}, "54": {"start_time": 1248.6526984126983, "end_time": 1258.7620861678004}, "55": {"start_time": 1258.7620861678004, "end_time": 1298.7033106575964}, "56": {"start_time": 1298.7033106575964, "end_time": 1315.76126984127}, "57": {"start_time": 1315.76126984127, "end_time": 1330.4943310657598}, "58": {"start_time": 1330.4943310657595, "end_time": 1339.1931065759636}, "59": {"start_time": 1339.1931065759636, "end_time": 1356.4600453514738}, "60": {"start_time": 1356.460045351474, "end_time": 1364.5057596371882}, "61": {"start_time": 1364.5057596371882, "end_time": 1406.6935147392292}, "62": {"start_time": 1406.693514739229, "end_time": 1423.8298412698412}, "63": {"start_time": 1423.8298412698414, "end_time": 1434.8535147392292}, "64": {"start_time": 1434.853514739229, "end_time": 1477.093514739229}, "65": {"start_time": 1477.093514739229, "end_time": 1502.0665759637188}, "66": {"start_time": 1502.0665759637188, "end_time": 1530.3049433106576}, "67": {"start_time": 1530.3049433106576, "end_time": 1547.4151473922902}, "68": {"start_time": 1547.4151473922902, "end_time": 1564.4992290249434}, "69": {"start_time": 1564.4992290249434, "end_time": 1582.837188208617}, "70": {"start_time": 1582.8371882086167, "end_time": 1594.9580045351472}, "71": {"start_time": 1594.9580045351474, "end_time": 1609.8216780045352}, "72": {"start_time": 1609.8216780045352, "end_time": 1633.2273922902496}, "73": {"start_time": 1633.2273922902493, "end_time": 1678.8110657596371}, "74": {"start_time": 1678.8110657596371, "end_time": 1692.0290249433106}, "75": {"start_time": 1692.0290249433106, "end_time": 1733.8249433106575}, "76": {"start_time": 1733.8249433106575, "end_time": 1744.8224943310656}, "77": {"start_time": 1744.8224943310659, "end_time": 1776.1171882086169}, "78": {"start_time": 1776.1171882086169, "end_time": 1807.5424943310659}, "79": {"start_time": 1807.5424943310657, "end_time": 1840.4306575963717}, "80": {"start_time": 1840.430657596372, "end_time": 1861.8510657596373}, "81": {"start_time": 1861.851065759637, "end_time": 1908.0878004535145}, "82": {"start_time": 1908.0878004535148, "end_time": 1919.0853514739229}, "83": {"start_time": 1919.0853514739229, "end_time": 1943.3792290249432}, "84": {"start_time": 1943.3792290249432, "end_time": 1981.9098412698413}, "85": {"start_time": 1981.9098412698413, "end_time": 2000.6396371882086}, "86": {"start_time": 2000.6396371882086, "end_time": 2026.1351473922903}, "87": {"start_time": 2026.1351473922903, "end_time": 2042.6184126984126}, "88": {"start_time": 2042.6184126984126, "end_time": 2053.5114739229025}, "89": {"start_time": 2053.5114739229025, "end_time": 2067.3302494331065}, "90": {"start_time": 2067.3302494331065, "end_time": 2093.400453514739}, "91": {"start_time": 2093.400453514739, "end_time": 2122.8404535147392}, "92": {"start_time": 2122.8404535147392, "end_time": 2147.865759637188}, "93": {"start_time": 2147.865759637188, "end_time": 2179.944126984127}, "94": {"start_time": 2179.944126984127, "end_time": 2191.960453514739}, "95": {"start_time": 2191.960453514739, "end_time": 2205.7531065759636}, "96": {"start_time": 2205.7531065759636, "end_time": 2219.3106575963716}, "97": {"start_time": 2219.310657596372, "end_time": 2250.0045351473923}, "98": {"start_time": 2250.0045351473923, "end_time": 2264.293514739229}, "99": {"start_time": 2264.293514739229, "end_time": 2288.744126984127}, "100": {"start_time": 2288.744126984127, "end_time": 2308.8322902494333}, "101": {"start_time": 2308.8322902494333, "end_time": 2330.4616780045353}, "102": {"start_time": 2330.4616780045353, "end_time": 2348.0159637188212}, "103": {"start_time": 2348.015963718821, "end_time": 2404.6755555555555}, "104": {"start_time": 2404.6755555555555, "end_time": 2427.4020861678005}, "105": {"start_time": 2427.4020861678005, "end_time": 2448.221678004535}, "106": {"start_time": 2448.221678004535, "end_time": 2476.2771882086167}, "107": {"start_time": 2476.2771882086167, "end_time": 2493.7531065759636}, "108": {"start_time": 2493.7531065759636, "end_time": 2507.6241269841266}, "109": {"start_time": 2507.624126984127, "end_time": 2519.300861678005}, "110": {"start_time": 2519.3008616780044,