{"1": {"start_time": 0.0, "end_time": 5.720453514739229}, "2": {"start_time": 5.720453514739229, "end_time": 66.19392290249434}, "3": {"start_time": 66.19392290249434, "end_time": 85.89024943310659}, "4": {"start_time": 85.89024943310658, "end_time": 102.86984126984127}, "5": {"start_time": 102.86984126984127, "end_time": 163.76126984126984}, "6": {"start_time": 163.76126984126984, "end_time": 179.51310657596372}, "7": {"start_time": 179.51310657596372, "end_time": 197.56371882086168}, "8": {"start_time": 197.56371882086168, "end_time": 215.95392290249433}, "9": {"start_time": 215.95392290249433, "end_time": 240.0910657596372}, "10": {"start_time": 240.0910657596372, "end_time": 267.624126984127}, "11": {"start_time": 267.624126984127, "end_time": 349.2045351473923}, "12": {"start_time": 349.2045351473923, "end_time": 376.16290249433104}, "13": {"start_time": 376.1629024943311, "end_time": 426.52698412698413}, "14": {"start_time": 426.52698412698413, "end_time": 452.2314739229025}}