{"1": {"start_time": 0.0, "end_time": 9.482086167800453}, "3": {"start_time": 9.482086167800453, "end_time": 12.015963718820862}, "4": {"start_time": 12.015963718820862, "end_time": 14.993922902494331}, "5": {"start_time": 14.993922902494331, "end_time": 19.852698412698413}}