{"1": {"start_time": 0.0, "end_time": 15.359637188208618}, "2": {"start_time": 15.359637188208616, "end_time": 29.570249433106575}, "3": {"start_time": 29.570249433106575, "end_time": 39.83637188208617}, "4": {"start_time": 39.83637188208617, "end_time": 74.03065759637188}, "5": {"start_time": 74.03065759637188, "end_time": 83.74820861678005}, "6": {"start_time": 83.74820861678005, "end_time": 98.9514739229025}, "7": {"start_time": 98.9514739229025, "end_time": 122.85351473922903}, "8": {"start_time": 122.85351473922903, "end_time": 140.8518820861678}, "9": {"start_time": 140.8518820861678, "end_time": 164.93678004535147}, "10": {"start_time": 164.93678004535147, "end_time": 209.34494331065758}, "11": {"start_time": 209.34494331065758, "end_time": 224.0257596371882}, "12": {"start_time": 224.0257596371882, "end_time": 257.6453514739229}, "13": {"start_time": 257.6453514739229, "end_time": 302.2363718820862}, "14": {"start_time": 302.2363718820862, "end_time": 339.48698412698417}, "15": {"start_time": 339.4869841269841, "end_time": 358.5302494331066}, "16": {"start_time": 358.5302494331066, "end_time": 390.32126984126984}, "17": {"start_time": 390.32126984126984, "end_time": 408.424126984127}, "18": {"start_time": 408.424126984127, "end_time": 427.78086167800456}, "19": {"start_time": 427.78086167800456, "end_time": 462.9939229024944}, "20": {"start_time": 462.9939229024943, "end_time": 520.0975963718821}, "21": {"start_time": 520.0975963718821, "end_time": 553.2992290249433}, "22": {"start_time": 553.2992290249433, "end_time": 583.8102494331066}, "23": {"start_time": 583.8102494331066, "end_time": 602.0698412698413}, "24": {"start_time": 602.0698412698413, "end_time": 619.0755555555555}, "25": {"start_time": 619.0755555555555, "end_time": 670.7718820861678}, "26": {"start_time": 670.7718820861678, "end_time": 694.8567800453515}, "27": {"start_time": 694.8567800453515, "end_time": 761.6257596371881}, "28": {"start_time": 761.6257596371883, "end_time": 792.4763718820863}, "29": {"start_time": 792.4763718820861, "end_time": 827.3237188208617}}