{"1": {"start_time": 0.0, "end_time": 5.563718820861678}, "2": {"start_time": 5.563718820861678, "end_time": 16.744126984126986}, "3": {"start_time": 16.744126984126986, "end_time": 37.53759637188209}, "4": {"start_time": 37.53759637188209, "end_time": 40.77678004535148}, "5": {"start_time": 40.77678004535147, "end_time": 46.889433106575964}, "6": {"start_time": 46.889433106575964, "end_time": 64.65269841269841}, "7": {"start_time": 64.65269841269841, "end_time": 76.46004535147392}, "8": {"start_time": 76.46004535147392, "end_time": 86.7784126984127}, "9": {"start_time": 86.7784126984127, "end_time": 94.56290249433106}, "10": {"start_time": 94.56290249433107, "end_time": 104.0714739229025}, "11": {"start_time": 104.0714739229025, "end_time": 127.45106575963719}, "12": {"start_time": 127.45106575963719, "end_time": 135.0265759637188}, "13": {"start_time": 135.0265759637188, "end_time": 145.58004535147393}, "14": {"start_time": 145.58004535147393, "end_time": 158.5367800453515}, "15": {"start_time": 158.53678004535146, "end_time": 187.1931065759637}, "16": {"start_time": 187.19310657596372, "end_time": 212.40126984126985}, "17": {"start_time": 212.40126984126985, "end_time": 236.46004535147392}, "18": {"start_time": 236.46004535147392, "end_time": 268.77351473922903}, "19": {"start_time": 268.77351473922903, "end_time": 298.474739229025}, "20": {"start_time": 298.4747392290249, "end_time": 353.04453514739225}, "21": {"start_time": 353.0445351473923, "end_time": 368.5090249433107}, "22": {"start_time": 368.50902494331064, "end_time": 411.2714739229025}, "23": {"start_time": 411.2714739229025, "end_time": 455.52290249433105}, "24": {"start_time": 455.52290249433105, "end_time": 464.56126984126985}, "25": {"start_time": 464.56126984126985, "end_time": 485.093514739229}, "26": {"start_time": 485.093514739229, "end_time": 493.5049433106576}, "27": {"start_time": 493.5049433106576, "end_time": 517.4592290249433}, "28": {"start_time": 517.4592290249433, "end_time": 532.8714739229025}, "29": {"start_time": 532.8714739229025, "end_time": 561.7890249433107}, "30": {"start_time": 561.7890249433107, "end_time": 602.9580045351474}, "31": {"start_time": 602.9580045351474, "end_time": 614.4257596371882}, "32": {"start_time": 614.4257596371882, "end_time": 660.0878004535148}, "33": {"start_time": 660.0878004535148, "end_time": 677.354739229025}, "34": {"start_time": 677.354739229025, "end_time": 689.8151473922903}, "35": {"start_time": 689.8151473922902, "end_time": 704.104126984127}, "36": {"start_time": 704.104126984127, "end_time": 718.9939229024943}, "37": {"start_time": 718.9939229024943, "end_time": 736.7310657596372}, "38": {"start_time": 736.7310657596372, "end_time": 758.7000453514739}, "39": {"start_time": 758.7000453514739, "end_time": 769.0184126984127}, "40": {"start_time": 769.0184126984127, "end_time": 790.3865759637188}, "41": {"start_time": 790.3865759637188, "end_time": 813.5310657596372}, "42": {"start_time": 813.5310657596372, "end_time": 823.144126984127}, "43": {"start_time": 823.144126984127, "end_time": 846.7849433106576}, "44": {"start_time": 846.7849433106576, "end_time": 858.8012698412698}, "45": {"start_time": 858.8012698412698, "end_time": 870.2167800453515}, "46": {"start_time": 870.2167800453515, "end_time": 900.649433106576}, "47": {"start_time": 900.649433106576, "end_time": 917.0804535147392}, "48": {"start_time": 917.0804535147392, "end_time": 931.2126984126984}, "49": {"start_time": 931.2126984126984, "end_time": 947.8004535147392}, "50": {"start_time": 947.8004535147393, "end_time": 981.3678004535147}, "51": {"start_time": 981.3678004535147, "end_time": 1020.7865759637189}, "52": {"start_time": 1020.7865759637189, "end_time": 1036.06820861678}, "53": {"start_time": 1036.06820861678, "end_time": 1056.3392290249433}, "54": {"start_time": 1056.3392290249433, "end_time": 1070.758820861678}, "55": {"start_time": 1070.758820861678, "end_time": 1086.118820861678}, "56": {"start_time": 1086.118820861678, "end_time": 1110.30820861678}, "57": {"start_time": 1110.3082086167801, "end_time": 1135.8037188208618}, "58": {"start_time": 1135.8037188208616, "end_time": 1171.4086167800453}, "59": {"start_time": 1171.4086167800453, "end_time": 1192.1759637188209}, "60": {"start_time": 1192.1759637188209, "end_time": 1206.9873922902495}, "61": {"start_time": 1206.9873922902495, "end_time": 1221.224126984127}, "62": {"start_time": 1221.224126984127, "end_time": 1233.2665759637189}, "63": {"start_time": 1233.2665759637189, "end_time": 1247.8690249433107}, "64": {"start_time": 1247.8690249433107, "end_time": 1276.1596371882088}, "65": {"start_time": 1276.1596371882085, "end_time": 1286.7914739229025}, "66": {"start_time": 1286.7914739229025, "end_time": 1303.3008616780046}, "67": {"start_time": 1303.3008616780046, "end_time": 1315.4216780045351}, "68": {"start_time": 1315.4216780045351, "end_time": 1322.1351473922903}, "69": {"start_time": 1322.1351473922903, "end_time": 1328.352290249433}, "70": {"start_time": 1328.352290249433, "end_time": 1342.4584126984128}, "71": {"start_time": 1342.4584126984128, "end_time": 1355.0755555555556}, "72": {"start_time": 1355.0755555555556, "end_time": 1372.0551473922903}, "73": {"start_time": 1372.0551473922903, "end_time": 1380.074739229025}, "74": {"start_time": 1380.074739229025, "end_time": 1388.9824943310657}, "75": {"start_time": 1388.9824943310657, "end_time": 1416.7245351473923}, "76": {"start_time": 1416.7245351473923, "end_time": 1425.2143310657596}, "77": {"start_time": 1425.2143310657596, "end_time": 1438.824126984127}, "78": {"start_time": 1438.824126984127, "end_time": 1477.3286167800452}, "79": {"start_time": 1477.3286167800454, "end_time": 1489.0314739229025}, "80": {"start_time": 1489.0314739229025, "end_time": 1512.5155555555555}, "81": {"start_time": 1512.5155555555555, "end_time": 1527.1963718820862}, "82": {"start_time": 1527.1963718820862, "end_time": 1539.8396371882086}, "83": {"start_time": 1539.8396371882086, "end_time": 1590.6216780045352}, "84": {"start_time": 1590.6216780045352, "end_time": 1600.4437188208617}, "85": {"start_time": 1600.4437188208617, "end_time": 1611.8069841269842}, "86": {"start_time": 1611.8069841269842, "end_time": 1614.2102494331066}, "87": {"start_time": 1614.2102494331066, "end_time": 1643.2845351473923}, "88": {"start_time": 1643.2845351473923, "end_time": 1658.3571882086167}, "89": {"start_time": 1658.357188208617, "end_time": 1673.5082086167802}, "90": {"start_time": 1673.50820861678, "end_time": 1677.0608616780044}, "91": {"start_time": 1677.0608616780046, "end_time": 1691.5326984126984}, "92": {"start_time": 1691.5326984126984, "end_time": 1697.4363718820862}, "93": {"start_time": 1697.4363718820862, "end_time": 1701.0673922902495}, "94": {"start_time": 1701.0673922902495, "end_time": 1714.9906575963719}, "95": {"start_time": 1714.9906575963719, "end_time": 1737.2731065759638}, "96": {"start_time": 1737.2731065759638, "end_time": 1750.96126984127}, "97": {"start_time": 1750.9612698412698, "end_time": 1776.5351473922901}, "98": {"start_time": 1776.5351473922904, "end_time": 1785.7563718820863}, "99": {"start_time": 1785.7563718820861, "end_time": 1803.362902494331}, "100": {"start_time": 1803.3629024943311, "end_time": 1814.8829024943311}, "101": {"start_time": 1814.8829024943311, "end_time": 1822.6412698412698}, "102": {"start_time": 1822.6412698412698, "end_time": 1836.0159637188208}, "103": {"start_time": 1836.0159637188208, "end_time": 1859.9441269841268}, "104": {"start_time": 1859.944126984127, "end_time": 1866.6314739229026}, "105": {"start_time": 1866.6314739229024, "end_time": 1882.0959637188207}, "106": {"start_time": 1882.095963718821, "end_time": 1903.5163718820863}, "107": {"start_time": 1903.516371882086, "end_time": 1918.5367800453514}, "108": {"start_time": 1918.5367800453514, "end_time": 1930.3702494331064}, "109": {"start_time": 1930.3702494331067, "end_time": 1936.5090249433108}, "110": {"start_time": 1936.5090249433106,