{"1": {"start_time": 0.0, "end_time": 47.62086167800454}, "3": {"start_time": 47.62086167800454, "end_time": 70.13841269841271}, "4": {"start_time": 70.1384126984127, "end_time": 108.4861678004535}, "5": {"start_time": 108.48616780045352, "end_time": 129.3318820861678}, "6": {"start_time": 129.3318820861678, "end_time": 151.22249433106577}, "7": {"start_time": 151.22249433106575, "end_time": 203.10167800453513}, "8": {"start_time": 203.10167800453516, "end_time": 240.14331065759637}, "9": {"start_time": 240.14331065759637, "end_time": 255.3726984126984}, "10": {"start_time": 255.3726984126984, "end_time": 276.63637188208617}, "11": {"start_time": 276.63637188208617, "end_time": 299.3629024943311}, "12": {"start_time": 299.3629024943311, "end_time": 388.44045351473926}, "13": {"start_time": 388.4404535147392, "end_time": 489.76943310657595}, "14": {"start_time": 489.76943310657595, "end_time": 512.9400453514739}, "15": {"start_time": 512.9400453514739, "end_time": 532.2706575963718}, "16": {"start_time": 532.2706575963718, "end_time": 568.8159637188209}, "17": {"start_time": 568.8159637188209, "end_time": 587.9637188208617}, "18": {"start_time": 587.9637188208617, "end_time": 617.4298412698413}, "19": {"start_time": 617.4298412698413, "end_time": 651.9114739229025}, "20": {"start_time": 651.9114739229025, "end_time": 708.3098412698413}, "21": {"start_time": 708.3098412698413, "end_time": 731.2453514739229}, "22": {"start_time": 731.2453514739229, "end_time": 744.620045351474}, "23": {"start_time": 744.6200453514739, "end_time": 767.6861678004535}, "24": {"start_time": 767.6861678004535, "end_time": 849.3449433106576}, "25": {"start_time": 849.3449433106576, "end_time": 900.649433106576}, "26": {"start_time": 900.649433106576, "end_time": 981.5767800453515}, "27": {"start_time": 981.5767800453515, "end_time": 997.7465759637188}, "28": {"start_time": 997.7465759637188, "end_time": 1012.6102494331066}, "29": {"start_time": 1012.6102494331066, "end_time": 1023.5816780045351}, "30": {"start_time": 1023.5816780045351, "end_time": 1054.7196371882085}, "31": {"start_time": 1054.7196371882087, "end_time": 1068.0943310657597}, "32": {"start_time": 1068.0943310657597, "end_time": 1089.1490249433107}, "33": {"start_time": 1089.1490249433107, "end_time": 1119.0069841269842}, "34": {"start_time": 1119.0069841269842, "end_time": 1143.4314739229026}, "35": {"start_time": 1143.4314739229026, "end_time": 1195.8069841269842}, "36": {"start_time": 1195.8069841269842, "end_time": 1229.8967800453515}, "37": {"start_time": 1229.8967800453515, "end_time": 1267.8788208616782}, "38": {"start_time": 1267.878820861678, "end_time": 1287.5490249433105}, "39": {"start_time": 1287.5490249433108, "end_time": 1310.0143310657597}, "40": {"start_time": 1310.0143310657597, "end_time": 1327.3073922902495}, "41": {"start_time": 1327.3073922902495, "end_time": 1341.4396371882087}, "42": {"start_time": 1341.4396371882085, "end_time": 1356.4600453514738}, "43": {"start_time": 1356.460045351474, "end_time": 1374.6673922902496}, "44": {"start_time": 1374.6673922902494, "end_time": 1450.213514739229}, "45": {"start_time": 1450.213514739229, "end_time": 1463.6926984126983}, "46": {"start_time": 1463.6926984126985, "end_time": 1475.4739229024945}, "47": {"start_time": 1475.4739229024942, "end_time": 1524.192290249433}, "48": {"start_time": 1524.1922902494332, "end_time": 1559.0396371882086}, "49": {"start_time": 1559.0396371882086, "end_time": 1580.0159637188208}, "50": {"start_time": 1580.0159637188208, "end_time": 1594.461678004535}, "51": {"start_time": 1594.461678004535, "end_time": 1605.8249433106575}, "52": {"start_time": 1605.8249433106575, "end_time": 1630.1971882086168}, "53": {"start_time": 1630.1971882086168, "end_time": 1644.06820861678}, "54": {"start_time": 1644.06820861678, "end_time": 1652.8714739229026}, "55": {"start_time": 1652.8714739229024, "end_time": 1674.213514739229}, "56": {"start_time": 1674.213514739229, "end_time": 1686.491065759637}, "57": {"start_time": 1686.4910657596372, "end_time": 1714.024126984127}, "58": {"start_time": 1714.024126984127, "end_time": 1747.1996371882085}, "59": {"start_time": 1747.1996371882087, "end_time": 1775.3596371882088}, "60": {"start_time": 1775.3596371882086, "end_time": 1807.3596371882086}, "61": {"start_time": 1807.3596371882086, "end_time": 1847.8494331065758}, "62": {"start_time": 1847.849433106576, "end_time": 1863.7057596371883}, "63": {"start_time": 1863.7057596371883, "end_time": 1893.7726984126984}, "64": {"start_time": 1893.7726984126984, "end_time": 1916.4731065759638}, "65": {"start_time": 1916.4731065759638, "end_time": 1951.9735147392291}, "66": {"start_time": 1951.9735147392291, "end_time": 1975.797188208617}, "67": {"start_time": 1975.7971882086167, "end_time": 2007.8233106575963}, "68": {"start_time": 2007.8233106575963, "end_time": 2016.3914739229024}, "69": {"start_time": 2016.3914739229026, "end_time": 2022.0078004535148}, "70": {"start_time": 2022.0078004535148, "end_time": 2055.784126984127}, "71": {"start_time": 2055.784126984127, "end_time": 2065.0837188208616}, "72": {"start_time": 2065.0837188208616, "end_time": 2077.726984126984}, "73": {"start_time": 2077.726984126984, "end_time": 2095.594739229025}, "74": {"start_time": 2095.594739229025, "end_time": 2122.1873922902496}, "75": {"start_time": 2122.1873922902496, "end_time": 2142.7196371882087}, "76": {"start_time": 2142.7196371882087, "end_time": 2182.2167800453517}, "77": {"start_time": 2182.2167800453517, "end_time": 2210.167800453515}, "78": {"start_time": 2210.1678004535147, "end_time": 2266.592290249433}, "79": {"start_time": 2266.592290249433, "end_time": 2311.3922902494332}, "80": {"start_time": 2311.3922902494332, "end_time": 2337.0445351473923}, "81": {"start_time": 2337.0445351473923, "end_time": 2352.1433106575964}, "82": {"start_time": 2352.1433106575964, "end_time": 2382.65433106576}, "83": {"start_time": 2382.65433106576, "end_time": 2398.118820861678}, "84": {"start_time": 2398.118820861678, "end_time": 2430.7980045351474}, "85": {"start_time": 2430.7980045351474, "end_time": 2454.2037188208615}, "86": {"start_time": 2454.2037188208615, "end_time": 2478.2624943310657}, "87": {"start_time": 2478.2624943310657, "end_time": 2495.503310657596}, "88": {"start_time": 2495.5033106575966, "end_time": 2514.4682086167804}, "89": {"start_time": 2514.46820861678, "end_time": 2536.985759637188}, "90": {"start_time": 2536.985759637188, "end_time": 2569.4037188208613}, "91": {"start_time": 2569.4037188208617, "end_time": 2608.221678004535}, "92": {"start_time": 2608.221678004535, "end_time": 2648.4502494331064}, "93": {"start_time": 2648.4502494331064, "end_time": 2726.1906575963717}, "94": {"start_time": 2726.1906575963717, "end_time": 2759.8624943310656}, "95": {"start_time": 2759.8624943310656, "end_time": 2803.9049433106575}, "96": {"start_time": 2803.9049433106575, "end_time": 2839.1702494331066}, "97": {"start_time": 2839.1702494331066, "end_time": 2848.9661678004536}, "98": {"start_time": 2848.9661678004536, "end_time": 2885.6420861678007}, "99": {"start_time": 2885.6420861678002, "end_time": 2904.1367800453513}, "100": {"start_time": 2904.1367800453513, "end_time": 2916.5449433106573}, "101": {"start_time": 2916.544943310658, "end_time": 2951.810249433107}, "102": {"start_time": 2951.8102494331065, "end_time": 2975.2159637188206}, "103": {"start_time": 2975.215963718821, "end_time": 3068.4208616780047}, "104": {"start_time": 3068.4208616780047, "end_time": 3093.7073922902496}, "105": {"start_time": 3093.7073922902496, "end_time": 3126.2820861678006}, "106": {"start_time": 3126.2820861678006, "end_time": 3149.0608616780046}, "107": {"start_time": 3149.0608616780046, "end_time": 3158.4910657596374}, "108": {"start_time": 3158.491065759637, "end_time": 3173.01514739229}, "109": {"start_time": 3173.01514739229, "end_time": 3194.540045351474}, "110": {"start_time": 3194.540045351474, "end_time": 3216.6657596371883},