{"1": {"start_time": 0.0, "end_time": 9.743310657596371}, "3": {"start_time": 9.743310657596371, "end_time": 15.150657596371882}, "4": {"start_time": 15.150657596371882, "end_time": 21.576780045351473}, "5": {"start_time": 21.576780045351473, "end_time": 25.93922902494331}, "6": {"start_time": 25.939229024943312, "end_time": 30.61514739229025}, "7": {"start_time": 30.61514739229025, "end_time": 35.552290249433106}, "8": {"start_time": 35.552290249433106, "end_time": 40.25433106575964}, "9": {"start_time": 40.25433106575964, "end_time": 44.251065759637186}, "10": {"start_time": 44.251065759637186, "end_time": 50.05024943310657}, "11": {"start_time": 50.05024943310658, "end_time": 53.86412698412699}, "12": {"start_time": 53.86412698412698, "end_time": 61.15229024943311}, "13": {"start_time": 61.15229024943311, "end_time": 68.5449433106576}, "14": {"start_time": 68.5449433106576, "end_time": 75.5980045351474}, "15": {"start_time": 75.5980045351474, "end_time": 85.70739229024943}, "16": {"start_time": 85.70739229024943, "end_time": 95.398820861678}, "17": {"start_time": 95.398820861678, "end_time": 114.598820861678}, "18": {"start_time": 114.598820861678, "end_time": 124.68208616780046}, "19": {"start_time": 124.68208616780045, "end_time": 137.69106575963718}, "20": {"start_time": 137.69106575963718, "end_time": 148.7669841269841}, "21": {"start_time": 148.7669841269841, "end_time": 161.01841269841267}, "22": {"start_time": 161.0184126984127, "end_time": 189.7792290249433}, "23": {"start_time": 189.7792290249433, "end_time": 201.22086167800452}, "24": {"start_time": 201.22086167800452, "end_time": 211.30412698412698}, "25": {"start_time": 211.30412698412698, "end_time": 222.71963718820862}, "26": {"start_time": 222.71963718820862, "end_time": 232.85514739229026}, "27": {"start_time": 232.85514739229026, "end_time": 244.79310657596372}, "28": {"start_time": 244.79310657596372, "end_time": 254.71963718820862}, "29": {"start_time": 254.71963718820862, "end_time": 269.34820861678}, "30": {"start_time": 269.34820861678, "end_time": 282.2004535147392}, "31": {"start_time": 282.20045351473925, "end_time": 291.2649433106576}, "32": {"start_time": 291.2649433106576, "end_time": 301.3220861678005}, "33": {"start_time": 301.3220861678005, "end_time": 313.129433106576}, "34": {"start_time": 313.12943310657596, "end_time": 320.75718820861675}, "35": {"start_time": 320.75718820861675, "end_time": 331.70249433106574}, "36": {"start_time": 331.70249433106574, "end_time": 339.5131065759637}, "37": {"start_time": 339.5131065759637, "end_time": 348.0551473922902}, "38": {"start_time": 348.0551473922902, "end_time": 359.07882086167797}, "39": {"start_time": 359.078820861678, "end_time": 374.3604535147393}, "40": {"start_time": 374.3604535147392, "end_time": 380.6037188208617}, "41": {"start_time": 380.6037188208617, "end_time": 391.86249433106576}, "42": {"start_time": 391.86249433106576, "end_time": 399.5686167800454}, "43": {"start_time": 399.5686167800454, "end_time": 409.5212698412699}, "44": {"start_time": 409.5212698412698, "end_time": 423.07882086167797}, "45": {"start_time": 423.078820861678, "end_time": 437.8902494331066}, "46": {"start_time": 437.8902494331066, "end_time": 447.1637188208617}, "47": {"start_time": 447.1637188208617, "end_time": 458.10902494331066}, "48": {"start_time": 458.10902494331066, "end_time": 472.78984126984125}, "49": {"start_time": 472.78984126984125, "end_time": 486.76535147392286}, "50": {"start_time": 486.7653514739229, "end_time": 497.03147392290253}}