{"1": {"start_time": 0.0, "end_time": 16.97922902494331}, "2": {"start_time": 16.97922902494331, "end_time": 32.60045351473923}, "3": {"start_time": 32.60045351473923, "end_time": 49.0053514739229}, "4": {"start_time": 49.0053514739229, "end_time": 62.90249433106575}, "5": {"start_time": 62.90249433106576, "end_time": 78.99392290249433}, "6": {"start_time": 78.99392290249433, "end_time": 92.94331065759637}, "7": {"start_time": 92.94331065759637, "end_time": 114.10249433106576}, "8": {"start_time": 114.10249433106576, "end_time": 140.35555555555555}, "9": {"start_time": 140.35555555555555, "end_time": 151.0918820861678}, "10": {"start_time": 151.0918820861678, "end_time": 201.45596371882087}, "11": {"start_time": 201.45596371882087, "end_time": 212.2445351473923}, "12": {"start_time": 212.2445351473923, "end_time": 236.25106575963719}, "13": {"start_time": 236.25106575963719, "end_time": 255.7122902494331}, "14": {"start_time": 255.7122902494331, "end_time": 278.98739229024943}, "15": {"start_time": 278.98739229024943, "end_time": 291.2126984126984}, "16": {"start_time": 291.2126984126984, "end_time": 307.06902494331064}, "17": {"start_time": 307.06902494331064, "end_time": 338.07637188208616}, "18": {"start_time": 338.07637188208616, "end_time": 352.78331065759636}, "19": {"start_time": 352.78331065759636, "end_time": 366.184126984127}, "20": {"start_time": 366.184126984127, "end_time": 387.36943310657597}, "21": {"start_time": 387.36943310657597, "end_time": 401.81514739229027}, "22": {"start_time": 401.81514739229027, "end_time": 423.31392290249437}, "23": {"start_time": 423.3139229024943, "end_time": 446.6151473922902}, "24": {"start_time": 446.6151473922902, "end_time": 472.9726984126984}, "25": {"start_time": 472.97269841269843, "end_time": 513.9588208616781}, "26": {"start_time": 513.958820861678, "end_time": 529.6845351473922}, "27": {"start_time": 529.6845351473922, "end_time": 552.8812698412698}, "28": {"start_time": 552.8812698412698, "end_time": 569.8608616780045}, "29": {"start_time": 569.8608616780045, "end_time": 598.1253514739229}, "30": {"start_time": 598.1253514739229, "end_time": 605.9620861678005}, "31": {"start_time": 605.9620861678004, "end_time": 631.9539229024942}, "32": {"start_time": 631.9539229024944, "end_time": 652.4861678004536}, "33": {"start_time": 652.4861678004535, "end_time": 680.8551473922902}, "34": {"start_time": 680.8551473922903, "end_time": 697.8086167800454}, "35": {"start_time": 697.8086167800453, "end_time": 711.3400453514739}, "36": {"start_time": 711.3400453514739, "end_time": 726.882902494331}, "37": {"start_time": 726.8829024943311, "end_time": 736.0780045351474}, "38": {"start_time": 736.0780045351474, "end_time": 755.7482086167801}, "39": {"start_time": 755.7482086167801, "end_time": 776.3326984126984}, "40": {"start_time": 776.3326984126984, "end_time": 810.9449433106575}, "41": {"start_time": 810.9449433106575, "end_time": 836.2837188208616}, "42": {"start_time": 836.2837188208616, "end_time": 850.9645351473922}, "43": {"start_time": 850.9645351473923, "end_time": 865.5147392290249}, "44": {"start_time": 865.5147392290249, "end_time": 877.8445351473923}, "45": {"start_time": 877.8445351473923, "end_time": 905.194739229025}, "46": {"start_time": 905.1947392290249, "end_time": 936.6722902494331}, "47": {"start_time": 936.6722902494331, "end_time": 966.1122902494332}, "48": {"start_time": 966.1122902494332, "end_time": 982.6478004535148}, "49": {"start_time": 982.6478004535147, "end_time": 1000.1498412698412}, "50": {"start_time": 1000.1498412698413, "end_time": 1022.2755555555556}, "51": {"start_time": 1022.2755555555556, "end_time": 1043.9049433106577}, "52": {"start_time": 1043.9049433106577, "end_time": 1065.9522902494332}, "53": {"start_time": 1065.9522902494332, "end_time": 1088.940045351474}, "54": {"start_time": 1088.9400453514738, "end_time": 1100.6429024943309}, "55": {"start_time": 1100.642902494331, "end_time": 1115.558820861678}, "56": {"start_time": 1115.558820861678, "end_time": 1128.8551473922903}, "57": {"start_time": 1128.8551473922903, "end_time": 1142.2298412698412}, "58": {"start_time": 1142.2298412698412, "end_time": 1170.8861678004534}, "59": {"start_time": 1170.8861678004534, "end_time": 1178.278820861678}, "60": {"start_time": 1178.278820861678, "end_time": 1195.7286167800453}, "61": {"start_time": 1195.7286167800453, "end_time": 1214.9286167800453}, "62": {"start_time": 1214.9286167800453, "end_time": 1231.516371882086}, "63": {"start_time": 1231.516371882086, "end_time": 1262.2624943310657}, "64": {"start_time": 1262.2624943310657, "end_time": 1282.3767800453513}, "65": {"start_time": 1282.3767800453516, "end_time": 1296.9008616780045}, "66": {"start_time": 1296.9008616780045, "end_time": 1307.480453514739}, "67": {"start_time": 1307.4804535147393, "end_time": 1326.9155555555556}, "68": {"start_time": 1326.9155555555556, "end_time": 1347.1343310657596}, "69": {"start_time": 1347.1343310657596, "end_time": 1363.878820861678}}