{"1": {"start_time": 0.0, "end_time": 14.732698412698412}, "2": {"start_time": 14.732698412698413, "end_time": 20.009433106575965}, "3": {"start_time": 20.009433106575965, "end_time": 26.77514739229025}, "4": {"start_time": 26.77514739229025, "end_time": 32.783310657596374}, "5": {"start_time": 32.783310657596374, "end_time": 39.54902494331066}, "6": {"start_time": 39.549024943310656, "end_time": 45.03473922902494}, "7": {"start_time": 45.03473922902494, "end_time": 53.629024943310654}, "8": {"start_time": 53.62902494331066, "end_time": 65.958820861678}, "9": {"start_time": 65.958820861678, "end_time": 79.49024943310658}, "10": {"start_time": 79.49024943310657, "end_time": 97.51473922902494}, "11": {"start_time": 97.51473922902494, "end_time": 119.30086167800454}, "12": {"start_time": 119.30086167800454, "end_time": 125.85759637188208}, "13": {"start_time": 125.85759637188208, "end_time": 133.1196371882086}, "14": {"start_time": 133.11963718820863, "end_time": 138.60535147392292}, "15": {"start_time": 138.6053514739229, "end_time": 143.33351473922903}, "16": {"start_time": 143.33351473922903, "end_time": 148.2184126984127}, "17": {"start_time": 148.2184126984127, "end_time": 153.6518820861678}, "18": {"start_time": 153.6518820861678, "end_time": 158.4322902494331}, "19": {"start_time": 158.4322902494331, "end_time": 164.4404535147392}, "20": {"start_time": 164.44045351473923, "end_time": 173.13922902494332}, "21": {"start_time": 173.13922902494332, "end_time": 179.2780045351474}, "22": {"start_time": 179.2780045351474, "end_time": 186.6967800453515}}