{"1": {"start_time": 0.0, "end_time": 6.817596371882086}, "2": {"start_time": 6.817596371882086, "end_time": 11.232290249433106}, "3": {"start_time": 11.232290249433106, "end_time": 15.882086167800452}, "4": {"start_time": 15.882086167800454, "end_time": 20.453514739229025}, "5": {"start_time": 20.453514739229025, "end_time": 25.36453514739229}, "6": {"start_time": 25.36453514739229, "end_time": 29.439637188208614}, "7": {"start_time": 29.439637188208618, "end_time": 33.67147392290249}, "8": {"start_time": 33.67147392290249, "end_time": 37.380861678004536}, "9": {"start_time": 37.380861678004536, "end_time": 41.377596371882085}, "10": {"start_time": 41.377596371882085, "end_time": 46.079637188208615}, "11": {"start_time": 46.079637188208615, "end_time": 53.49841269841269}, "12": {"start_time": 53.4984126984127, "end_time": 57.49514739229025}, "13": {"start_time": 57.49514739229025, "end_time": 62.40616780045352}, "14": {"start_time": 62.40616780045352, "end_time": 66.84698412698413}, "15": {"start_time": 66.84698412698413, "end_time": 71.96698412698413}, "16": {"start_time": 71.96698412698413, "end_time": 77.37433106575963}, "17": {"start_time": 77.37433106575963, "end_time": 81.55392290249432}, "18": {"start_time": 81.55392290249434, "end_time": 85.86412698412698}, "19": {"start_time": 85.86412698412698, "end_time": 91.63718820861678}, "20": {"start_time": 91.63718820861678, "end_time": 96.31310657596372}, "21": {"start_time": 96.31310657596372, "end_time": 100.85841269841269}, "22": {"start_time": 100.85841269841269, "end_time": 106.16126984126984}, "23": {"start_time": 106.16126984126984, "end_time": 112.11718820861678}, "24": {"start_time": 112.11718820861678, "end_time": 158.24943310657596}, "25": {"start_time": 158.24943310657596, "end_time": 164.02249433106576}, "26": {"start_time": 164.02249433106576, "end_time": 168.54167800453516}, "27": {"start_time": 168.54167800453516, "end_time": 193.80208616780047}, "28": {"start_time": 193.80208616780044, "end_time": 209.39718820861677}, "29": {"start_time": 209.39718820861677, "end_time": 226.14167800453512}, "30": {"start_time": 226.14167800453515, "end_time": 237.29596371882087}, "31": {"start_time": 237.29596371882087, "end_time": 253.36126984126986}, "32": {"start_time": 253.36126984126983, "end_time": 271.2812698412698}, "33": {"start_time": 271.2812698412698, "end_time": 311.56208616780043}, "34": {"start_time": 311.56208616780043, "end_time": 315.5065759637188}, "35": {"start_time": 315.50657596371883, "end_time": 320.104126984127}, "36": {"start_time": 320.104126984127, "end_time": 325.5114739229025}, "37": {"start_time": 325.5114739229025, "end_time": 330.70984126984126}, "38": {"start_time": 330.70984126984126, "end_time": 334.7849433106576}, "39": {"start_time": 334.7849433106576, "end_time": 340.4796371882086}, "40": {"start_time": 340.47963718820864, "end_time": 346.7229024943311}, "41": {"start_time": 346.72290249433104, "end_time": 351.1637188208617}, "42": {"start_time": 351.1637188208617, "end_time": 357.7726984126984}, "43": {"start_time": 357.7726984126984, "end_time": 363.5457596371882}, "44": {"start_time": 363.5457596371882, "end_time": 368.3784126984127}, "45": {"start_time": 368.3784126984127, "end_time": 373.3155555555556}, "46": {"start_time": 373.31555555555553, "end_time": 380.83882086167796}, "47": {"start_time": 380.838820861678, "end_time": 384.9922902494331}, "48": {"start_time": 384.9922902494331, "end_time": 390.66086167800455}, "49": {"start_time": 390.66086167800455, "end_time": 395.6763718820862}, "50": {"start_time": 395.6763718820862, "end_time": 400.1171882086168}, "51": {"start_time": 400.11718820861677, "end_time": 406.4649433106576}, "52": {"start_time": 406.4649433106576, "end_time": 411.34984126984125}, "53": {"start_time": 411.34984126984125, "end_time": 422.0339229024943}, "54": {"start_time": 422.03392290249434, "end_time": 425.2992290249433}, "55": {"start_time": 425.2992290249433, "end_time": 428.79963718820864}, "56": {"start_time": 428.79963718820864, "end_time": 435.09514739229024}, "57": {"start_time": 435.09514739229024, "end_time": 441.44290249433107}, "58": {"start_time": 441.44290249433107, "end_time": 444.0551473922902}, "59": {"start_time": 444.0551473922902, "end_time": 450.0110657596372}, "60": {"start_time": 450.0110657596372, "end_time": 456.0453514739229}, "61": {"start_time": 456.0453514739229, "end_time": 461.7400453514739}, "62": {"start_time": 461.7400453514739, "end_time": 467.7743310657596}, "63": {"start_time": 467.7743310657596, "end_time": 473.573514739229}}