{"1": {"start_time": 0.0, "end_time": 11.049433106575965}, "2": {"start_time": 11.049433106575965, "end_time": 15.542494331065761}, "3": {"start_time": 15.54249433106576, "end_time": 20.610249433106574}, "4": {"start_time": 20.610249433106574, "end_time": 26.017596371882085}, "5": {"start_time": 26.017596371882085, "end_time": 30.87637188208617}, "6": {"start_time": 30.87637188208617, "end_time": 39.549024943310656}, "7": {"start_time": 39.549024943310656, "end_time": 46.654331065759635}, "8": {"start_time": 46.654331065759635, "end_time": 56.189024943310656}}