{"1": {"start_time": 0.0, "end_time": 14.210249433106576}, "2": {"start_time": 14.210249433106576, "end_time": 22.020861678004536}, "3": {"start_time": 22.020861678004536, "end_time": 34.66412698412699}, "4": {"start_time": 34.66412698412699, "end_time": 53.96861678004535}, "5": {"start_time": 53.96861678004535, "end_time": 66.01106575963719}, "6": {"start_time": 66.01106575963719, "end_time": 82.49433106575964}, "7": {"start_time": 82.49433106575964, "end_time": 93.96208616780045}, "8": {"start_time": 93.96208616780045, "end_time": 110.86331065759637}, "9": {"start_time": 110.86331065759637, "end_time": 121.96535147392291}, "10": {"start_time": 121.96535147392291, "end_time": 133.5375963718821}, "11": {"start_time": 133.53759637188207, "end_time": 142.57596371882084}, "12": {"start_time": 142.57596371882087, "end_time": 152.55473922902496}, "13": {"start_time": 152.55473922902493, "end_time": 164.2314739229025}, "14": {"start_time": 164.2314739229025, "end_time": 172.8518820861678}, "15": {"start_time": 172.8518820861678, "end_time": 189.28290249433107}, "16": {"start_time": 189.28290249433107, "end_time": 198.7392290249433}, "17": {"start_time": 198.7392290249433, "end_time": 212.03555555555556}, "18": {"start_time": 212.03555555555556, "end_time": 222.90249433106575}, "19": {"start_time": 222.90249433106575, "end_time": 232.20208616780045}, "20": {"start_time": 232.20208616780045, "end_time": 241.52780045351474}, "21": {"start_time": 241.52780045351474, "end_time": 249.23392290249433}, "22": {"start_time": 249.23392290249433, "end_time": 274.36371882086166}, "23": {"start_time": 274.36371882086166, "end_time": 297.6649433106576}, "24": {"start_time": 297.6649433106576, "end_time": 338.598820861678}, "25": {"start_time": 338.598820861678, "end_time": 349.98820861678007}, "26": {"start_time": 349.98820861678007, "end_time": 388.5971882086168}, "27": {"start_time": 388.5971882086168, "end_time": 409.2078004535147}, "28": {"start_time": 409.2078004535147, "end_time": 423.3400453514739}, "29": {"start_time": 423.3400453514739, "end_time": 439.7971882086168}, "30": {"start_time": 439.7971882086168, "end_time": 454.2429024943311}, "31": {"start_time": 454.2429024943311, "end_time": 461.97514739229024}, "32": {"start_time": 461.97514739229024, "end_time": 476.96943310657593}, "33": {"start_time": 476.969433106576, "end_time": 486.8959637188209}, "34": {"start_time": 486.89596371882084, "end_time": 500.63637188208617}, "35": {"start_time": 500.63637188208617, "end_time": 517.5114739229025}, "36": {"start_time": 517.5114739229025, "end_time": 528.9008616780045}, "37": {"start_time": 528.9008616780045, "end_time": 539.6371882086167}, "38": {"start_time": 539.6371882086167, "end_time": 546.0894331065759}, "39": {"start_time": 546.0894331065759, "end_time": 555.4412698412698}, "40": {"start_time": 555.4412698412698, "end_time": 563.8788208616779}, "41": {"start_time": 563.878820861678, "end_time": 580.910657596372}, "42": {"start_time": 580.9106575963718, "end_time": 590.7326984126984}, "43": {"start_time": 590.7326984126984, "end_time": 610.3245351473922}, "44": {"start_time": 610.3245351473923, "end_time": 629.7073922902495}, "45": {"start_time": 629.7073922902495, "end_time": 642.0371882086168}, "46": {"start_time": 642.0371882086167, "end_time": 653.2959637188208}, "47": {"start_time": 653.2959637188209, "end_time": 663.4837188208617}, "48": {"start_time": 663.4837188208617, "end_time": 674.3506575963719}, "49": {"start_time": 674.3506575963719, "end_time": 683.5718820861678}, "50": {"start_time": 683.5718820861678, "end_time": 692.6363718820861}, "51": {"start_time": 692.6363718820862, "end_time": 704.5482086167801}, "52": {"start_time": 704.54820861678, "end_time": 712.2020861678004}, "53": {"start_time": 712.2020861678004, "end_time": 719.2812698412698}, "54": {"start_time": 719.2812698412698, "end_time": 728.2151473922902}, "55": {"start_time": 728.2151473922903, "end_time": 737.0706575963719}, "56": {"start_time": 737.0706575963719, "end_time": 744.2543310657596}, "57": {"start_time": 744.2543310657596, "end_time": 752.9792290249433}, "58": {"start_time": 752.9792290249433, "end_time": 761.5735147392289}, "59": {"start_time": 761.573514739229, "end_time": 778.3180045351475}, "60": {"start_time": 778.3180045351473, "end_time": 793.3906575963719}, "61": {"start_time": 793.3906575963719, "end_time": 807.6273922902494}, "62": {"start_time": 807.6273922902494, "end_time": 820.1922902494331}, "63": {"start_time": 820.1922902494331, "end_time": 828.6037188208617}, "64": {"start_time": 828.6037188208617, "end_time": 837.8249433106575}, "65": {"start_time": 837.8249433106575, "end_time": 851.7220861678004}, "66": {"start_time": 851.7220861678004, "end_time": 861.6224943310657}, "67": {"start_time": 861.6224943310658, "end_time": 866.3506575963719}, "68": {"start_time": 866.3506575963719, "end_time": 872.1759637188209}, "69": {"start_time": 872.1759637188209, "end_time": 883.1473922902494}, "70": {"start_time": 883.1473922902494, "end_time": 897.9065759637188}, "71": {"start_time": 897.9065759637189, "end_time": 911.594739229025}, "72": {"start_time": 911.594739229025, "end_time": 921.573514739229}, "73": {"start_time": 921.573514739229, "end_time": 928.9661678004535}, "74": {"start_time": 928.9661678004535, "end_time": 937.4298412698413}, "75": {"start_time": 937.4298412698413, "end_time": 953.260045351474}, "76": {"start_time": 953.2600453514739, "end_time": 965.093514739229}, "77": {"start_time": 965.093514739229, "end_time": 972.0943310657597}, "78": {"start_time": 972.0943310657597, "end_time": 981.5767800453515}, "79": {"start_time": 981.5767800453515, "end_time": 990.9024943310658}, "80": {"start_time": 990.9024943310658, "end_time": 997.8510657596372}, "81": {"start_time": 997.8510657596372, "end_time": 1003.7808616780046}, "82": {"start_time": 1003.7808616780045, "end_time": 1011.8526984126984}, "83": {"start_time": 1011.8526984126984, "end_time": 1018.3310657596371}, "84": {"start_time": 1018.3310657596372, "end_time": 1024.1824943310658}, "85": {"start_time": 1024.1824943310658, "end_time": 1036.9302494331066}, "86": {"start_time": 1036.9302494331066, "end_time": 1050.095963718821}, "87": {"start_time": 1050.095963718821, "end_time": 1056.5482086167801}, "88": {"start_time": 1056.5482086167801, "end_time": 1065.2469841269842}}