{"1": {"start_time": 0.0, "end_time": 16.038820861678005}, "3": {"start_time": 16.038820861678005, "end_time": 29.100045351473923}, "4": {"start_time": 29.100045351473923, "end_time": 49.84126984126984}, "5": {"start_time": 49.84126984126984, "end_time": 60.81269841269841}, "6": {"start_time": 60.81269841269841, "end_time": 80.37841269841269}, "7": {"start_time": 80.3784126984127, "end_time": 92.39473922902495}, "8": {"start_time": 92.39473922902495, "end_time": 111.69922902494332}, "9": {"start_time": 111.6992290249433, "end_time": 121.44290249433107}, "10": {"start_time": 121.44290249433107, "end_time": 134.29514739229026}, "11": {"start_time": 134.29514739229026, "end_time": 146.23310657596372}, "12": {"start_time": 146.23310657596372, "end_time": 159.1375963718821}, "13": {"start_time": 159.1375963718821, "end_time": 171.02331065759637}, "14": {"start_time": 171.02331065759637, "end_time": 187.2975963718821}, "15": {"start_time": 187.2975963718821, "end_time": 196.38820861678005}, "16": {"start_time": 196.38820861678005, "end_time": 205.7922902494331}, "17": {"start_time": 205.7922902494331, "end_time": 214.56943310657596}, "18": {"start_time": 214.56943310657596, "end_time": 228.91065759637186}, "19": {"start_time": 228.9106575963719, "end_time": 241.86739229024946}, "20": {"start_time": 241.86739229024943, "end_time": 256.4175963718821}, "21": {"start_time": 256.4175963718821, "end_time": 263.5229024943311}, "22": {"start_time": 263.52290249433105, "end_time": 272.7702494331066}, "23": {"start_time": 272.7702494331066, "end_time": 288.1302494331066}, "24": {"start_time": 288.1302494331066, "end_time": 295.13106575963724}, "25": {"start_time": 295.1310657596372, "end_time": 319.24208616780044}, "26": {"start_time": 319.24208616780044, "end_time": 337.9980045351474}, "27": {"start_time": 337.9980045351474, "end_time": 348.8126984126984}, "28": {"start_time": 348.8126984126984, "end_time": 357.093514739229}, "29": {"start_time": 357.093514739229, "end_time": 370.9906575963719}, "30": {"start_time": 370.9906575963719, "end_time": 388.36208616780044}, "31": {"start_time": 388.36208616780044, "end_time": 411.1147392290249}, "32": {"start_time": 411.11473922902496, "end_time": 425.1163718820862}, "33": {"start_time": 425.1163718820862, "end_time": 436.6102494331066}, "34": {"start_time": 436.61024943310656, "end_time": 449.3057596371882}, "35": {"start_time": 449.3057596371882, "end_time": 460.66902494331066}, "36": {"start_time": 460.66902494331066, "end_time": 478.7196371882086}, "37": {"start_time": 478.7196371882086, "end_time": 501.31555555555553}, "38": {"start_time": 501.31555555555553, "end_time": 511.42494331065757}, "39": {"start_time": 511.42494331065757, "end_time": 520.1759637188209}, "40": {"start_time": 520.1759637188209, "end_time": 548.0224943310658}, "41": {"start_time": 548.0224943310658, "end_time": 562.0763718820862}, "42": {"start_time": 562.0763718820862, "end_time": 576.7049433106575}, "43": {"start_time": 576.7049433106575, "end_time": 594.2592290249432}, "44": {"start_time": 594.2592290249434, "end_time": 612.335963718821}, "45": {"start_time": 612.3359637188208, "end_time": 637.8837188208616}, "46": {"start_time": 637.8837188208616, "end_time": 655.2551473922903}, "47": {"start_time": 655.2551473922903, "end_time": 677.2763718820862}, "48": {"start_time": 677.2763718820862, "end_time": 700.8388208616781}, "49": {"start_time": 700.838820861678, "end_time": 713.6388208616779}, "50": {"start_time": 713.638820861678, "end_time": 723.8265759637188}, "51": {"start_time": 723.8265759637188, "end_time": 736.809433106576}, "52": {"start_time": 736.809433106576, "end_time": 748.8780045351474}, "53": {"start_time": 748.8780045351474, "end_time": 761.7824943310658}, "54": {"start_time": 761.7824943310658, "end_time": 770.4551473922903}, "55": {"start_time": 770.4551473922902, "end_time": 781.9490249433106}, "56": {"start_time": 781.9490249433106, "end_time": 791.144126984127}, "57": {"start_time": 791.144126984127, "end_time": 804.4665759637188}, "58": {"start_time": 804.4665759637188, "end_time": 815.1506575963718}, "59": {"start_time": 815.1506575963718, "end_time": 824.6331065759637}, "60": {"start_time": 824.6331065759637, "end_time": 835.9963718820861}, "61": {"start_time": 835.9963718820861, "end_time": 846.3931065759637}, "62": {"start_time": 846.3931065759638, "end_time": 856.6331065759638}, "63": {"start_time": 856.6331065759637, "end_time": 867.8918820861677}, "64": {"start_time": 867.8918820861678, "end_time": 878.6282086167801}, "65": {"start_time": 878.6282086167801, "end_time": 892.0551473922902}, "66": {"start_time": 892.0551473922902, "end_time": 904.7506575963719}, "67": {"start_time": 904.7506575963719, "end_time": 916.0616780045351}, "68": {"start_time": 916.0616780045351, "end_time": 928.4698412698413}, "69": {"start_time": 928.4698412698413, "end_time": 940.2510657596372}, "70": {"start_time": 940.2510657596372, "end_time": 951.2747392290249}, "71": {"start_time": 951.2747392290249, "end_time": 959.0331065759638}, "72": {"start_time": 959.0331065759638, "end_time": 968.620045351474}, "73": {"start_time": 968.6200453514739, "end_time": 980.4012698412698}, "74": {"start_time": 980.4012698412698, "end_time": 1008.4567800453515}, "75": {"start_time": 1008.4567800453515, "end_time": 1029.615963718821}, "76": {"start_time": 1029.615963718821, "end_time": 1038.2886167800455}, "77": {"start_time": 1038.2886167800455, "end_time": 1050.5661678004535}, "78": {"start_time": 1050.5661678004535, "end_time": 1067.0233106575963}, "79": {"start_time": 1067.0233106575963, "end_time": 1086.301678004535}, "80": {"start_time": 1086.3016780045352, "end_time": 1106.4943310657598}, "81": {"start_time": 1106.4943310657595, "end_time": 1120.025759637188}, "82": {"start_time": 1120.0257596371882, "end_time": 1138.3114739229025}, "83": {"start_time": 1138.3114739229025, "end_time": 1153.6975963718821}, "84": {"start_time": 1153.6975963718821, "end_time": 1167.464126984127}, "85": {"start_time": 1167.464126984127, "end_time": 1193.6910657596372}, "86": {"start_time": 1193.6910657596372, "end_time": 1202.4420861678004}, "87": {"start_time": 1202.4420861678004, "end_time": 1211.7678004535146}, "88": {"start_time": 1211.7678004535148, "end_time": 1238.3082086167801}, "89": {"start_time": 1238.3082086167801, "end_time": 1249.8543310657597}, "90": {"start_time": 1249.8543310657597, "end_time": 1263.9604535147394}, "91": {"start_time": 1263.9604535147391, "end_time": 1286.373514739229}, "92": {"start_time": 1286.373514739229, "end_time": 1305.1816780045351}, "93": {"start_time": 1305.1816780045351, "end_time": 1318.7392290249434}, "94": {"start_time": 1318.7392290249434, "end_time": 1328.4045351473924}, "95": {"start_time": 1328.4045351473924, "end_time": 1343.7122902494332}, "96": {"start_time": 1343.7122902494332, "end_time": 1354.2135147392291}, "97": {"start_time": 1354.213514739229, "end_time": 1368.2673922902493}, "98": {"start_time": 1368.2673922902495, "end_time": 1386.8404535147392}, "99": {"start_time": 1386.8404535147392, "end_time": 1400.3196371882086}, "100": {"start_time": 1400.3196371882086, "end_time": 1414.1645351473924}, "101": {"start_time": 1414.1645351473924, "end_time": 1421.7661678004536}, "102": {"start_time": 1421.7661678004536, "end_time": 1435.820045351474}, "103": {"start_time": 1435.820045351474, "end_time": 1445.1980045351474}, "104": {"start_time": 1445.1980045351474, "end_time": 1460.6886167800453}, "105": {"start_time": 1460.6886167800453, "end_time": 1483.6241269841269}, "106": {"start_time": 1483.624126984127, "end_time": 1496.0322902494331}, "107": {"start_time": 1496.0322902494331, "end_time": 1503.5033106575963}, "108": {"start_time": 1503.5033106575963, "end_time": 1511.6796371882085}, "109": {"start_time": 1511.6796371882085, "end_time": 1528.3718820861677}, "110": {"start_time": 1528.3718820861677, "end_time": 1545.7433106575963}, "111": {"start_time": 1545.7433106575963, "end_time": 1554.4420861678004},