{"1": {"start_time": 0.0, "end_time": 10.187392290249432}, "2": {"start_time": 10.187392290249432, "end_time": 13.609433106575963}, "3": {"start_time": 13.609433106575963, "end_time": 16.874739229024943}, "4": {"start_time": 16.874739229024943, "end_time": 20.453514739229025}, "5": {"start_time": 20.453514739229025, "end_time": 25.36453514739229}, "6": {"start_time": 25.36453514739229, "end_time": 29.439637188208614}, "7": {"start_time": 29.439637188208618, "end_time": 34.24616780045351}, "8": {"start_time": 34.24616780045351, "end_time": 40.17596371882086}, "9": {"start_time": 40.17596371882086, "end_time": 43.44126984126984}, "10": {"start_time": 43.44126984126984, "end_time": 48.50902494331066}, "11": {"start_time": 48.509024943310656, "end_time": 56.00616780045351}, "12": {"start_time": 56.00616780045352, "end_time": 62.56290249433107}, "13": {"start_time": 62.56290249433106, "end_time": 69.06739229024943}, "14": {"start_time": 69.06739229024943, "end_time": 80.40453514739228}, "15": {"start_time": 80.4045351473923, "end_time": 89.75637188208617}, "16": {"start_time": 89.75637188208617, "end_time": 103.28780045351475}, "17": {"start_time": 103.28780045351473, "end_time": 110.88943310657596}, "18": {"start_time": 110.88943310657596, "end_time": 117.23718820861679}, "19": {"start_time": 117.23718820861679, "end_time": 128.0780045351474}, "20": {"start_time": 128.0780045351474, "end_time": 134.24290249433105}, "21": {"start_time": 134.24290249433108, "end_time": 143.1245351473923}, "22": {"start_time": 143.1245351473923, "end_time": 151.27473922902496}, "23": {"start_time": 151.27473922902493, "end_time": 168.2804535147392}, "24": {"start_time": 168.28045351473924, "end_time": 175.69922902494332}, "25": {"start_time": 175.69922902494332, "end_time": 189.10004535147394}, "26": {"start_time": 189.1000453514739, "end_time": 199.62739229024942}, "27": {"start_time": 199.62739229024945, "end_time": 208.45678004535148}, "28": {"start_time": 208.45678004535148, "end_time": 219.9767800453515}, "29": {"start_time": 219.97678004535146, "end_time": 232.07147392290247}, "30": {"start_time": 232.0714739229025, "end_time": 242.52045351473924}, "31": {"start_time": 242.52045351473922, "end_time": 249.20780045351472}, "32": {"start_time": 249.20780045351475, "end_time": 262.50412698412697}, "33": {"start_time": 262.50412698412697, "end_time": 270.60208616780045}, "34": {"start_time": 270.60208616780045, "end_time": 277.96861678004535}, "35": {"start_time": 277.96861678004535, "end_time": 286.24943310657596}, "36": {"start_time": 286.24943310657596, "end_time": 294.79147392290247}, "37": {"start_time": 294.79147392290247, "end_time": 307.1212698412698}, "38": {"start_time": 307.12126984126985, "end_time": 318.8763718820862}, "39": {"start_time": 318.8763718820862, "end_time": 326.7914739229025}, "40": {"start_time": 326.79147392290247, "end_time": 336.82249433106574}, "41": {"start_time": 336.82249433106574, "end_time": 345.5212698412698}, "42": {"start_time": 345.5212698412698, "end_time": 355.3955555555555}, "43": {"start_time": 355.3955555555556, "end_time": 364.04208616780045}, "44": {"start_time": 364.04208616780045, "end_time": 374.5171882086168}, "45": {"start_time": 374.5171882086168, "end_time": 384.8878004535148}, "46": {"start_time": 384.8878004535147, "end_time": 397.9229024943311}, "47": {"start_time": 397.9229024943311, "end_time": 409.3645351473923}, "48": {"start_time": 409.3645351473923, "end_time": 416.4437188208617}, "49": {"start_time": 416.4437188208617, "end_time": 426.84045351473924}, "50": {"start_time": 426.84045351473924, "end_time": 442.51392290249436}, "51": {"start_time": 442.51392290249436, "end_time": 456.17596371882087}, "52": {"start_time": 456.17596371882087, "end_time": 471.64045351473925}, "53": {"start_time": 471.64045351473925, "end_time": 479.92126984126986}, "54": {"start_time": 479.92126984126986, "end_time": 489.0902494331066}, "55": {"start_time": 489.0902494331066, "end_time": 498.83392290249435}, "56": {"start_time": 498.83392290249435, "end_time": 508.78657596371886}, "57": {"start_time": 508.7865759637188, "end_time": 522.8926984126985}, "58": {"start_time": 522.8926984126985, "end_time": 531.7220861678005}, "59": {"start_time": 531.7220861678004, "end_time": 545.2012698412698}, "60": {"start_time": 545.2012698412699, "end_time": 556.9824943310658}}