{"1": {"start_time": 0.0, "end_time": 12.042086167800454}, "2": {"start_time": 12.042086167800454, "end_time": 16.56126984126984}, "3": {"start_time": 16.56126984126984, "end_time": 26.148208616780046}, "4": {"start_time": 26.148208616780046, "end_time": 36.88453514739229}, "5": {"start_time": 36.88453514739229, "end_time": 48.45678004535148}, "6": {"start_time": 48.45678004535147, "end_time": 56.50249433106576}, "7": {"start_time": 56.50249433106576, "end_time": 66.87310657596372}, "8": {"start_time": 66.87310657596372, "end_time": 78.4192290249433}, "9": {"start_time": 78.4192290249433, "end_time": 93.49188208616779}, "10": {"start_time": 93.4918820861678, "end_time": 105.45596371882087}, "11": {"start_time": 105.45596371882087, "end_time": 125.41351473922903}, "12": {"start_time": 125.41351473922903, "end_time": 138.21351473922903}, "13": {"start_time": 138.21351473922903, "end_time": 161.3057596371882}, "14": {"start_time": 161.3057596371882, "end_time": 170.8926984126984}, "15": {"start_time": 170.89269841269842, "end_time": 183.69269841269843}, "16": {"start_time": 183.6926984126984, "end_time": 194.3506575963719}, "17": {"start_time": 194.3506575963719, "end_time": 209.50167800453517}, "18": {"start_time": 209.50167800453514, "end_time": 218.9057596371882}, "19": {"start_time": 218.9057596371882, "end_time": 237.42657596371882}, "20": {"start_time": 237.42657596371882, "end_time": 253.8575963718821}, "21": {"start_time": 253.8575963718821, "end_time": 265.6649433106576}, "22": {"start_time": 265.6649433106576, "end_time": 289.67147392290246}, "23": {"start_time": 289.6714739229025, "end_time": 331.15392290249434}, "24": {"start_time": 331.15392290249434, "end_time": 355.83963718820866}, "25": {"start_time": 355.8396371882086, "end_time": 368.1694331065759}, "26": {"start_time": 368.169433106576, "end_time": 383.73841269841273}, "27": {"start_time": 383.7384126984127, "end_time": 391.6012698412698}, "28": {"start_time": 391.60126984126987, "end_time": 402.2853514739229}, "29": {"start_time": 402.2853514739229, "end_time": 421.43310657596373}, "30": {"start_time": 421.43310657596373, "end_time": 434.78167800453514}, "31": {"start_time": 434.78167800453514, "end_time": 445.93596371882086}, "32": {"start_time": 445.93596371882086, "end_time": 478.1449433106576}, "33": {"start_time": 478.1449433106576, "end_time": 505.10331065759635}, "34": {"start_time": 505.10331065759635, "end_time": 514.3506575963719}, "35": {"start_time": 514.3506575963719, "end_time": 530.7294331065759}, "36": {"start_time": 530.7294331065759, "end_time": 543.842902494331}, "37": {"start_time": 543.842902494331, "end_time": 556.7212698412699}, "38": {"start_time": 556.7212698412699, "end_time": 572.6037188208617}, "39": {"start_time": 572.6037188208617, "end_time": 585.0902494331066}, "40": {"start_time": 585.0902494331066, "end_time": 598.2820861678005}, "41": {"start_time": 598.2820861678005, "end_time": 609.9326984126984}, "42": {"start_time": 609.9326984126984, "end_time": 621.6094331065759}, "43": {"start_time": 621.6094331065759, "end_time": 635.7416780045351}, "44": {"start_time": 635.7416780045352, "end_time": 644.9367800453515}, "45": {"start_time": 644.9367800453515, "end_time": 662.7000453514739}, "46": {"start_time": 662.7000453514739, "end_time": 677.7465759637188}, "47": {"start_time": 677.7465759637188, "end_time": 690.8078004535147}, "48": {"start_time": 690.8078004535147, "end_time": 706.9253514739229}, "49": {"start_time": 706.9253514739229, "end_time": 721.0314739229025}, "50": {"start_time": 721.0314739229025, "end_time": 730.8273922902495}, "51": {"start_time": 730.8273922902495, "end_time": 748.0682086167801}, "52": {"start_time": 748.06820861678, "end_time": 758.177596371882}, "53": {"start_time": 758.177596371882, "end_time": 775.6273922902494}, "54": {"start_time": 775.6273922902494, "end_time": 788.6102494331066}, "55": {"start_time": 788.6102494331066, "end_time": 801.5147392290249}, "56": {"start_time": 801.5147392290249, "end_time": 809.8216780045351}, "57": {"start_time": 809.8216780045351, "end_time": 819.0167800453514}, "58": {"start_time": 819.0167800453514, "end_time": 833.697596371882}, "59": {"start_time": 833.6975963718821, "end_time": 847.90820861678}, "60": {"start_time": 847.90820861678, "end_time": 862.4061678004535}, "61": {"start_time": 862.4061678004535, "end_time": 879.150657596372}, "62": {"start_time": 879.1506575963718, "end_time": 890.5139229024943}, "63": {"start_time": 890.5139229024943, "end_time": 914.6771882086167}, "64": {"start_time": 914.6771882086168, "end_time": 928.5743310657597}, "65": {"start_time": 928.5743310657597, "end_time": 941.4788208616781}, "66": {"start_time": 941.4788208616781, "end_time": 954.9057596371882}, "67": {"start_time": 954.9057596371882, "end_time": 968.0453514739229}, "68": {"start_time": 968.0453514739229, "end_time": 979.4608616780046}, "69": {"start_time": 979.4608616780046, "end_time": 987.2453514739229}, "70": {"start_time": 987.2453514739229, "end_time": 995.944126984127}, "71": {"start_time": 995.944126984127, "end_time": 1019.3498412698414}, "72": {"start_time": 1019.3498412698412, "end_time": 1031.8624943310658}, "73": {"start_time": 1031.8624943310658, "end_time": 1041.5278004535148}, "74": {"start_time": 1041.5278004535148, "end_time": 1050.853514739229}, "75": {"start_time": 1050.853514739229, "end_time": 1058.1939229024943}, "76": {"start_time": 1058.1939229024943, "end_time": 1066.7620861678004}, "77": {"start_time": 1066.7620861678004, "end_time": 1079.2486167800453}, "78": {"start_time": 1079.2486167800453, "end_time": 1089.9588208616779}, "79": {"start_time": 1089.958820861678, "end_time": 1099.9114739229026}, "80": {"start_time": 1099.9114739229026, "end_time": 1113.573514739229}, "81": {"start_time": 1113.573514739229, "end_time": 1123.0037188208616}, "82": {"start_time": 1123.0037188208616, "end_time": 1133.0869841269841}, "83": {"start_time": 1133.0869841269841, "end_time": 1143.8233106575963}, "84": {"start_time": 1143.8233106575963, "end_time": 1159.4445351473921}, "85": {"start_time": 1159.4445351473923, "end_time": 1178.7751473922904}, "86": {"start_time": 1178.7751473922901, "end_time": 1192.541678004535}, "87": {"start_time": 1192.5416780045352, "end_time": 1207.222494331066}, "88": {"start_time": 1207.2224943310657, "end_time": 1220.3620861678005}, "89": {"start_time": 1220.3620861678005, "end_time": 1232.300045351474}}