{"1": {"start_time": 0.0, "end_time": 13.504943310657596}, "3": {"start_time": 13.504943310657596, "end_time": 17.971882086167803}, "4": {"start_time": 17.9718820861678, "end_time": 21.446167800453512}, "5": {"start_time": 21.446167800453516, "end_time": 34.32453514739229}, "6": {"start_time": 34.32453514739229, "end_time": 38.34739229024943}, "7": {"start_time": 38.34739229024943, "end_time": 42.89269841269841}, "8": {"start_time": 42.892698412698415, "end_time": 45.66167800453515}, "9": {"start_time": 45.66167800453515, "end_time": 51.016780045351474}, "10": {"start_time": 51.016780045351474, "end_time": 54.595555555555556}, "11": {"start_time": 54.595555555555556, "end_time": 58.74902494331066}, "12": {"start_time": 58.74902494331066, "end_time": 71.31392290249433}, "13": {"start_time": 71.31392290249433, "end_time": 76.14657596371882}, "14": {"start_time": 76.14657596371882, "end_time": 81.42331065759637}, "15": {"start_time": 81.42331065759637, "end_time": 91.2975963718821}, "16": {"start_time": 91.29759637188208, "end_time": 96.94004535147391}, "17": {"start_time": 96.94004535147393, "end_time": 100.28371882086168}, "18": {"start_time": 100.28371882086168, "end_time": 104.0714739229025}, "19": {"start_time": 104.0714739229025, "end_time": 106.57922902494332}, "20": {"start_time": 106.57922902494332, "end_time": 112.19555555555556}, "21": {"start_time": 112.19555555555556, "end_time": 116.00943310657597}, "22": {"start_time": 116.00943310657597, "end_time": 119.98004535147393}, "23": {"start_time": 119.98004535147392, "end_time": 123.79392290249433}, "24": {"start_time": 123.79392290249433, "end_time": 131.76126984126984}, "25": {"start_time": 131.76126984126984, "end_time": 140.32943310657595}, "26": {"start_time": 140.32943310657598, "end_time": 146.78167800453517}, "27": {"start_time": 146.78167800453514, "end_time": 152.76371882086167}, "28": {"start_time": 152.76371882086167, "end_time": 161.56698412698412}, "29": {"start_time": 161.56698412698412, "end_time": 168.14984126984126}, "30": {"start_time": 168.14984126984126, "end_time": 174.18412698412698}, "31": {"start_time": 174.18412698412698, "end_time": 186.95800453514738}, "32": {"start_time": 186.95800453514738, "end_time": 197.1457596371882}, "33": {"start_time": 197.1457596371882, "end_time": 204.46004535147392}, "34": {"start_time": 204.46004535147392, "end_time": 213.4461678004535}, "35": {"start_time": 213.4461678004535, "end_time": 220.57759637188207}, "36": {"start_time": 220.5775963718821, "end_time": 229.35473922902494}, "37": {"start_time": 229.35473922902494, "end_time": 235.75473922902495}, "38": {"start_time": 235.75473922902495, "end_time": 241.44943310657598}, "39": {"start_time": 241.44943310657595, "end_time": 251.61106575963717}, "40": {"start_time": 251.6110657596372, "end_time": 261.4853514739229}, "41": {"start_time": 261.4853514739229, "end_time": 272.19555555555553}, "42": {"start_time": 272.19555555555553, "end_time": 283.1147392290249}, "43": {"start_time": 283.11473922902496, "end_time": 293.30249433106576}, "44": {"start_time": 293.30249433106576, "end_time": 305.76290249433106}, "45": {"start_time": 305.76290249433106, "end_time": 320.2869841269841}}