{"1": {"start_time": 0.0, "end_time": 9.194739229024943}, "2": {"start_time": 9.194739229024943, "end_time": 11.493514739229024}, "3": {"start_time": 11.493514739229026, "end_time": 17.08371882086168}, "4": {"start_time": 17.083718820861677, "end_time": 24.868208616780045}, "5": {"start_time": 24.868208616780045, "end_time": 32.46984126984127}, "6": {"start_time": 32.46984126984127, "end_time": 38.19065759637188}, "7": {"start_time": 38.190657596371885, "end_time": 42.05678004535147}, "8": {"start_time": 42.05678004535147, "end_time": 47.124535147392294}, "9": {"start_time": 47.124535147392294, "end_time": 50.59882086167801}, "10": {"start_time": 50.59882086167801, "end_time": 55.0918820861678}, "11": {"start_time": 55.0918820861678, "end_time": 60.13351473922903}}