{"1": {"start_time": 0.0, "end_time": 25.129433106575963}, "2": {"start_time": 25.129433106575963, "end_time": 56.45024943310658}, "3": {"start_time": 56.45024943310658, "end_time": 80.45678004535148}, "4": {"start_time": 80.45678004535148, "end_time": 94.71963718820862}, "5": {"start_time": 94.71963718820862, "end_time": 107.9114739229025}, "6": {"start_time": 107.91147392290249, "end_time": 139.02331065759637}, "7": {"start_time": 139.02331065759637, "end_time": 176.30004535147393}, "8": {"start_time": 176.30004535147393, "end_time": 185.9653514739229}, "9": {"start_time": 185.9653514739229, "end_time": 228.67555555555555}, "10": {"start_time": 228.67555555555555, "end_time": 245.99473922902493}, "11": {"start_time": 245.99473922902493, "end_time": 305.0314739229025}, "12": {"start_time": 305.0314739229025, "end_time": 347.01024943310654}, "13": {"start_time": 347.0102494331066, "end_time": 382.85024943310657}, "14": {"start_time": 382.85024943310657, "end_time": 417.0184126984127}, "15": {"start_time": 417.0184126984127, "end_time": 447.2159637188209}, "16": {"start_time": 447.2159637188209, "end_time": 463.54249433106577}, "17": {"start_time": 463.54249433106577, "end_time": 486.8698412698413}, "18": {"start_time": 486.8698412698413, "end_time": 501.68126984126985}}