{"1": {"start_time": 0.0, "end_time": 25.9653514739229}, "3": {"start_time": 25.9653514739229, "end_time": 47.96045351473923}, "4": {"start_time": 47.96045351473923, "end_time": 60.107392290249436}, "5": {"start_time": 60.107392290249436, "end_time": 72.88126984126984}, "6": {"start_time": 72.88126984126984, "end_time": 92.02902494331066}, "7": {"start_time": 92.02902494331066, "end_time": 135.0265759637188}, "8": {"start_time": 135.0265759637188, "end_time": 159.00698412698412}, "9": {"start_time": 159.00698412698412, "end_time": 176.43065759637187}, "10": {"start_time": 176.43065759637187, "end_time": 189.85759637188207}, "11": {"start_time": 189.8575963718821, "end_time": 208.87473922902495}, "12": {"start_time": 208.87473922902495, "end_time": 220.49922902494333}, "13": {"start_time": 220.4992290249433, "end_time": 249.52126984126983}, "14": {"start_time": 249.52126984126983, "end_time": 261.1457596371882}, "15": {"start_time": 261.14575963718823, "end_time": 287.26820861678004}, "16": {"start_time": 287.26820861678004, "end_time": 298.918820861678}, "17": {"start_time": 298.918820861678, "end_time": 310.62167800453517}, "18": {"start_time": 310.62167800453517, "end_time": 331.78086167800456}, "19": {"start_time": 331.78086167800456, "end_time": 340.42739229024943}, "20": {"start_time": 340.42739229024943, "end_time": 390.63473922902494}, "21": {"start_time": 390.63473922902494, "end_time": 412.2380045351474}, "22": {"start_time": 412.2380045351474, "end_time": 428.48616780045353}, "23": {"start_time": 428.48616780045353, "end_time": 453.14575963718823}, "24": {"start_time": 453.14575963718823, "end_time": 468.9498412698413}, "25": {"start_time": 468.9498412698413, "end_time": 483.6045351473923}, "26": {"start_time": 483.6045351473923, "end_time": 531.9571882086168}, "27": {"start_time": 531.9571882086168, "end_time": 547.5261678004535}, "28": {"start_time": 547.5261678004535, "end_time": 567.8233106575964}, "29": {"start_time": 567.8233106575964, "end_time": 585.4820861678005}, "30": {"start_time": 585.4820861678005, "end_time": 596.7669841269842}, "31": {"start_time": 596.7669841269841, "end_time": 618.9971882086168}, "32": {"start_time": 618.9971882086168, "end_time": 658.5204535147392}, "33": {"start_time": 658.5204535147392, "end_time": 680.3065759637187}, "34": {"start_time": 680.3065759637188, "end_time": 701.0478004535148}, "35": {"start_time": 701.0478004535147, "end_time": 730.1743310657596}, "36": {"start_time": 730.1743310657596, "end_time": 767.842902494331}, "37": {"start_time": 767.842902494331, "end_time": 784.6918820861678}, "38": {"start_time": 784.6918820861678, "end_time": 809.2731065759637}, "39": {"start_time": 809.2731065759638, "end_time": 843.3629024943311}, "40": {"start_time": 843.362902494331, "end_time": 867.2126984126984}, "41": {"start_time": 867.2126984126984, "end_time": 889.1555555555556}, "42": {"start_time": 889.1555555555556, "end_time": 903.8886167800454}, "43": {"start_time": 903.8886167800454, "end_time": 929.0184126984127}, "44": {"start_time": 929.0184126984127, "end_time": 952.7114739229025}, "45": {"start_time": 952.7114739229025, "end_time": 984.5024943310658}, "46": {"start_time": 984.5024943310658, "end_time": 997.5637188208617}, "47": {"start_time": 997.5637188208617, "end_time": 1023.398820861678}, "48": {"start_time": 1023.398820861678, "end_time": 1037.4265759637187}, "49": {"start_time": 1037.4265759637187, "end_time": 1056.9139229024943}, "50": {"start_time": 1056.9139229024943, "end_time": 1068.3033106575963}, "51": {"start_time": 1068.3033106575963, "end_time": 1104.6918820861677}, "52": {"start_time": 1104.6918820861679, "end_time": 1131.571882086168}, "53": {"start_time": 1131.5718820861678, "end_time": 1161.5604535147393}, "54": {"start_time": 1161.5604535147393, "end_time": 1188.3620861678005}, "55": {"start_time": 1188.3620861678005, "end_time": 1227.180045351474}, "56": {"start_time": 1227.1800453514738, "end_time": 1236.8192290249433}, "57": {"start_time": 1236.8192290249433, "end_time": 1263.333514739229}, "58": {"start_time": 1263.333514739229, "end_time": 1289.5865759637188}, "59": {"start_time": 1289.5865759637188, "end_time": 1307.2714739229025}, "60": {"start_time": 1307.2714739229025, "end_time": 1350.0078004535148}, "61": {"start_time": 1350.0078004535148, "end_time": 1389.426575963719}, "62": {"start_time": 1389.4265759637187, "end_time": 1422.62820861678}, "63": {"start_time": 1422.62820861678, "end_time": 1438.0926984126984}, "64": {"start_time": 1438.0926984126984, "end_time": 1465.0771882086167}, "65": {"start_time": 1465.0771882086167, "end_time": 1480.2020861678004}, "66": {"start_time": 1480.2020861678004, "end_time": 1512.358820861678}, "67": {"start_time": 1512.358820861678, "end_time": 1523.0167800453514}, "68": {"start_time": 1523.0167800453514, "end_time": 1531.5326984126984}, "69": {"start_time": 1531.5326984126984, "end_time": 1561.3384126984126}, "70": {"start_time": 1561.3384126984126, "end_time": 1581.2437188208617}, "71": {"start_time": 1581.2437188208617, "end_time": 1652.2445351473923}, "72": {"start_time": 1652.2445351473923, "end_time": 1709.609433106576}, "73": {"start_time": 1709.609433106576, "end_time": 1722.6184126984128}, "74": {"start_time": 1722.6184126984126, "end_time": 1753.3384126984126}, "75": {"start_time": 1753.3384126984126, "end_time": 1771.6502494331064}, "76": {"start_time": 1771.6502494331066, "end_time": 1784.502494331066}, "77": {"start_time": 1784.5024943310657, "end_time": 1804.8780045351473}, "78": {"start_time": 1804.8780045351473, "end_time": 1828.7800453514737}, "79": {"start_time": 1828.780045351474, "end_time": 1855.0331065759638}, "80": {"start_time": 1855.0331065759638, "end_time": 1870.497596371882}, "81": {"start_time": 1870.497596371882, "end_time": 1913.7302494331066}, "82": {"start_time": 1913.7302494331066, "end_time": 1940.6886167800453}, "83": {"start_time": 1940.6886167800453, "end_time": 1958.2690249433106}, "84": {"start_time": 1958.2690249433106, "end_time": 1981.282902494331}, "85": {"start_time": 1981.282902494331, "end_time": 2012.4731065759636}, "86": {"start_time": 2012.4731065759638, "end_time": 2024.8029024943312}, "87": {"start_time": 2024.802902494331, "end_time": 2036.9498412698413}, "88": {"start_time": 2036.9498412698413, "end_time": 2054.0339229024944}, "89": {"start_time": 2054.0339229024944, "end_time": 2072.24126984127}, "90": {"start_time": 2072.24126984127, "end_time": 2098.1808616780045}, "91": {"start_time": 2098.1808616780045, "end_time": 2121.246984126984}, "92": {"start_time": 2121.246984126984, "end_time": 2181.9555555555553}, "93": {"start_time": 2181.9555555555557, "end_time": 2215.8363718820865}, "94": {"start_time": 2215.836371882086, "end_time": 2282.9971882086165}, "95": {"start_time": 2282.997188208617, "end_time": 2325.263310657597}, "96": {"start_time": 2325.2633106575963, "end_time": 2348.015963718821}, "97": {"start_time": 2348.015963718821, "end_time": 2362.5661678004535}, "98": {"start_time": 2362.5661678004535, "end_time": 2380.1204535147394}, "99": {"start_time": 2380.1204535147394, "end_time": 2402.037188208617}, "100": {"start_time": 2402.037188208617, "end_time": 2477.191473922903}, "101": {"start_time": 2477.1914739229023, "end_time": 2498.794739229025}, "102": {"start_time": 2498.794739229025, "end_time": 2518.3865759637188}, "103": {"start_time": 2518.3865759637188, "end_time": 2539.2584126984125}, "104": {"start_time": 2539.2584126984125, "end_time": 2549.759637188208}, "105": {"start_time": 2549.7596371882087, "end_time": 2571.2845351473925}, "106": {"start_time": 2571.2845351473925, "end_time": 2584.763718820862}, "107": {"start_time": 2584.763718820862, "end_time": 2600.489433106576}, "108": {"start_time": 2600.489433106576, "end_time": 2619.4804535147396}, "109": {"start_time": 2619.480453514739, "end_time": 2655.5555555555557}, "110": {"start_time": 2655.5555555555557, "end_time": 2687.8951473922903}, "111": {"start_time": 2687.8951473922903,