{"1": {"start_time": 0.0, "end_time": 13.97514739229025}, "3": {"start_time": 13.97514739229025, "end_time": 22.151473922902497}, "4": {"start_time": 22.151473922902493, "end_time": 32.20861678004535}}