{"1": {"start_time": 0.0, "end_time": 16.900861678004535}, "2": {"start_time": 16.900861678004535, "end_time": 22.882902494331066}, "3": {"start_time": 22.882902494331066, "end_time": 35.23882086167801}, "4": {"start_time": 35.23882086167801, "end_time": 69.8510657596372}, "5": {"start_time": 69.8510657596372, "end_time": 90.80126984126984}, "6": {"start_time": 90.80126984126984, "end_time": 105.58657596371881}, "7": {"start_time": 105.58657596371881, "end_time": 140.04208616780045}, "8": {"start_time": 140.04208616780045, "end_time": 159.55555555555554}, "9": {"start_time": 159.55555555555554, "end_time": 191.73841269841267}, "10": {"start_time": 191.7384126984127, "end_time": 211.9571882086168}, "11": {"start_time": 211.95718820861677, "end_time": 225.6453514739229}, "12": {"start_time": 225.64535147392291, "end_time": 247.87555555555556}, "13": {"start_time": 247.87555555555556, "end_time": 274.8861678004535}, "14": {"start_time": 274.8861678004535, "end_time": 290.8208616780045}, "15": {"start_time": 290.8208616780045, "end_time": 342.6216780045351}, "16": {"start_time": 342.62167800453517, "end_time": 357.04126984126987}, "17": {"start_time": 357.04126984126987, "end_time": 368.7963718820862}, "18": {"start_time": 368.7963718820862, "end_time": 393.53433106575966}, "19": {"start_time": 393.53433106575966, "end_time": 434.18086167800453}, "20": {"start_time": 434.18086167800453, "end_time": 462.28861678004534}, "21": {"start_time": 462.28861678004534, "end_time": 476.10739229024944}, "22": {"start_time": 476.10739229024944, "end_time": 493.11310657596374}, "23": {"start_time": 493.11310657596374, "end_time": 528.9269841269842}, "24": {"start_time": 528.9269841269842, "end_time": 548.1269841269842}, "25": {"start_time": 548.1269841269841, "end_time": 583.4445351473922}, "26": {"start_time": 583.4445351473923, "end_time": 598.2037188208617}, "27": {"start_time": 598.2037188208617, "end_time": 636.6820861678004}, "28": {"start_time": 636.6820861678004, "end_time": 653.8706575963719}, "29": {"start_time": 653.8706575963719, "end_time": 697.834739229025}, "30": {"start_time": 697.834739229025, "end_time": 726.0208616780046}, "31": {"start_time": 726.0208616780045, "end_time": 755.5131065759637}, "32": {"start_time": 755.5131065759638, "end_time": 794.1220861678005}, "33": {"start_time": 794.1220861678005, "end_time": 805.7204535147392}, "34": {"start_time": 805.7204535147392, "end_time": 829.3612698412699}, "35": {"start_time": 829.3612698412699, "end_time": 850.8339229024944}, "36": {"start_time": 850.8339229024944, "end_time": 881.449433106576}, "37": {"start_time": 881.449433106576, "end_time": 906.213514739229}, "38": {"start_time": 906.213514739229, "end_time": 939.624126984127}, "39": {"start_time": 939.624126984127, "end_time": 954.9580045351474}, "40": {"start_time": 954.9580045351474, "end_time": 969.6649433106577}, "41": {"start_time": 969.6649433106576, "end_time": 985.2339229024943}, "42": {"start_time": 985.2339229024943, "end_time": 999.1833106575964}, "43": {"start_time": 999.1833106575964, "end_time": 1028.074739229025}, "44": {"start_time": 1028.074739229025, "end_time": 1043.5131065759638}, "45": {"start_time": 1043.5131065759638, "end_time": 1072.613514739229}, "46": {"start_time": 1072.613514739229, "end_time": 1110.0208616780046}, "47": {"start_time": 1110.0208616780046, "end_time": 1139.6175963718822}, "48": {"start_time": 1139.617596371882, "end_time": 1176.1367800453513}, "49": {"start_time": 1176.1367800453515, "end_time": 1192.3588208616782}, "50": {"start_time": 1192.358820861678, "end_time": 1223.6012698412699}, "51": {"start_time": 1223.6012698412699, "end_time": 1231.6208616780045}, "52": {"start_time": 1231.6208616780045, "end_time": 1242.2004535147391}, "53": {"start_time": 1242.2004535147391, "end_time": 1264.352290249433}, "54": {"start_time": 1264.352290249433, "end_time": 1284.2837188208616}, "55": {"start_time": 1284.2837188208616, "end_time": 1302.30820861678}, "56": {"start_time": 1302.3082086167801, "end_time": 1320.2804535147393}, "57": {"start_time": 1320.2804535147393, "end_time": 1356.3816780045352}, "58": {"start_time": 1356.3816780045352, "end_time": 1378.533514739229}, "59": {"start_time": 1378.533514739229, "end_time": 1404.1073922902494}, "60": {"start_time": 1404.1073922902494, "end_time": 1426.1808616780045}, "61": {"start_time": 1426.1808616780045, "end_time": 1453.1653514739228}, "62": {"start_time": 1453.165351473923, "end_time": 1466.8273922902495}, "63": {"start_time": 1466.8273922902495, "end_time": 1497.0249433106576}, "64": {"start_time": 1497.0249433106576, "end_time": 1516.06820861678}, "65": {"start_time": 1516.06820861678, "end_time": 1526.6216780045352}, "66": {"start_time": 1526.6216780045352, "end_time": 1540.8845351473924}, "67": {"start_time": 1540.8845351473924, "end_time": 1555.9049433106577}, "68": {"start_time": 1555.9049433106577, "end_time": 1576.6461678004537}, "69": {"start_time": 1576.6461678004534, "end_time": 1585.945759637188}, "70": {"start_time": 1585.9457596371883, "end_time": 1604.518820861678}, "71": {"start_time": 1604.518820861678, "end_time": 1627.558820861678}, "72": {"start_time": 1627.558820861678, "end_time": 1658.722902494331}, "73": {"start_time": 1658.722902494331, "end_time": 1678.5759637188207}, "74": {"start_time": 1678.575963718821, "end_time": 1692.0290249433108}, "75": {"start_time": 1692.0290249433106, "end_time": 1723.558820861678}, "76": {"start_time": 1723.558820861678, "end_time": 1756.4731065759638}, "77": {"start_time": 1756.4731065759638, "end_time": 1787.0624943310659}, "78": {"start_time": 1787.0624943310659, "end_time": 1817.834739229025}, "79": {"start_time": 1817.834739229025, "end_time": 1838.889433106576}, "80": {"start_time": 1838.889433106576, "end_time": 1857.2796371882087}, "81": {"start_time": 1857.2796371882087, "end_time": 1876.2967800453516}, "82": {"start_time": 1876.2967800453514, "end_time": 1911.4837188208617}, "83": {"start_time": 1911.4837188208617, "end_time": 1928.7506575963719}, "84": {"start_time": 1928.7506575963719, "end_time": 1951.9473922902494}, "85": {"start_time": 1951.9473922902494, "end_time": 1978.278820861678}, "86": {"start_time": 1978.278820861678, "end_time": 1999.333514739229}, "87": {"start_time": 1999.333514739229, "end_time": 2018.5596371882086}, "88": {"start_time": 2018.5596371882086, "end_time": 2039.849433106576}}