{"1": {"start_time": 0.0, "end_time": 6.582494331065759}, "2": {"start_time": 6.582494331065759, "end_time": 17.162086167800453}, "3": {"start_time": 17.162086167800453, "end_time": 35.317188208616784}, "4": {"start_time": 35.31718820861678, "end_time": 46.57596371882086}, "5": {"start_time": 46.57596371882086, "end_time": 58.67065759637188}, "6": {"start_time": 58.67065759637188, "end_time": 72.56780045351474}, "7": {"start_time": 72.56780045351474, "end_time": 91.01024943310657}, "8": {"start_time": 91.01024943310658, "end_time": 106.97106575963718}, "9": {"start_time": 106.97106575963718, "end_time": 115.66984126984127}, "10": {"start_time": 115.66984126984127, "end_time": 135.7318820861678}, "11": {"start_time": 135.7318820861678, "end_time": 144.90086167800453}, "12": {"start_time": 144.90086167800453, "end_time": 159.55555555555554}, "13": {"start_time": 159.55555555555554, "end_time": 169.35147392290247}, "14": {"start_time": 169.3514739229025, "end_time": 176.19555555555556}, "15": {"start_time": 176.19555555555556, "end_time": 188.15963718820862}, "16": {"start_time": 188.15963718820862, "end_time": 201.0380045351474}, "17": {"start_time": 201.0380045351474, "end_time": 216.76371882086167}, "18": {"start_time": 216.76371882086167, "end_time": 226.76861678004533}, "19": {"start_time": 226.76861678004536, "end_time": 236.64290249433108}, "20": {"start_time": 236.64290249433105, "end_time": 249.9131065759637}, "21": {"start_time": 249.91310657596372, "end_time": 259.78739229024944}, "22": {"start_time": 259.78739229024944, "end_time": 272.61351473922906}, "23": {"start_time": 272.613514739229, "end_time": 289.9065759637188}, "24": {"start_time": 289.9065759637188, "end_time": 297.9000453514739}, "25": {"start_time": 297.9000453514739, "end_time": 307.0429024943311}, "26": {"start_time": 307.0429024943311, "end_time": 315.79392290249433}, "27": {"start_time": 315.79392290249433, "end_time": 327.57514739229026}, "28": {"start_time": 327.57514739229026, "end_time": 343.144126984127}, "29": {"start_time": 343.14412698412696, "end_time": 354.35065759637183}, "30": {"start_time": 354.3506575963719, "end_time": 366.4453514739229}, "31": {"start_time": 366.4453514739229, "end_time": 378.64453514739233}, "32": {"start_time": 378.6445351473923, "end_time": 387.813514739229}, "33": {"start_time": 387.81351473922905, "end_time": 396.6429024943311}, "34": {"start_time": 396.64290249433105, "end_time": 408.16290249433104}, "35": {"start_time": 408.1629024943311, "end_time": 418.58575963718823}, "36": {"start_time": 418.58575963718823, "end_time": 429.40045351473924}, "37": {"start_time": 429.40045351473924, "end_time": 447.0853514739229}, "38": {"start_time": 447.0853514739229, "end_time": 461.9229024943311}, "39": {"start_time": 461.9229024943311, "end_time": 477.544126984127}, "40": {"start_time": 477.544126984127, "end_time": 490.8926984126984}, "41": {"start_time": 490.8926984126984, "end_time": 498.7033106575964}, "42": {"start_time": 498.7033106575964, "end_time": 509.62249433106575}, "43": {"start_time": 509.62249433106575, "end_time": 519.9408616780046}, "44": {"start_time": 519.9408616780046, "end_time": 528.3784126984127}, "45": {"start_time": 528.3784126984127, "end_time": 539.5065759637189}, "46": {"start_time": 539.5065759637188, "end_time": 565.3939229024943}}