{"1": {"start_time": 0.0, "end_time": 6.216780045351474}, "2": {"start_time": 6.216780045351474, "end_time": 7.940861678004535}, "3": {"start_time": 7.940861678004535, "end_time": 16.82249433106576}, "4": {"start_time": 16.82249433106576, "end_time": 22.334331065759635}, "5": {"start_time": 22.33433106575964, "end_time": 31.633922902494334}, "6": {"start_time": 31.63392290249433, "end_time": 36.100861678004534}, "7": {"start_time": 36.100861678004534, "end_time": 45.71392290249433}, "8": {"start_time": 45.71392290249433, "end_time": 54.28208616780046}, "9": {"start_time": 54.28208616780045, "end_time": 64.3653514739229}, "10": {"start_time": 64.3653514739229, "end_time": 68.57106575963718}, "11": {"start_time": 68.5710657596372, "end_time": 98.6380045351474}, "12": {"start_time": 98.63800453514739, "end_time": 105.9522902494331}, "13": {"start_time": 105.9522902494331, "end_time": 119.30086167800454}, "14": {"start_time": 119.30086167800454, "end_time": 124.60371882086167}, "15": {"start_time": 124.60371882086167, "end_time": 140.38167800453513}, "16": {"start_time": 140.38167800453516, "end_time": 152.26739229024946}, "17": {"start_time": 152.26739229024943, "end_time": 162.69024943310657}, "18": {"start_time": 162.69024943310657, "end_time": 167.41841269841268}, "19": {"start_time": 167.4184126984127, "end_time": 179.878820861678}, "20": {"start_time": 179.878820861678, "end_time": 183.66657596371883}, "21": {"start_time": 183.66657596371883, "end_time": 189.98820861678004}, "22": {"start_time": 189.98820861678004, "end_time": 198.03392290249434}, "23": {"start_time": 198.03392290249434, "end_time": 211.12126984126985}, "24": {"start_time": 211.12126984126985, "end_time": 215.69269841269843}, "25": {"start_time": 215.6926984126984, "end_time": 221.30902494331065}, "26": {"start_time": 221.30902494331065, "end_time": 225.14902494331065}, "27": {"start_time": 225.14902494331065, "end_time": 229.56371882086168}, "28": {"start_time": 229.56371882086168, "end_time": 234.23963718820863}, "29": {"start_time": 234.2396371882086, "end_time": 236.82575963718818}, "30": {"start_time": 236.8257596371882, "end_time": 241.55392290249432}, "31": {"start_time": 241.55392290249432, "end_time": 243.82657596371882}, "32": {"start_time": 243.82657596371882, "end_time": 247.98004535147393}, "33": {"start_time": 247.98004535147393, "end_time": 252.39473922902496}, "34": {"start_time": 252.39473922902494, "end_time": 255.81678004535146}, "35": {"start_time": 255.81678004535146, "end_time": 258.76861678004536}, "36": {"start_time": 258.76861678004536, "end_time": 264.0714739229025}, "37": {"start_time": 264.0714739229025, "end_time": 269.1653514739229}, "38": {"start_time": 269.1653514739229, "end_time": 275.304126984127}, "39": {"start_time": 275.304126984127, "end_time": 283.8722902494331}, "40": {"start_time": 283.8722902494331, "end_time": 308.1139229024943}, "41": {"start_time": 308.1139229024943, "end_time": 348.08126984126983}, "42": {"start_time": 348.08126984126983, "end_time": 351.1898412698413}, "43": {"start_time": 351.1898412698413, "end_time": 359.3400453514739}, "44": {"start_time": 359.3400453514739, "end_time": 366.3931065759637}, "45": {"start_time": 366.3931065759637, "end_time": 374.6478004535147}, "46": {"start_time": 374.6478004535147, "end_time": 387.63065759637186}, "47": {"start_time": 387.63065759637186, "end_time": 397.24371882086166}, "48": {"start_time": 397.24371882086166, "end_time": 423.36616780045347}, "49": {"start_time": 423.3661678004535, "end_time": 435.8265759637188}, "50": {"start_time": 435.8265759637188, "end_time": 440.4502494331066}, "51": {"start_time": 440.4502494331066, "end_time": 450.11555555555555}, "52": {"start_time": 450.11555555555555, "end_time": 455.0526984126984}, "53": {"start_time": 455.0526984126984, "end_time": 467.46086167800456}, "54": {"start_time": 467.46086167800456, "end_time": 495.8559637188209}, "55": {"start_time": 495.8559637188209, "end_time": 505.9392290249433}, "56": {"start_time": 505.9392290249433, "end_time": 519.4967800453514}, "57": {"start_time": 519.4967800453514, "end_time": 526.3931065759637}, "58": {"start_time": 526.3931065759638, "end_time": 533.7335147392291}, "59": {"start_time": 533.733514739229, "end_time": 552.9073922902494}, "60": {"start_time": 552.9073922902494, "end_time": 561.1620861678005}, "61": {"start_time": 561.1620861678005, "end_time": 567.9016780045351}, "62": {"start_time": 567.9016780045351, "end_time": 584.6200453514739}, "63": {"start_time": 584.6200453514739, "end_time": 593.5016780045352}, "64": {"start_time": 593.5016780045352, "end_time": 615.8363718820862}, "65": {"start_time": 615.8363718820862, "end_time": 626.1286167800454}, "66": {"start_time": 626.1286167800454, "end_time": 641.7237188208617}, "67": {"start_time": 641.7237188208617, "end_time": 654.9155555555556}, "68": {"start_time": 654.9155555555556, "end_time": 660.8714739229025}, "69": {"start_time": 660.8714739229025, "end_time": 667.5065759637189}, "70": {"start_time": 667.5065759637188, "end_time": 682.3963718820861}, "71": {"start_time": 682.3963718820862, "end_time": 694.3343310657597}, "72": {"start_time": 694.3343310657597, "end_time": 733.7531065759638}, "73": {"start_time": 733.7531065759637, "end_time": 758.1514739229025}, "74": {"start_time": 758.1514739229025, "end_time": 779.049433106576}, "75": {"start_time": 779.049433106576, "end_time": 794.3571882086168}, "76": {"start_time": 794.3571882086168, "end_time": 807.8102494331066}, "77": {"start_time": 807.8102494331066, "end_time": 825.7824943310658}, "78": {"start_time": 825.7824943310658, "end_time": 846.889433106576}, "79": {"start_time": 846.889433106576, "end_time": 856.3980045351475}, "80": {"start_time": 856.3980045351474, "end_time": 861.3873922902494}, "81": {"start_time": 861.3873922902494, "end_time": 883.9833106575963}, "82": {"start_time": 883.9833106575963, "end_time": 900.3098412698413}, "83": {"start_time": 900.3098412698413, "end_time": 912.5612698412699}, "84": {"start_time": 912.5612698412698, "end_time": 919.2747392290249}, "85": {"start_time": 919.2747392290249, "end_time": 929.1751473922902}, "86": {"start_time": 929.1751473922902, "end_time": 939.3106575963718}, "87": {"start_time": 939.3106575963719, "end_time": 966.5302494331066}, "88": {"start_time": 966.5302494331066, "end_time": 994.664126984127}, "89": {"start_time": 994.6641269841269, "end_time": 1009.0314739229025}, "90": {"start_time": 1009.0314739229025, "end_time": 1020.8910657596372}, "91": {"start_time": 1020.8910657596372, "end_time": 1041.2926984126984}, "92": {"start_time": 1041.2926984126984, "end_time": 1050.5139229024944}, "93": {"start_time": 1050.5139229024944, "end_time": 1057.384126984127}, "94": {"start_time": 1057.384126984127, "end_time": 1062.2951473922903}, "95": {"start_time": 1062.2951473922903, "end_time": 1083.6371882086169}, "96": {"start_time": 1083.6371882086169, "end_time": 1087.92126984127}, "97": {"start_time": 1087.9212698412698, "end_time": 1105.2665759637189}, "98": {"start_time": 1105.2665759637189, "end_time": 1139.1212698412699}, "99": {"start_time": 1139.1212698412699, "end_time": 1153.0967800453516}, "100": {"start_time": 1153.0967800453516, "end_time": 1167.28126984127}, "101": {"start_time": 1167.28126984127, "end_time": 1175.535963718821}, "102": {"start_time": 1175.5359637188208, "end_time": 1185.4886167800453}, "103": {"start_time": 1185.4886167800453, "end_time": 1194.6314739229024}, "104": {"start_time": 1194.6314739229024, "end_time": 1201.2143310657596}, "105": {"start_time": 1201.2143310657596, "end_time": 1212.316371882086}, "106": {"start_time": 1212.316371882086, "end_time": 1220.5188208616778}, "107": {"start_time": 1220.518820861678, "end_time": 1225.0118820861678}, "108": {"start_time": 1225.0118820861678, "end_time": 1232.482902494331}, "109": {"start_time": 1232.482902494331, "end_time": 1246.7718820861678}, "110": {"start_time": 1246.7718820861678, "end_time": 1263.9604535147391},