{"1": {"start_time": 0.0, "end_time": 5.3808616780045355}, "2": {"start_time": 5.3808616780045355, "end_time": 57.442902494331065}, "3": {"start_time": 57.442902494331065, "end_time": 91.2975963718821}, "4": {"start_time": 91.29759637188208, "end_time": 110.26249433106575}, "5": {"start_time": 110.26249433106575, "end_time": 143.15065759637187}, "6": {"start_time": 143.15065759637187, "end_time": 159.9473922902494}, "7": {"start_time": 159.94739229024944, "end_time": 206.758820861678}, "8": {"start_time": 206.758820861678, "end_time": 237.8184126984127}, "9": {"start_time": 237.8184126984127, "end_time": 259.91800453514736}, "10": {"start_time": 259.9180045351474, "end_time": 266.84045351473924}, "11": {"start_time": 266.84045351473924, "end_time": 285.1784126984127}, "12": {"start_time": 285.17841269841267, "end_time": 331.85922902494326}, "13": {"start_time": 331.8592290249433, "end_time": 361.8739229024943}}