{"1": {"start_time": 0.0, "end_time": 5.981678004535147}, "2": {"start_time": 5.981678004535147, "end_time": 10.762086167800453}, "3": {"start_time": 10.762086167800453, "end_time": 18.781678004535145}, "4": {"start_time": 18.78167800453515, "end_time": 25.886984126984128}, "5": {"start_time": 25.886984126984128, "end_time": 36.25759637188209}, "6": {"start_time": 36.25759637188209, "end_time": 40.3849433106576}, "7": {"start_time": 40.3849433106576, "end_time": 48.3784126984127}, "8": {"start_time": 48.378412698412696, "end_time": 58.461678004535145}, "9": {"start_time": 58.461678004535145, "end_time": 66.11555555555556}, "10": {"start_time": 66.11555555555556, "end_time": 71.4706575963719}, "11": {"start_time": 71.47065759637188, "end_time": 78.05351473922902}, "12": {"start_time": 78.05351473922903, "end_time": 84.34902494331067}, "13": {"start_time": 84.34902494331065, "end_time": 93.70086167800453}, "14": {"start_time": 93.70086167800453, "end_time": 103.36616780045351}, "15": {"start_time": 103.36616780045351, "end_time": 112.90086167800453}, "16": {"start_time": 112.90086167800453, "end_time": 123.61106575963719}, "17": {"start_time": 123.61106575963719, "end_time": 130.9514739229025}, "18": {"start_time": 130.9514739229025, "end_time": 141.45269841269842}, "19": {"start_time": 141.45269841269842, "end_time": 151.19637188208617}, "20": {"start_time": 151.19637188208617, "end_time": 158.4322902494331}, "21": {"start_time": 158.4322902494331, "end_time": 163.34331065759636}, "22": {"start_time": 163.34331065759636, "end_time": 168.0453514739229}, "23": {"start_time": 168.0453514739229, "end_time": 174.3669841269841}, "24": {"start_time": 174.36698412698414, "end_time": 181.75963718820861}, "25": {"start_time": 181.75963718820861, "end_time": 188.89106575963717}, "26": {"start_time": 188.8910657596372, "end_time": 195.44780045351476}, "27": {"start_time": 195.44780045351473, "end_time": 204.74739229024942}, "28": {"start_time": 204.74739229024942, "end_time": 210.78167800453514}, "29": {"start_time": 210.78167800453514, "end_time": 217.704126984127}, "30": {"start_time": 217.704126984127, "end_time": 228.04861678004536}, "31": {"start_time": 228.04861678004536, "end_time": 233.90004535147395}, "32": {"start_time": 233.90004535147392, "end_time": 245.28943310657596}, "33": {"start_time": 245.28943310657596, "end_time": 260.41433106575965}, "34": {"start_time": 260.41433106575965, "end_time": 268.06820861678005}, "35": {"start_time": 268.06820861678005, "end_time": 276.6624943310658}, "36": {"start_time": 276.6624943310658, "end_time": 284.44698412698415}, "37": {"start_time": 284.44698412698415, "end_time": 293.48535147392295}}