{"1": {"start_time": 0.0, "end_time": 13.374331065759637}, "3": {"start_time": 13.374331065759637, "end_time": 21.08045351473923}, "4": {"start_time": 21.08045351473923, "end_time": 40.62004535147392}, "5": {"start_time": 40.62004535147392, "end_time": 65.69759637188209}, "6": {"start_time": 65.69759637188209, "end_time": 86.22984126984127}, "7": {"start_time": 86.22984126984127, "end_time": 93.28290249433107}, "8": {"start_time": 93.28290249433107, "end_time": 104.59392290249434}, "9": {"start_time": 104.59392290249433, "end_time": 115.2257596371882}, "10": {"start_time": 115.2257596371882, "end_time": 129.5931065759637}, "11": {"start_time": 129.59310657596373, "end_time": 148.2706575963719}, "12": {"start_time": 148.27065759637188, "end_time": 160.3392290249433}, "13": {"start_time": 160.3392290249433, "end_time": 182.07310657596372}, "14": {"start_time": 182.07310657596372, "end_time": 204.17269841269842}, "15": {"start_time": 204.17269841269842, "end_time": 222.30167800453515}, "16": {"start_time": 222.30167800453515, "end_time": 244.00943310657595}, "17": {"start_time": 244.00943310657595, "end_time": 259.813514739229}, "18": {"start_time": 259.81351473922905, "end_time": 276.9498412698413}, "19": {"start_time": 276.9498412698413, "end_time": 287.26820861678004}, "20": {"start_time": 287.26820861678004, "end_time": 303.3857596371882}, "21": {"start_time": 303.3857596371882, "end_time": 335.9865759637188}, "22": {"start_time": 335.98657596371885, "end_time": 348.5775963718821}, "23": {"start_time": 348.57759637188207, "end_time": 367.0461678004535}, "24": {"start_time": 367.04616780045353, "end_time": 385.41024943310657}, "25": {"start_time": 385.41024943310657, "end_time": 399.5947392290249}, "26": {"start_time": 399.5947392290249, "end_time": 410.0959637188208}, "27": {"start_time": 410.0959637188209, "end_time": 429.42657596371885}, "28": {"start_time": 429.42657596371885, "end_time": 451.08208616780047}, "29": {"start_time": 451.08208616780047, "end_time": 459.6763718820862}, "30": {"start_time": 459.6763718820862, "end_time": 471.5098412698413}, "31": {"start_time": 471.5098412698413, "end_time": 481.85433106575965}}