{"1": {"start_time": 0.0, "end_time": 5.58984126984127}, "2": {"start_time": 5.58984126984127, "end_time": 15.803718820861679}, "3": {"start_time": 15.803718820861677, "end_time": 25.93922902494331}, "4": {"start_time": 25.939229024943312, "end_time": 35.39555555555556}, "5": {"start_time": 35.39555555555555, "end_time": 50.912290249433106}, "6": {"start_time": 50.912290249433106, "end_time": 75.96371882086167}, "7": {"start_time": 75.96371882086167, "end_time": 114.96453514739228}, "8": {"start_time": 114.9645351473923, "end_time": 132.46657596371884}, "9": {"start_time": 132.4665759637188, "end_time": 145.13596371882085}, "10": {"start_time": 145.13596371882088, "end_time": 160.86167800453515}, "11": {"start_time": 160.86167800453515, "end_time": 176.22167800453514}, "12": {"start_time": 176.22167800453514, "end_time": 195.4739229024943}, "13": {"start_time": 195.47392290249434, "end_time": 216.31963718820862}, "14": {"start_time": 216.31963718820862, "end_time": 230.58249433106576}, "15": {"start_time": 230.58249433106576, "end_time": 292.2837188208617}}