{"1": {"start_time": 0.0, "end_time": 6.399637188208617}, "2": {"start_time": 6.399637188208617, "end_time": 11.023310657596372}, "3": {"start_time": 11.023310657596372, "end_time": 19.878820861678005}, "4": {"start_time": 19.878820861678005, "end_time": 25.834739229024944}, "5": {"start_time": 25.834739229024944, "end_time": 39.3922902494331}}