{"1": {"start_time": 0.0, "end_time": 10.86657596371882}, "2": {"start_time": 10.866575963718821, "end_time": 15.307392290249433}, "3": {"start_time": 15.307392290249433, "end_time": 18.703310657596372}, "4": {"start_time": 18.703310657596372, "end_time": 22.125351473922905}, "5": {"start_time": 22.1253514739229, "end_time": 27.166984126984126}, "6": {"start_time": 27.166984126984126, "end_time": 34.272290249433105}, "7": {"start_time": 34.272290249433105, "end_time": 37.22412698412698}, "8": {"start_time": 37.22412698412698, "end_time": 41.612698412698414}, "9": {"start_time": 41.612698412698414, "end_time": 44.851882086167805}, "10": {"start_time": 44.8518820861678, "end_time": 47.88208616780045}, "11": {"start_time": 47.88208616780045, "end_time": 52.32290249433106}, "12": {"start_time": 52.32290249433107, "end_time": 55.24861678004535}, "13": {"start_time": 55.24861678004535, "end_time": 59.82004535147392}, "14": {"start_time": 59.82004535147392, "end_time": 65.41024943310657}, "15": {"start_time": 65.41024943310657, "end_time": 74.10902494331066}, "16": {"start_time": 74.10902494331066, "end_time": 78.758820861678}, "17": {"start_time": 78.758820861678, "end_time": 81.29269841269841}, "18": {"start_time": 81.29269841269841, "end_time": 84.19229024943311}, "19": {"start_time": 84.1922902494331, "end_time": 90.22657596371882}}