{"1": {"start_time": 0.0, "end_time": 10.00453514739229}, "2": {"start_time": 10.004535147392291, "end_time": 13.504943310657596}, "3": {"start_time": 13.504943310657596, "end_time": 18.25922902494331}, "4": {"start_time": 18.25922902494331, "end_time": 21.94249433106576}, "5": {"start_time": 21.94249433106576, "end_time": 26.9318820861678}, "6": {"start_time": 26.9318820861678, "end_time": 30.275555555555556}, "7": {"start_time": 30.275555555555556, "end_time": 34.6118820861678}, "8": {"start_time": 34.6118820861678, "end_time": 39.784126984126985}, "9": {"start_time": 39.784126984126985, "end_time": 43.911473922902495}, "10": {"start_time": 43.911473922902495, "end_time": 48.24780045351474}, "11": {"start_time": 48.24780045351474, "end_time": 52.296780045351476}, "12": {"start_time": 52.296780045351476, "end_time": 56.11065759637189}, "13": {"start_time": 56.11065759637188, "end_time": 63.398820861678004}, "14": {"start_time": 63.398820861678004, "end_time": 74.34412698412699}, "15": {"start_time": 74.34412698412699, "end_time": 79.98657596371882}}