{"1": {"start_time": 0.0, "end_time": 6.373514739229025}, "2": {"start_time": 6.373514739229025, "end_time": 8.14984126984127}, "3": {"start_time": 8.14984126984127, "end_time": 13.949024943310658}, "4": {"start_time": 13.949024943310658, "end_time": 26.487800453514737}}