{"1": {"start_time": 0.0, "end_time": 18.912290249433106}, "2": {"start_time": 18.912290249433106, "end_time": 34.402902494331066}, "3": {"start_time": 34.402902494331066, "end_time": 64.20861678004535}, "4": {"start_time": 64.20861678004535, "end_time": 78.96780045351474}, "5": {"start_time": 78.96780045351474, "end_time": 91.74167800453515}, "6": {"start_time": 91.74167800453515, "end_time": 108.90412698412698}, "7": {"start_time": 108.90412698412699, "end_time": 124.83882086167802}, "8": {"start_time": 124.838820861678, "end_time": 139.46739229024942}, "9": {"start_time": 139.46739229024942, "end_time": 169.22086167800452}, "10": {"start_time": 169.22086167800452, "end_time": 184.3457596371882}, "11": {"start_time": 184.3457596371882, "end_time": 196.38820861678002}, "12": {"start_time": 196.38820861678005, "end_time": 220.65596371882086}, "13": {"start_time": 220.65596371882086, "end_time": 244.8453514739229}, "14": {"start_time": 244.8453514739229, "end_time": 273.5539229024943}, "15": {"start_time": 273.5539229024943, "end_time": 296.6461678004535}, "16": {"start_time": 296.6461678004535, "end_time": 318.85024943310657}, "17": {"start_time": 318.85024943310657, "end_time": 329.5604535147392}, "18": {"start_time": 329.5604535147392, "end_time": 348.6037188208617}, "19": {"start_time": 348.6037188208617, "end_time": 371.09514739229024}, "20": {"start_time": 371.09514739229024, "end_time": 382.7457596371882}, "21": {"start_time": 382.7457596371882, "end_time": 402.2331065759637}, "22": {"start_time": 402.23310657596375, "end_time": 426.89269841269845}, "23": {"start_time": 426.8926984126984, "end_time": 451.31718820861676}, "24": {"start_time": 451.31718820861676, "end_time": 470.56943310657596}, "25": {"start_time": 470.56943310657596, "end_time": 481.85433106575965}, "26": {"start_time": 481.85433106575965, "end_time": 492.69514739229027}, "27": {"start_time": 492.69514739229027, "end_time": 506.48780045351475}, "28": {"start_time": 506.48780045351475, "end_time": 524.6429024943311}, "29": {"start_time": 524.6429024943311, "end_time": 533.1065759637189}, "30": {"start_time": 533.1065759637188, "end_time": 544.3914739229025}, "31": {"start_time": 544.3914739229025, "end_time": 581.8510657596372}, "32": {"start_time": 581.8510657596372, "end_time": 599.5620861678004}, "33": {"start_time": 599.5620861678004, "end_time": 640.3131065759637}, "34": {"start_time": 640.3131065759637, "end_time": 663.3008616780046}, "35": {"start_time": 663.3008616780045, "end_time": 673.82820861678}, "36": {"start_time": 673.82820861678, "end_time": 688.9531065759637}, "37": {"start_time": 688.9531065759637, "end_time": 728.998820861678}, "38": {"start_time": 728.998820861678, "end_time": 742.8698412698413}, "39": {"start_time": 742.8698412698412, "end_time": 766.9286167800453}, "40": {"start_time": 766.9286167800453, "end_time": 783.777596371882}, "41": {"start_time": 783.777596371882, "end_time": 800.8355555555555}, "42": {"start_time": 800.8355555555555, "end_time": 825.3384126984126}, "43": {"start_time": 825.3384126984128, "end_time": 876.4078004535148}, "44": {"start_time": 876.4078004535147, "end_time": 894.5629024943311}, "45": {"start_time": 894.5629024943311, "end_time": 909.7661678004536}, "46": {"start_time": 909.7661678004536, "end_time": 938.605351473923}, "47": {"start_time": 938.605351473923, "end_time": 954.4616780045352}, "48": {"start_time": 954.4616780045352, "end_time": 961.9065759637189}, "49": {"start_time": 961.9065759637189, "end_time": 970.4224943310658}, "50": {"start_time": 970.4224943310658, "end_time": 990.2755555555556}, "51": {"start_time": 990.2755555555556, "end_time": 1001.9522902494331}, "52": {"start_time": 1001.9522902494331, "end_time": 1015.1180045351474}, "53": {"start_time": 1015.1180045351474, "end_time": 1026.1155555555556}, "54": {"start_time": 1026.1155555555556, "end_time": 1045.1326984126986}}