{"1": {"start_time": 0.0, "end_time": 12.224943310657597}, "3": {"start_time": 12.224943310657597, "end_time": 19.695963718820863}, "4": {"start_time": 19.695963718820863, "end_time": 26.90575963718821}, "5": {"start_time": 26.905759637188208, "end_time": 34.376780045351474}, "6": {"start_time": 34.376780045351474, "end_time": 40.07147392290249}, "7": {"start_time": 40.07147392290249, "end_time": 44.5384126984127}, "8": {"start_time": 44.5384126984127, "end_time": 47.25514739229025}, "9": {"start_time": 47.25514739229025, "end_time": 49.318820861678006}, "10": {"start_time": 49.318820861678006, "end_time": 52.45351473922903}, "11": {"start_time": 52.45351473922903, "end_time": 58.74902494331066}, "12": {"start_time": 58.74902494331066, "end_time": 61.674739229024944}, "13": {"start_time": 61.674739229024944, "end_time": 66.35065759637189}, "14": {"start_time": 66.35065759637189, "end_time": 74.34412698412699}, "15": {"start_time": 74.34412698412699, "end_time": 79.7253514739229}, "16": {"start_time": 79.7253514739229, "end_time": 83.2257596371882}, "17": {"start_time": 83.2257596371882, "end_time": 88.31963718820862}, "18": {"start_time": 88.31963718820862, "end_time": 93.67473922902494}, "19": {"start_time": 93.67473922902494, "end_time": 98.48126984126984}, "20": {"start_time": 98.48126984126984, "end_time": 103.3922902494331}, "21": {"start_time": 103.3922902494331, "end_time": 107.38902494331066}, "22": {"start_time": 107.38902494331066, "end_time": 110.26249433106577}, "23": {"start_time": 110.26249433106575, "end_time": 115.06902494331065}, "24": {"start_time": 115.06902494331065, "end_time": 118.20371882086167}, "25": {"start_time": 118.20371882086168, "end_time": 123.55882086167802}, "26": {"start_time": 123.558820861678, "end_time": 129.27963718820862}, "27": {"start_time": 129.27963718820862, "end_time": 134.8175963718821}, "28": {"start_time": 134.81759637188208, "end_time": 140.25106575963719}, "29": {"start_time": 140.25106575963719, "end_time": 146.0502494331066}, "30": {"start_time": 146.0502494331066, "end_time": 151.1702494331066}, "31": {"start_time": 151.17024943310656, "end_time": 157.30902494331065}, "32": {"start_time": 157.30902494331065, "end_time": 160.678820861678}, "33": {"start_time": 160.678820861678, "end_time": 164.91065759637186}, "34": {"start_time": 164.9106575963719, "end_time": 171.20616780045353}, "35": {"start_time": 171.20616780045353, "end_time": 173.92290249433108}, "36": {"start_time": 173.92290249433105, "end_time": 177.9457596371882}, "37": {"start_time": 177.94575963718822, "end_time": 184.31963718820862}, "38": {"start_time": 184.31963718820862, "end_time": 191.26820861678004}, "39": {"start_time": 191.26820861678004, "end_time": 197.4853514739229}, "40": {"start_time": 197.4853514739229, "end_time": 203.65024943310655}, "41": {"start_time": 203.65024943310658, "end_time": 214.07310657596372}}