{"1": {"start_time": 0.0, "end_time": 13.583310657596371}, "3": {"start_time": 13.583310657596371, "end_time": 17.0053514739229}, "4": {"start_time": 17.005351473922904, "end_time": 20.34902494331066}, "5": {"start_time": 20.349024943310656, "end_time": 24.580861678004535}, "6": {"start_time": 24.580861678004535, "end_time": 32.783310657596374}, "7": {"start_time": 32.783310657596374, "end_time": 42.70984126984127}, "8": {"start_time": 42.70984126984127, "end_time": 49.73678004535147}, "9": {"start_time": 49.73678004535147, "end_time": 59.58494331065759}, "10": {"start_time": 59.58494331065759, "end_time": 65.59310657596372}, "11": {"start_time": 65.59310657596372, "end_time": 73.50820861678004}, "12": {"start_time": 73.50820861678004, "end_time": 87.77106575963718}, "13": {"start_time": 87.77106575963718, "end_time": 92.60371882086167}, "14": {"start_time": 92.60371882086167, "end_time": 98.29841269841269}, "15": {"start_time": 98.2984126984127, "end_time": 104.90739229024943}, "16": {"start_time": 104.90739229024943, "end_time": 115.77433106575964}, "17": {"start_time": 115.77433106575964, "end_time": 128.15637188208618}, "18": {"start_time": 128.15637188208618, "end_time": 135.28780045351476}, "19": {"start_time": 135.28780045351473, "end_time": 142.1580045351474}, "20": {"start_time": 142.1580045351474, "end_time": 153.99147392290251}, "21": {"start_time": 153.9914739229025, "end_time": 161.82820861678005}, "22": {"start_time": 161.82820861678005, "end_time": 172.17269841269842}, "23": {"start_time": 172.17269841269842, "end_time": 182.02086167800454}, "24": {"start_time": 182.02086167800454, "end_time": 191.45106575963717}, "25": {"start_time": 191.45106575963717, "end_time": 199.7318820861678}, "26": {"start_time": 199.7318820861678, "end_time": 205.42657596371882}, "27": {"start_time": 205.42657596371882, "end_time": 212.42739229024943}, "28": {"start_time": 212.42739229024943, "end_time": 222.95473922902494}, "29": {"start_time": 222.95473922902494, "end_time": 233.5604535147392}, "30": {"start_time": 233.56045351473924, "end_time": 240.038820861678}, "31": {"start_time": 240.038820861678, "end_time": 256.54820861678}, "32": {"start_time": 256.5482086167801, "end_time": 268.1465759637189}, "33": {"start_time": 268.1465759637188, "end_time": 276.92371882086167}, "34": {"start_time": 276.92371882086167, "end_time": 286.06657596371883}, "35": {"start_time": 286.06657596371883, "end_time": 293.6682086167801}, "36": {"start_time": 293.66820861678, "end_time": 308.8192290249433}, "37": {"start_time": 308.8192290249433, "end_time": 321.95882086167796}, "38": {"start_time": 321.958820861678, "end_time": 331.3367800453515}, "39": {"start_time": 331.3367800453515, "end_time": 340.1139229024943}, "40": {"start_time": 340.1139229024943, "end_time": 348.3163718820862}, "41": {"start_time": 348.3163718820862, "end_time": 354.533514739229}, "42": {"start_time": 354.533514739229, "end_time": 363.72861678004534}, "43": {"start_time": 363.72861678004534, "end_time": 370.8861678004535}, "44": {"start_time": 370.8861678004535, "end_time": 377.57351473922904}, "45": {"start_time": 377.57351473922904, "end_time": 383.8429024943311}, "46": {"start_time": 383.84290249433104, "end_time": 392.6722902494331}, "47": {"start_time": 392.6722902494331, "end_time": 400.58739229024945}, "48": {"start_time": 400.58739229024945, "end_time": 409.93922902494336}, "49": {"start_time": 409.9392290249433, "end_time": 416.91392290249433}, "50": {"start_time": 416.91392290249433, "end_time": 426.0306575963719}, "51": {"start_time": 426.0306575963719, "end_time": 436.00943310657595}, "52": {"start_time": 436.00943310657595, "end_time": 446.51065759637186}, "53": {"start_time": 446.51065759637186, "end_time": 454.1122902494331}, "54": {"start_time": 454.1122902494331, "end_time": 465.3710657596372}, "55": {"start_time": 465.3710657596372, "end_time": 472.3457596371882}, "56": {"start_time": 472.3457596371882, "end_time": 480.52208616780047}, "57": {"start_time": 480.52208616780047, "end_time": 488.01922902494334}, "58": {"start_time": 488.0192290249433, "end_time": 496.613514739229}, "59": {"start_time": 496.613514739229, "end_time": 501.89024943310653}, "60": {"start_time": 501.8902494331066, "end_time": 509.8837188208617}, "61": {"start_time": 509.8837188208617, "end_time": 517.1196371882087}, "62": {"start_time": 517.1196371882086, "end_time": 524.3033106575963}, "63": {"start_time": 524.3033106575964, "end_time": 532.7669841269842}, "64": {"start_time": 532.7669841269841, "end_time": 540.7343310657596}, "65": {"start_time": 540.7343310657596, "end_time": 550.7131065759637}, "66": {"start_time": 550.7131065759637, "end_time": 558.0273922902494}, "67": {"start_time": 558.0273922902494, "end_time": 567.9800453514739}, "68": {"start_time": 567.9800453514739, "end_time": 578.0371882086167}, "69": {"start_time": 578.0371882086167, "end_time": 586.1873922902494}, "70": {"start_time": 586.1873922902495, "end_time": 598.8306575963719}, "71": {"start_time": 598.8306575963719, "end_time": 606.9808616780045}, "72": {"start_time": 606.9808616780045, "end_time": 613.0673922902495}, "73": {"start_time": 613.0673922902495, "end_time": 620.9824943310658}, "74": {"start_time": 620.9824943310657, "end_time": 629.9686167800453}, "75": {"start_time": 629.9686167800453, "end_time": 637.4657596371882}, "76": {"start_time": 637.4657596371882, "end_time": 646.1906575963718}, "77": {"start_time": 646.1906575963719, "end_time": 653.5833106575964}, "78": {"start_time": 653.5833106575964, "end_time": 660.2706575963718}, "79": {"start_time": 660.2706575963718, "end_time": 666.2265759637188}, "80": {"start_time": 666.2265759637188, "end_time": 672.9661678004535}, "81": {"start_time": 672.9661678004535, "end_time": 680.1237188208617}, "82": {"start_time": 680.1237188208617, "end_time": 686.7065759637188}, "83": {"start_time": 686.7065759637188, "end_time": 693.2633106575963}, "84": {"start_time": 693.2633106575963, "end_time": 700.7604535147392}, "85": {"start_time": 700.7604535147392, "end_time": 709.5114739229025}, "86": {"start_time": 709.5114739229025, "end_time": 717.5833106575964}, "87": {"start_time": 717.5833106575964, "end_time": 725.3416780045352}, "88": {"start_time": 725.3416780045352, "end_time": 732.969433106576}, "89": {"start_time": 732.9694331065759, "end_time": 739.6306575963719}, "90": {"start_time": 739.6306575963719, "end_time": 745.1424943310658}, "91": {"start_time": 745.1424943310658, "end_time": 750.2102494331066}, "92": {"start_time": 750.2102494331066, "end_time": 759.2224943310657}, "93": {"start_time": 759.2224943310657, "end_time": 765.3090249433106}, "94": {"start_time": 765.3090249433106, "end_time": 772.2053514739229}, "95": {"start_time": 772.2053514739229, "end_time": 779.3106575963718}, "96": {"start_time": 779.3106575963719, "end_time": 785.0575963718821}, "97": {"start_time": 785.0575963718821, "end_time": 791.3269841269841}, "98": {"start_time": 791.3269841269841, "end_time": 799.7384126984127}, "99": {"start_time": 799.7384126984127, "end_time": 808.4110657596373}, "100": {"start_time": 808.4110657596372, "end_time": 816.4567800453515}, "101": {"start_time": 816.4567800453515, "end_time": 821.7857596371882}, "102": {"start_time": 821.7857596371882, "end_time": 827.689433106576}, "103": {"start_time": 827.689433106576, "end_time": 863.4510657596372}, "104": {"start_time": 863.4510657596372, "end_time": 872.6461678004536}, "105": {"start_time": 872.6461678004536, "end_time": 881.6061678004536}, "106": {"start_time": 881.6061678004535, "end_time": 892.0812698412698}, "107": {"start_time": 892.0812698412699, "end_time": 900.780045351474}, "108": {"start_time": 900.780045351474, "end_time": 906.5269841269842}, "109": {"start_time": 906.5269841269841, "end_time": 912.6918820861678}, "110": {"start_time": 912.6918820861678, "end_time": 919.8755555555555}, "111": {"start_time": 919.8755555555556, "end_time": 925.2829024943311}, "112": {"start_time": 925.2829024943311,