{"1": {"start_time": 0.0, "end_time": 19.38249433106576}, "3": {"start_time": 19.38249433106576, "end_time": 49.08371882086168}, "4": {"start_time": 49.08371882086168, "end_time": 62.61514739229025}, "5": {"start_time": 62.61514739229025, "end_time": 76.66902494331066}, "6": {"start_time": 76.66902494331066, "end_time": 189.8575963718821}, "7": {"start_time": 189.8575963718821, "end_time": 205.5310657596372}, "8": {"start_time": 205.5310657596372, "end_time": 219.37596371882086}, "9": {"start_time": 219.37596371882086, "end_time": 234.03065759637187}, "10": {"start_time": 234.0306575963719, "end_time": 252.55147392290252}, "11": {"start_time": 252.5514739229025, "end_time": 263.88861678004537}, "12": {"start_time": 263.88861678004537, "end_time": 291.05596371882086}, "13": {"start_time": 291.05596371882086, "end_time": 305.6845351473923}, "14": {"start_time": 305.6845351473923, "end_time": 319.8167800453515}, "15": {"start_time": 319.8167800453515, "end_time": 341.08045351473925}, "16": {"start_time": 341.08045351473925, "end_time": 374.3865759637188}, "17": {"start_time": 374.3865759637188, "end_time": 388.5971882086168}, "18": {"start_time": 388.5971882086168, "end_time": 416.33922902494334}, "19": {"start_time": 416.33922902494334, "end_time": 463.594739229025}, "20": {"start_time": 463.5947392290249, "end_time": 484.91065759637183}, "21": {"start_time": 484.9106575963719, "end_time": 492.06820861678005}, "22": {"start_time": 492.06820861678005, "end_time": 498.18086167800453}, "23": {"start_time": 498.18086167800453, "end_time": 517.9033106575964}, "24": {"start_time": 517.9033106575964, "end_time": 553.8216780045352}, "25": {"start_time": 553.8216780045351, "end_time": 568.1106575963719}, "26": {"start_time": 568.1106575963719, "end_time": 608.6265759637188}, "27": {"start_time": 608.6265759637188, "end_time": 632.5024943310657}, "28": {"start_time": 632.5024943310658, "end_time": 649.194739229025}, "29": {"start_time": 649.1947392290249, "end_time": 680.4371882086167}, "30": {"start_time": 680.4371882086168, "end_time": 692.1922902494332}, "31": {"start_time": 692.1922902494331, "end_time": 716.5906575963719}, "32": {"start_time": 716.5906575963719, "end_time": 746.3702494331066}, "33": {"start_time": 746.3702494331066, "end_time": 760.1890249433106}, "34": {"start_time": 760.1890249433106, "end_time": 777.5604535147393}, "35": {"start_time": 777.5604535147393, "end_time": 807.9408616780046}, "36": {"start_time": 807.9408616780046, "end_time": 834.8208616780046}, "37": {"start_time": 834.8208616780046, "end_time": 873.325351473923}, "38": {"start_time": 873.3253514739229, "end_time": 899.3955555555556}, "39": {"start_time": 899.3955555555556, "end_time": 914.9122902494331}, "40": {"start_time": 914.9122902494331, "end_time": 929.0706575963719}, "41": {"start_time": 929.0706575963719, "end_time": 978.0502494331066}, "42": {"start_time": 978.0502494331066, "end_time": 1001.2992290249433}, "43": {"start_time": 1001.2992290249433, "end_time": 1013.8902494331065}, "44": {"start_time": 1013.8902494331065, "end_time": 1019.6110657596372}, "45": {"start_time": 1019.6110657596372, "end_time": 1034.9449433106577}, "46": {"start_time": 1034.9449433106577, "end_time": 1060.7278004535149}, "47": {"start_time": 1060.7278004535146, "end_time": 1087.7645351473923}, "48": {"start_time": 1087.7645351473923, "end_time": 1108.0616780045352}, "49": {"start_time": 1108.0616780045352, "end_time": 1127.4184126984128}, "50": {"start_time": 1127.4184126984128, "end_time": 1140.3751473922903}, "51": {"start_time": 1140.3751473922903, "end_time": 1152.6265759637188}, "52": {"start_time": 1152.6265759637188, "end_time": 1165.8445351473922}, "53": {"start_time": 1165.8445351473922, "end_time": 1207.8233106575963}, "54": {"start_time": 1207.8233106575963, "end_time": 1230.3931065759637}, "55": {"start_time": 1230.3931065759637, "end_time": 1256.6461678004534}, "56": {"start_time": 1256.6461678004534, "end_time": 1278.5890249433105}, "57": {"start_time": 1278.5890249433107, "end_time": 1295.5424943310659}, "58": {"start_time": 1295.5424943310657, "end_time": 1309.152290249433}, "59": {"start_time": 1309.152290249433, "end_time": 1336.1367800453513}, "60": {"start_time": 1336.1367800453515, "end_time": 1349.5898412698414}, "61": {"start_time": 1349.5898412698414, "end_time": 1370.984126984127}, "62": {"start_time": 1370.984126984127, "end_time": 1389.2698412698412}, "63": {"start_time": 1389.2698412698412, "end_time": 1415.705759637188}, "64": {"start_time": 1415.7057596371883, "end_time": 1435.0624943310659}, "65": {"start_time": 1435.0624943310659, "end_time": 1446.6608616780047}, "66": {"start_time": 1446.6608616780045, "end_time": 1477.5637188208616}, "67": {"start_time": 1477.5637188208616, "end_time": 1493.6290249433105}, "68": {"start_time": 1493.6290249433107, "end_time": 1516.0943310657597}, "69": {"start_time": 1516.0943310657597, "end_time": 1524.8975963718822}, "70": {"start_time": 1524.8975963718822, "end_time": 1536.6526984126986}, "71": {"start_time": 1536.6526984126983, "end_time": 1556.7931065759635}, "72": {"start_time": 1556.7931065759637, "end_time": 1575.522902494331}, "73": {"start_time": 1575.522902494331, "end_time": 1613.6094331065758}, "74": {"start_time": 1613.609433106576, "end_time": 1649.6845351473924}, "75": {"start_time": 1649.6845351473924, "end_time": 1660.4469841269843}, "76": {"start_time": 1660.446984126984, "end_time": 1678.7588208616778}, "77": {"start_time": 1678.758820861678, "end_time": 1689.3645351473924}, "78": {"start_time": 1689.3645351473922, "end_time": 1708.1726984126983}, "79": {"start_time": 1708.1726984126983, "end_time": 1772.1988208616779}}