{"1": {"start_time": 0.0, "end_time": 9.952290249433107}, "3": {"start_time": 9.952290249433107, "end_time": 13.583310657596371}, "4": {"start_time": 13.583310657596371, "end_time": 18.624943310657596}, "5": {"start_time": 18.624943310657596, "end_time": 24.63310657596372}, "6": {"start_time": 24.63310657596372, "end_time": 30.301678004535148}}