{"1": {"start_time": 0.0, "end_time": 12.015963718820862}, "2": {"start_time": 12.015963718820862, "end_time": 17.606167800453516}, "3": {"start_time": 17.606167800453516, "end_time": 25.991473922902493}, "4": {"start_time": 25.991473922902493, "end_time": 32.33922902494331}, "5": {"start_time": 32.33922902494331, "end_time": 38.713106575963714}, "6": {"start_time": 38.71310657596372, "end_time": 48.3784126984127}, "7": {"start_time": 48.378412698412696, "end_time": 67.81351473922902}, "8": {"start_time": 67.81351473922902, "end_time": 73.48208616780045}, "9": {"start_time": 73.48208616780046, "end_time": 83.87882086167801}, "10": {"start_time": 83.87882086167801, "end_time": 91.16698412698413}, "11": {"start_time": 91.16698412698413, "end_time": 100.75392290249434}, "12": {"start_time": 100.75392290249434, "end_time": 111.98657596371882}, "13": {"start_time": 111.98657596371882, "end_time": 118.54331065759636}, "14": {"start_time": 118.54331065759636, "end_time": 127.11147392290249}, "15": {"start_time": 127.11147392290249, "end_time": 132.41433106575963}, "16": {"start_time": 132.41433106575963, "end_time": 141.4526984126984}, "17": {"start_time": 141.45269841269842, "end_time": 156.62984126984128}, "18": {"start_time": 156.62984126984128, "end_time": 165.09351473922902}, "19": {"start_time": 165.09351473922902, "end_time": 177.6061678004535}, "20": {"start_time": 177.6061678004535, "end_time": 185.44290249433107}, "21": {"start_time": 185.44290249433107, "end_time": 189.33514739229025}, "22": {"start_time": 189.33514739229025, "end_time": 193.384126984127}, "23": {"start_time": 193.384126984127, "end_time": 196.51882086167802}, "24": {"start_time": 196.518820861678, "end_time": 208.22167800453514}, "25": {"start_time": 208.22167800453514, "end_time": 220.21188208616778}, "26": {"start_time": 220.2118820861678, "end_time": 223.86902494331065}, "27": {"start_time": 223.86902494331065, "end_time": 228.2314739229025}, "28": {"start_time": 228.2314739229025, "end_time": 234.5531065759637}, "29": {"start_time": 234.5531065759637, "end_time": 238.94167800453513}, "30": {"start_time": 238.94167800453513, "end_time": 243.7743310657596}, "31": {"start_time": 243.77433106575964, "end_time": 249.704126984127}, "32": {"start_time": 249.704126984127, "end_time": 260.98902494331065}, "33": {"start_time": 260.98902494331065, "end_time": 268.98249433106577}, "34": {"start_time": 268.98249433106577, "end_time": 275.8004535147392}, "35": {"start_time": 275.8004535147392, "end_time": 282.8273922902494}, "36": {"start_time": 282.8273922902494, "end_time": 289.48861678004533}, "37": {"start_time": 289.48861678004533, "end_time": 297.19473922902495}, "38": {"start_time": 297.19473922902495, "end_time": 304.3522902494331}, "39": {"start_time": 304.3522902494331, "end_time": 308.8453514739229}, "40": {"start_time": 308.8453514739229, "end_time": 316.8910657596372}, "41": {"start_time": 316.8910657596372, "end_time": 325.72045351473923}, "42": {"start_time": 325.72045351473923, "end_time": 334.75882086167803}, "43": {"start_time": 334.75882086167803, "end_time": 342.2037188208617}, "44": {"start_time": 342.2037188208617, "end_time": 349.2567800453515}, "45": {"start_time": 349.2567800453515, "end_time": 354.2722902494331}, "46": {"start_time": 354.2722902494331, "end_time": 360.8029024943311}, "47": {"start_time": 360.8029024943311, "end_time": 369.31882086167803}, "48": {"start_time": 369.318820861678, "end_time": 376.7114739229025}, "49": {"start_time": 376.7114739229025, "end_time": 386.27229024943307}, "50": {"start_time": 386.2722902494331, "end_time": 393.48208616780045}, "51": {"start_time": 393.48208616780045, "end_time": 399.9865759637188}, "52": {"start_time": 399.98657596371885, "end_time": 407.92780045351475}}