{"1": {"start_time": 0.0, "end_time": 19.43473922902494}, "2": {"start_time": 19.43473922902494, "end_time": 64.20861678004535}, "3": {"start_time": 64.20861678004535, "end_time": 101.22412698412698}, "4": {"start_time": 101.22412698412698, "end_time": 137.0380045351474}, "5": {"start_time": 137.0380045351474, "end_time": 171.07555555555555}, "6": {"start_time": 171.07555555555555, "end_time": 189.4657596371882}, "7": {"start_time": 189.4657596371882, "end_time": 209.71065759637187}, "8": {"start_time": 209.71065759637187, "end_time": 220.8649433106576}, "9": {"start_time": 220.8649433106576, "end_time": 244.5057596371882}, "10": {"start_time": 244.50575963718822, "end_time": 266.86657596371884}, "11": {"start_time": 266.86657596371884, "end_time": 292.6233106575964}, "12": {"start_time": 292.6233106575964, "end_time": 329.3514739229025}, "13": {"start_time": 329.35147392290247, "end_time": 354.4551473922902}, "14": {"start_time": 354.45514739229026, "end_time": 369.9718820861678}, "15": {"start_time": 369.9718820861678, "end_time": 419.34331065759636}, "16": {"start_time": 419.34331065759636, "end_time": 443.42820861678}, "17": {"start_time": 443.42820861678007, "end_time": 461.0086167800454}, "18": {"start_time": 461.0086167800454, "end_time": 505.75637188208617}, "19": {"start_time": 505.75637188208617, "end_time": 530.9906575963719}, "20": {"start_time": 530.9906575963719, "end_time": 557.4265759637188}, "21": {"start_time": 557.4265759637188, "end_time": 592.9008616780045}, "22": {"start_time": 592.9008616780045, "end_time": 667.42820861678}, "23": {"start_time": 667.42820861678, "end_time": 708.8061678004535}, "24": {"start_time": 708.8061678004535, "end_time": 786.4943310657596}, "25": {"start_time": 786.4943310657596, "end_time": 804.1531065759638}, "26": {"start_time": 804.1531065759638, "end_time": 829.0216780045351}, "27": {"start_time": 829.0216780045351, "end_time": 872.9073922902494}, "28": {"start_time": 872.9073922902494, "end_time": 904.7767800453514}, "29": {"start_time": 904.7767800453515, "end_time": 920.815963718821}, "30": {"start_time": 920.8159637188209, "end_time": 944.038820861678}, "31": {"start_time": 944.038820861678, "end_time": 980.1400453514739}, "32": {"start_time": 980.1400453514739, "end_time": 997.2763718820861}, "33": {"start_time": 997.2763718820862, "end_time": 1011.0167800453515}, "34": {"start_time": 1011.0167800453514, "end_time": 1034.4224943310658}, "35": {"start_time": 1034.4224943310658, "end_time": 1073.6584126984128}, "36": {"start_time": 1073.6584126984128, "end_time": 1095.470657596372}, "37": {"start_time": 1095.470657596372, "end_time": 1127.2616780045353}, "38": {"start_time": 1127.261678004535, "end_time": 1148.577596371882}, "39": {"start_time": 1148.577596371882, "end_time": 1172.0878004535148}, "40": {"start_time": 1172.0878004535148, "end_time": 1187.186575963719}, "41": {"start_time": 1187.1865759637187, "end_time": 1213.33514739229}, "42": {"start_time": 1213.3351473922903, "end_time": 1230.8633106575965}, "43": {"start_time": 1230.8633106575965, "end_time": 1247.8429024943312}, "44": {"start_time": 1247.8429024943312, "end_time": 1264.169433106576}, "45": {"start_time": 1264.169433106576, "end_time": 1290.8143310657597}, "46": {"start_time": 1290.8143310657597, "end_time": 1314.3767800453516}, "47": {"start_time": 1314.3767800453516, "end_time": 1333.4722902494332}, "48": {"start_time": 1333.4722902494332, "end_time": 1343.9735147392291}, "49": {"start_time": 1343.9735147392291, "end_time": 1376.6526984126986}, "50": {"start_time": 1376.6526984126983, "end_time": 1391.9865759637187}, "51": {"start_time": 1391.986575963719, "end_time": 1412.074739229025}, "52": {"start_time": 1412.074739229025, "end_time": 1427.6698412698413}, "53": {"start_time": 1427.6698412698413, "end_time": 1448.7767800453514}, "54": {"start_time": 1448.7767800453514, "end_time": 1476.3098412698412}, "55": {"start_time": 1476.3098412698412, "end_time": 1499.166984126984}, "56": {"start_time": 1499.166984126984, "end_time": 1507.1865759637187}, "57": {"start_time": 1507.1865759637187, "end_time": 1533.857596371882}, "58": {"start_time": 1533.857596371882, "end_time": 1547.5196371882084}, "59": {"start_time": 1547.5196371882087, "end_time": 1583.3857596371884}, "60": {"start_time": 1583.3857596371881, "end_time": 1606.5302494331065}, "61": {"start_time": 1606.5302494331065, "end_time": 1658.2526984126985}, "62": {"start_time": 1658.2526984126985, "end_time": 1673.2469841269842}, "63": {"start_time": 1673.2469841269842, "end_time": 1680.8224943310659}, "64": {"start_time": 1680.8224943310659, "end_time": 1699.891882086168}, "65": {"start_time": 1699.8918820861677, "end_time": 1715.800453514739}, "66": {"start_time": 1715.8004535147393, "end_time": 1748.6102494331067}, "67": {"start_time": 1748.6102494331067, "end_time": 1768.045351473923}, "68": {"start_time": 1768.045351473923, "end_time": 1795.944126984127}, "69": {"start_time": 1795.944126984127, "end_time": 1807.0984126984126}, "70": {"start_time": 1807.0984126984126, "end_time": 1825.0184126984127}, "71": {"start_time": 1825.0184126984127, "end_time": 1871.6731065759636}, "72": {"start_time": 1871.6731065759636, "end_time": 1890.1939229024943}, "73": {"start_time": 1890.1939229024943, "end_time": 1915.2192290249432}, "74": {"start_time": 1915.2192290249434, "end_time": 1942.2820861678006}, "75": {"start_time": 1942.2820861678003, "end_time": 1964.0682086167799}, "76": {"start_time": 1964.06820861678, "end_time": 1980.7865759637189}, "77": {"start_time": 1980.7865759637189, "end_time": 1998.62820861678}, "78": {"start_time": 1998.62820861678, "end_time": 2028.5906575963718}, "79": {"start_time": 2028.5906575963718, "end_time": 2036.7147392290249}, "80": {"start_time": 2036.7147392290249, "end_time": 2054.7653514739227}, "81": {"start_time": 2054.7653514739227, "end_time": 2076.05514739229}, "82": {"start_time": 2076.05514739229, "end_time": 2085.720453514739}, "83": {"start_time": 2085.7204535147393, "end_time": 2119.1310657596373}, "84": {"start_time": 2119.1310657596373, "end_time": 2142.771882086168}, "85": {"start_time": 2142.771882086168, "end_time": 2156.1204535147394}, "86": {"start_time": 2156.1204535147394, "end_time": 2164.270657596372}, "87": {"start_time": 2164.270657596372, "end_time": 2187.9114739229026}, "88": {"start_time": 2187.9114739229026, "end_time": 2224.3261678004537}, "89": {"start_time": 2224.3261678004537, "end_time": 2242.925351473923}, "90": {"start_time": 2242.925351473923, "end_time": 2285.4526984126987}, "91": {"start_time": 2285.4526984126983, "end_time": 2297.808616780045}, "92": {"start_time": 2297.808616780045, "end_time": 2315.493514739229}, "93": {"start_time": 2315.493514739229, "end_time": 2349.0608616780046}, "94": {"start_time": 2349.0608616780046, "end_time": 2380.198820861678}, "95": {"start_time": 2380.198820861678, "end_time": 2392.4763718820864}, "96": {"start_time": 2392.4763718820864, "end_time": 2403.2910657596376}, "97": {"start_time": 2403.291065759637, "end_time": 2415.333514739229}, "98": {"start_time": 2415.333514739229, "end_time": 2449.945759637188}, "99": {"start_time": 2449.945759637188, "end_time": 2470.0078004535144}, "100": {"start_time": 2470.007800453515, "end_time": 2487.2224943310657}, "101": {"start_time": 2487.2224943310657, "end_time": 2503.7057596371883}, "102": {"start_time": 2503.7057596371883, "end_time": 2527.477188208617}, "103": {"start_time": 2527.4771882086166, "end_time": 2542.889433106576}, "104": {"start_time": 2542.889433106576, "end_time": 2581.341678004535}, "105": {"start_time": 2581.341678004535, "end_time": 2592.913922902494}, "106": {"start_time": 2592.9139229024945, "end_time": 2612.6102494331067}, "107": {"start_time": 2612.6102494331067, "end_time": 2645.4984126984127}, "108": {"start_time": 2645.4984126984127, "end_time": 2677.3939229024945}, "109": {"start_time": 2677.3939229024945, "end_time": 2695.993106575964}}