{"1": {"start_time": 0.0, "end_time": 15.960453514739228}, "3": {"start_time": 15.960453514739228, "end_time": 24.319637188208617}, "4": {"start_time": 24.319637188208617, "end_time": 30.928616780045353}, "5": {"start_time": 30.928616780045353, "end_time": 37.43310657596372}, "6": {"start_time": 37.43310657596372, "end_time": 41.69106575963719}, "7": {"start_time": 41.69106575963719, "end_time": 46.23637188208617}, "8": {"start_time": 46.23637188208617, "end_time": 58.74902494331066}, "9": {"start_time": 58.74902494331066, "end_time": 63.398820861678004}, "10": {"start_time": 63.398820861678004, "end_time": 68.78004535147392}, "11": {"start_time": 68.78004535147392, "end_time": 75.41514739229024}, "12": {"start_time": 75.41514739229025, "end_time": 84.74086167800453}, "13": {"start_time": 84.74086167800453, "end_time": 91.68943310657596}, "14": {"start_time": 91.68943310657596, "end_time": 98.69024943310657}, "15": {"start_time": 98.69024943310657, "end_time": 106.37024943310658}, "16": {"start_time": 106.37024943310658, "end_time": 115.66984126984127}, "17": {"start_time": 115.66984126984127, "end_time": 121.05106575963718}, "18": {"start_time": 121.05106575963718, "end_time": 136.54167800453513}, "19": {"start_time": 136.54167800453516, "end_time": 141.16535147392293}, "20": {"start_time": 141.1653514739229, "end_time": 152.50249433106575}, "21": {"start_time": 152.50249433106575, "end_time": 156.8649433106576}, "22": {"start_time": 156.8649433106576, "end_time": 161.17514739229026}, "23": {"start_time": 161.17514739229026, "end_time": 169.40371882086168}, "24": {"start_time": 169.40371882086168, "end_time": 175.85596371882087}, "25": {"start_time": 175.85596371882087, "end_time": 184.21514739229025}, "26": {"start_time": 184.21514739229025, "end_time": 191.1114739229025}, "27": {"start_time": 191.1114739229025, "end_time": 203.41514739229024}, "28": {"start_time": 203.41514739229024, "end_time": 208.11718820861677}, "29": {"start_time": 208.11718820861677, "end_time": 216.0061678004535}, "30": {"start_time": 216.0061678004535, "end_time": 226.61188208616778}, "31": {"start_time": 226.6118820861678, "end_time": 234.39637188208619}, "32": {"start_time": 234.39637188208616, "end_time": 244.2184126984127}, "33": {"start_time": 244.2184126984127, "end_time": 261.0673922902494}, "34": {"start_time": 261.0673922902494, "end_time": 274.8861678004535}, "35": {"start_time": 274.8861678004535, "end_time": 284.86494331065757}, "36": {"start_time": 284.8649433106576, "end_time": 291.4216780045352}, "37": {"start_time": 291.4216780045351, "end_time": 296.46331065759637}, "38": {"start_time": 296.46331065759637, "end_time": 302.5237188208617}, "39": {"start_time": 302.5237188208617, "end_time": 308.74086167800453}, "40": {"start_time": 308.74086167800453, "end_time": 320.65269841269844}, "41": {"start_time": 320.6526984126984, "end_time": 327.0265759637188}, "42": {"start_time": 327.0265759637188, "end_time": 339.9310657596372}, "43": {"start_time": 339.9310657596372, "end_time": 350.40616780045355}, "44": {"start_time": 350.4061678004535, "end_time": 363.25841269841266}, "45": {"start_time": 363.2584126984127, "end_time": 377.12943310657596}, "46": {"start_time": 377.12943310657596, "end_time": 383.9473922902494}, "47": {"start_time": 383.9473922902494, "end_time": 394.05678004535145}, "48": {"start_time": 394.0567800453515, "end_time": 400.7963718820862}, "49": {"start_time": 400.7963718820862, "end_time": 411.6110657596372}, "50": {"start_time": 411.6110657596372, "end_time": 426.5008616780045}, "51": {"start_time": 426.5008616780045, "end_time": 433.9196371882086}, "52": {"start_time": 433.91963718820864, "end_time": 449.90657596371886}, "53": {"start_time": 449.9065759637188, "end_time": 458.2918820861678}}