{"1": {"start_time": 0.0, "end_time": 11.12780045351474}, "3": {"start_time": 11.12780045351474, "end_time": 15.934331065759636}, "4": {"start_time": 15.934331065759638, "end_time": 21.472290249433108}, "5": {"start_time": 21.472290249433108, "end_time": 26.409433106575964}, "6": {"start_time": 26.409433106575964, "end_time": 32.73106575963719}, "7": {"start_time": 32.73106575963719, "end_time": 39.104943310657596}, "8": {"start_time": 39.104943310657596, "end_time": 47.56861678004535}, "9": {"start_time": 47.56861678004535, "end_time": 53.52453514739229}, "10": {"start_time": 53.52453514739229, "end_time": 61.96208616780046}, "11": {"start_time": 61.96208616780045, "end_time": 67.83963718820861}, "12": {"start_time": 67.83963718820861, "end_time": 77.53106575963719}, "13": {"start_time": 77.53106575963719, "end_time": 84.16616780045351}, "14": {"start_time": 84.16616780045351, "end_time": 93.8053514739229}, "15": {"start_time": 93.8053514739229, "end_time": 104.72453514739229}, "16": {"start_time": 104.72453514739229, "end_time": 116.71473922902494}, "17": {"start_time": 116.71473922902494, "end_time": 125.46575963718821}, "18": {"start_time": 125.46575963718821, "end_time": 132.10086167800455}, "19": {"start_time": 132.10086167800455, "end_time": 140.46004535147392}, "20": {"start_time": 140.46004535147392, "end_time": 146.10249433106577}, "21": {"start_time": 146.10249433106577, "end_time": 152.60698412698414}, "22": {"start_time": 152.60698412698412, "end_time": 162.01106575963718}, "23": {"start_time": 162.01106575963718, "end_time": 169.16861678004534}, "24": {"start_time": 169.16861678004534, "end_time": 177.78902494331064}, "25": {"start_time": 177.78902494331066, "end_time": 186.74902494331067}, "26": {"start_time": 186.74902494331064, "end_time": 195.97024943310657}, "27": {"start_time": 195.97024943310657, "end_time": 201.40371882086168}, "28": {"start_time": 201.40371882086168, "end_time": 209.81514739229024}, "29": {"start_time": 209.81514739229024, "end_time": 219.11473922902493}, "30": {"start_time": 219.11473922902493, "end_time": 228.2053514739229}, "31": {"start_time": 228.2053514739229, "end_time": 237.03473922902492}, "32": {"start_time": 237.03473922902495, "end_time": 243.5653514739229}, "33": {"start_time": 243.5653514739229, "end_time": 252.36861678004536}, "34": {"start_time": 252.36861678004536, "end_time": 276.32290249433106}, "35": {"start_time": 276.32290249433106, "end_time": 285.1522902494331}, "36": {"start_time": 285.1522902494331, "end_time": 299.7024943310658}, "37": {"start_time": 299.70249433106574, "end_time": 309.4461678004535}, "38": {"start_time": 309.4461678004535, "end_time": 321.67147392290246}, "39": {"start_time": 321.6714739229025, "end_time": 330.5008616780046}, "40": {"start_time": 330.5008616780045, "end_time": 345.57351473922904}, "41": {"start_time": 345.57351473922904, "end_time": 355.21269841269844}, "42": {"start_time": 355.2126984126984, "end_time": 366.8110657596372}, "43": {"start_time": 366.8110657596372, "end_time": 376.1106575963719}, "44": {"start_time": 376.1106575963719, "end_time": 385.07065759637186}, "45": {"start_time": 385.07065759637186, "end_time": 393.2731065759637}, "46": {"start_time": 393.2731065759637, "end_time": 402.8600453514739}, "47": {"start_time": 402.8600453514739, "end_time": 410.984126984127}, "48": {"start_time": 410.984126984127, "end_time": 420.3098412698413}, "49": {"start_time": 420.3098412698413, "end_time": 426.344126984127}, "50": {"start_time": 426.344126984127, "end_time": 435.2518820861678}, "51": {"start_time": 435.2518820861678, "end_time": 441.28616780045354}, "52": {"start_time": 441.28616780045354, "end_time": 449.82820861678005}, "53": {"start_time": 449.82820861678005, "end_time": 458.42249433106576}, "54": {"start_time": 458.42249433106576, "end_time": 466.8861678004535}, "55": {"start_time": 466.8861678004535, "end_time": 481.5931065759637}, "56": {"start_time": 481.5931065759637, "end_time": 490.6314739229025}, "57": {"start_time": 490.6314739229025, "end_time": 506.17433106575965}, "58": {"start_time": 506.17433106575965, "end_time": 515.1343310657596}, "59": {"start_time": 515.1343310657596, "end_time": 523.4151473922902}, "60": {"start_time": 523.4151473922902, "end_time": 532.1139229024943}, "61": {"start_time": 532.1139229024943, "end_time": 540.5514739229025}, "62": {"start_time": 540.5514739229025, "end_time": 549.6943310657596}, "63": {"start_time": 549.6943310657597, "end_time": 556.6429024943311}, "64": {"start_time": 556.6429024943311, "end_time": 565.6029024943311}, "65": {"start_time": 565.602902494331, "end_time": 573.3873922902494}, "66": {"start_time": 573.3873922902494, "end_time": 582.5563718820862}, "67": {"start_time": 582.5563718820862, "end_time": 589.0608616780046}, "68": {"start_time": 589.0608616780046, "end_time": 597.8902494331066}, "69": {"start_time": 597.8902494331065, "end_time": 607.0592290249433}, "70": {"start_time": 607.0592290249433, "end_time": 615.8363718820862}, "71": {"start_time": 615.8363718820862, "end_time": 622.9155555555556}, "72": {"start_time": 622.9155555555556, "end_time": 632.0584126984127}, "73": {"start_time": 632.0584126984127, "end_time": 639.7906575963718}, "74": {"start_time": 639.7906575963718, "end_time": 648.7245351473922}, "75": {"start_time": 648.7245351473923, "end_time": 659.6437188208617}, "76": {"start_time": 659.6437188208616, "end_time": 668.4731065759637}, "77": {"start_time": 668.4731065759637, "end_time": 677.9816780045351}, "78": {"start_time": 677.9816780045352, "end_time": 686.889433106576}, "79": {"start_time": 686.889433106576, "end_time": 697.1555555555556}}