{"1": {"start_time": 0.0, "end_time": 15.098775510204081}, "2": {"start_time": 15.098775510204081, "end_time": 35.21306122448979}, "3": {"start_time": 35.2130612244898, "end_time": 80.77061224489796}, "4": {"start_time": 80.77061224489796, "end_time": 111.17714285714285}, "5": {"start_time": 111.17714285714285, "end_time": 143.72571428571428}, "6": {"start_time": 143.72571428571428, "end_time": 166.50448979591835}, "7": {"start_time": 166.50448979591837, "end_time": 199.0530612244898}, "8": {"start_time": 199.0530612244898, "end_time": 222.22367346938776}, "9": {"start_time": 222.22367346938776, "end_time": 242.5469387755102}, "10": {"start_time": 242.5469387755102, "end_time": 257.9330612244898}, "11": {"start_time": 257.9330612244898, "end_time": 279.9020408163265}, "12": {"start_time": 279.9020408163265, "end_time": 310.85714285714283}, "13": {"start_time": 310.85714285714283, "end_time": 344.37224489795915}, "14": {"start_time": 344.3722448979592, "end_time": 366.3151020408163}, "15": {"start_time": 366.3151020408163, "end_time": 382.7722448979592}, "16": {"start_time": 382.7722448979592, "end_time": 412.31673469387755}, "17": {"start_time": 412.31673469387755, "end_time": 438.9616326530612}, "18": {"start_time": 438.9616326530612, "end_time": 471.35346938775507}, "19": {"start_time": 471.3534693877551, "end_time": 510.6677551020408}, "20": {"start_time": 510.6677551020408, "end_time": 538.3314285714285}, "21": {"start_time": 538.3314285714285, "end_time": 560.9273469387755}, "22": {"start_time": 560.9273469387755, "end_time": 576.6791836734693}, "23": {"start_time": 576.6791836734694, "end_time": 611.7355102040817}, "24": {"start_time": 611.7355102040816, "end_time": 662.5697959183673}, "25": {"start_time": 662.5697959183674, "end_time": 696.5551020408163}, "26": {"start_time": 696.5551020408163, "end_time": 722.6514285714286}, "27": {"start_time": 722.6514285714286, "end_time": 739.7093877551021}, "28": {"start_time": 739.7093877551021, "end_time": 778.0571428571428}, "29": {"start_time": 778.0571428571428, "end_time": 810.5273469387755}, "30": {"start_time": 810.5273469387755, "end_time": 844.225306122449}, "31": {"start_time": 844.225306122449, "end_time": 886.2563265306122}, "32": {"start_time": 886.2563265306122, "end_time": 906.2922448979591}, "33": {"start_time": 906.2922448979592, "end_time": 924.8130612244898}, "34": {"start_time": 924.8130612244898, "end_time": 970.5273469387755}, "35": {"start_time": 970.5273469387755, "end_time": 994.6383673469388}, "36": {"start_time": 994.6383673469388, "end_time": 1046.6220408163265}, "37": {"start_time": 1046.6220408163265, "end_time": 1091.5004081632653}, "38": {"start_time": 1091.5004081632653, "end_time": 1123.8138775510204}, "39": {"start_time": 1123.8138775510204, "end_time": 1146.2269387755102}, "40": {"start_time": 1146.2269387755102, "end_time": 1196.1469387755103}, "41": {"start_time": 1196.1469387755103, "end_time": 1220.7020408163266}, "42": {"start_time": 1220.7020408163266, "end_time": 1256.2285714285715}, "43": {"start_time": 1256.2285714285715, "end_time": 1271.6669387755103}, "44": {"start_time": 1271.6669387755103, "end_time": 1293.061224489796}, "45": {"start_time": 1293.061224489796, "end_time": 1312.2873469387755}, "46": {"start_time": 1312.2873469387755, "end_time": 1333.6816326530611}, "47": {"start_time": 1333.6816326530611, "end_time": 1357.42693877551}, "48": {"start_time": 1357.4269387755103, "end_time": 1384.124081632653}, "49": {"start_time": 1384.124081632653, "end_time": 1405.3616326530612}, "50": {"start_time": 1405.3616326530612, "end_time": 1429.76}, "51": {"start_time": 1429.76, "end_time": 1448.829387755102}, "52": {"start_time": 1448.829387755102, "end_time": 1485.0351020408164}, "53": {"start_time": 1485.0351020408164, "end_time": 1503.7910204081634}, "54": {"start_time": 1503.7910204081634, "end_time": 1540.5191836734696}, "55": {"start_time": 1540.5191836734693, "end_time": 1565.5706122448978}, "56": {"start_time": 1565.570612244898, "end_time": 1583.9869387755102}, "57": {"start_time": 1583.9869387755102, "end_time": 1597.0742857142857}, "58": {"start_time": 1597.0742857142857, "end_time": 1615.2816326530613}, "59": {"start_time": 1615.2816326530613, "end_time": 1645.6881632653062}, "60": {"start_time": 1645.6881632653062, "end_time": 1680.1697959183675}, "61": {"start_time": 1680.1697959183673, "end_time": 1711.9608163265307}, "62": {"start_time": 1711.9608163265307, "end_time": 1728.9926530612245}, "63": {"start_time": 1728.9926530612245, "end_time": 1752.3983673469388}, "64": {"start_time": 1752.3983673469388, "end_time": 1777.92}, "65": {"start_time": 1777.92, "end_time": 1800.4897959183675}, "66": {"start_time": 1800.4897959183672, "end_time": 1827.004081632653}, "67": {"start_time": 1827.004081632653, "end_time": 1855.869387755102}, "68": {"start_time": 1855.869387755102, "end_time": 1878.38693877551}, "69": {"start_time": 1878.3869387755103, "end_time": 1928.698775510204}, "70": {"start_time": 1928.698775510204, "end_time": 1969.2930612244897}, "71": {"start_time": 1969.2930612244897, "end_time": 2008.3983673469388}, "72": {"start_time": 2008.3983673469388, "end_time": 2043.1673469387756}, "73": {"start_time": 2043.1673469387756, "end_time": 2063.0726530612246}, "74": {"start_time": 2063.0726530612246, "end_time": 2117.250612244898}, "75": {"start_time": 2117.250612244898, "end_time": 2138.200816326531}, "76": {"start_time": 2138.2008163265305, "end_time": 2153.4824489795915}, "77": {"start_time": 2153.482448979592, "end_time": 2180.5191836734693}, "78": {"start_time": 2180.5191836734693, "end_time": 2196.9763265306124}, "79": {"start_time": 2196.9763265306124, "end_time": 2226.2073469387756}, "80": {"start_time": 2226.2073469387756, "end_time": 2255.882448979592}, "81": {"start_time": 2255.882448979592, "end_time": 2293.1591836734697}, "82": {"start_time": 2293.159183673469, "end_time": 2307.2914285714282}, "83": {"start_time": 2307.2914285714287, "end_time": 2344.9338775510205}, "84": {"start_time": 2344.9338775510205, "end_time": 2368.9404081632656}, "85": {"start_time": 2368.940408163265, "end_time": 2395.742040816326}, "86": {"start_time": 2395.7420408163266, "end_time": 2418.7297959183675}, "87": {"start_time": 2418.7297959183675, "end_time": 2431.8432653061227}, "88": {"start_time": 2431.8432653061222, "end_time": 2457.8873469387754}, "89": {"start_time": 2457.8873469387754, "end_time": 2475.2848979591836}, "90": {"start_time": 2475.2848979591836, "end_time": 2498.089795918367}, "91": {"start_time": 2498.089795918367, "end_time": 2529.4367346938775}, "92": {"start_time": 2529.4367346938775, "end_time": 2557.361632653061}, "93": {"start_time": 2557.3616326530614, "end_time": 2581.655510204082}, "94": {"start_time": 2581.6555102040816, "end_time": 2622.145306122449}, "95": {"start_time": 2622.145306122449, "end_time": 2648.8946938775507}, "96": {"start_time": 2648.894693877551, "end_time": 2665.9526530612247}, "97": {"start_time": 2665.9526530612243, "end_time": 2687.5559183673467}, "98": {"start_time": 2687.5559183673467, "end_time": 2712.3461224489793}, "99": {"start_time": 2712.3461224489797, "end_time": 2749.1526530612246}, "100": {"start_time": 2749.1526530612246, "end_time": 2796.408163265306}, "101": {"start_time": 2796.408163265306, "end_time": 2828.408163265306}, "102": {"start_time": 2828.408163265306, "end_time": 2851.4220408163264}, "103": {"start_time": 2851.4220408163264, "end_time": 2872.97306122449}, "104": {"start_time": 2872.97306122449, "end_time": 2893.061224489796}, "105": {"start_time": 2893.061224489796, "end_time": 2917.564081632653}, "106": {"start_time": 2917.564081632653, "end_time": 2936.267755102041}, "107": {"start_time": 2936.2677551020406, "end_time": 2978.0636734693876}, "108": {"start_time": 2978.0636734693876, "end_time": 3005.492244897959}, "109": {"start_time": 3005.492244897959, "end_time": 3034.1485714285714}, "110": {"start_time": 3034.1485714285714, "end_time": 3055.9608163265307},