{"1": {"start_time": 0.0, "end_time": 37.04126984126984}, "2": {"start_time": 37.041269841269845, "end_time": 73.74331065759637}, "3": {"start_time": 73.74331065759637, "end_time": 98.50739229024943}, "4": {"start_time": 98.50739229024943, "end_time": 129.9065759637188}, "5": {"start_time": 129.9065759637188, "end_time": 143.82984126984127}, "6": {"start_time": 143.82984126984127, "end_time": 173.03473922902495}, "7": {"start_time": 173.03473922902495, "end_time": 185.0249433106576}, "8": {"start_time": 185.0249433106576, "end_time": 200.6722902494331}, "9": {"start_time": 200.6722902494331, "end_time": 213.00208616780046}, "10": {"start_time": 213.00208616780046, "end_time": 226.01106575963718}, "11": {"start_time": 226.01106575963718, "end_time": 255.52943310657594}, "12": {"start_time": 255.52943310657596, "end_time": 277.4722902494331}, "13": {"start_time": 277.4722902494331, "end_time": 299.49351473922906}, "14": {"start_time": 299.493514739229, "end_time": 318.4322902494331}, "15": {"start_time": 318.4322902494331, "end_time": 352.75718820861675}, "16": {"start_time": 352.75718820861675, "end_time": 373.3939229024943}, "17": {"start_time": 373.39392290249435, "end_time": 387.21269841269844}, "18": {"start_time": 387.2126984126984, "end_time": 400.97922902494327}, "19": {"start_time": 400.9792290249433, "end_time": 426.918820861678}, "20": {"start_time": 426.918820861678, "end_time": 438.30820861678006}, "21": {"start_time": 438.30820861678006, "end_time": 493.5571882086168}, "22": {"start_time": 493.55718820861676, "end_time": 526.4453514739229}, "23": {"start_time": 526.4453514739229, "end_time": 545.8804535147392}, "24": {"start_time": 545.8804535147392, "end_time": 559.3073922902494}, "25": {"start_time": 559.3073922902495, "end_time": 578.1416780045352}, "26": {"start_time": 578.1416780045352, "end_time": 615.0526984126984}, "27": {"start_time": 615.0526984126984, "end_time": 638.824126984127}, "28": {"start_time": 638.824126984127, "end_time": 661.6029024943311}, "29": {"start_time": 661.602902494331, "end_time": 680.3065759637188}, "30": {"start_time": 680.3065759637188, "end_time": 698.4878004535148}, "31": {"start_time": 698.4878004535148, "end_time": 819.7743310657596}, "32": {"start_time": 819.7743310657596, "end_time": 845.1131065759637}, "33": {"start_time": 845.1131065759637, "end_time": 903.6012698412698}, "34": {"start_time": 903.6012698412699, "end_time": 926.7457596371883}, "35": {"start_time": 926.7457596371883, "end_time": 1007.333514739229}, "36": {"start_time": 1007.333514739229, "end_time": 1026.8469841269841}, "37": {"start_time": 1026.8469841269841, "end_time": 1061.485351473923}, "38": {"start_time": 1061.485351473923, "end_time": 1081.260045351474}, "39": {"start_time": 1081.260045351474, "end_time": 1128.6722902494332}, "40": {"start_time": 1128.6722902494332, "end_time": 1168.5090249433108}, "41": {"start_time": 1168.5090249433106, "end_time": 1196.7735147392289}, "42": {"start_time": 1196.773514739229, "end_time": 1206.5171882086167}, "43": {"start_time": 1206.5171882086167, "end_time": 1268.7408616780044}, "44": {"start_time": 1268.7408616780046, "end_time": 1283.5784126984129}, "45": {"start_time": 1283.5784126984126, "end_time": 1325.34820861678}, "46": {"start_time": 1325.34820861678, "end_time": 1347.10820861678}, "47": {"start_time": 1347.10820861678, "end_time": 1372.5514739229025}, "48": {"start_time": 1372.5514739229025, "end_time": 1387.4673922902493}, "49": {"start_time": 1387.4673922902493, "end_time": 1398.2820861678003}, "50": {"start_time": 1398.2820861678003, "end_time": 1420.1204535147392}, "51": {"start_time": 1420.1204535147392, "end_time": 1448.802902494331}, "52": {"start_time": 1448.802902494331, "end_time": 1464.8159637188207}, "53": {"start_time": 1464.815963718821, "end_time": 1489.5278004535148}, "54": {"start_time": 1489.5278004535148, "end_time": 1519.6469841269843}, "55": {"start_time": 1519.646984126984, "end_time": 1577.638820861678}, "56": {"start_time": 1577.638820861678, "end_time": 1588.8192290249433}, "57": {"start_time": 1588.8192290249433, "end_time": 1606.9220861678004}, "58": {"start_time": 1606.9220861678004, "end_time": 1668.6233106575964}, "59": {"start_time": 1668.6233106575964, "end_time": 1691.245351473923}, "60": {"start_time": 1691.245351473923, "end_time": 1728.3131065759637}, "61": {"start_time": 1728.3131065759637, "end_time": 1839.777596371882}, "62": {"start_time": 1839.777596371882, "end_time": 1895.1833106575964}, "63": {"start_time": 1895.1833106575964, "end_time": 1935.411882086168}, "64": {"start_time": 1935.411882086168, "end_time": 1965.113106575964}}