{"1": {"start_time": 0.0, "end_time": 34.32453514739229}, "2": {"start_time": 34.32453514739229, "end_time": 51.9049433106576}, "3": {"start_time": 51.90494331065759, "end_time": 77.60943310657596}, "4": {"start_time": 77.60943310657596, "end_time": 90.40943310657596}, "5": {"start_time": 90.40943310657596, "end_time": 109.60943310657596}, "6": {"start_time": 109.60943310657596, "end_time": 126.06657596371882}, "7": {"start_time": 126.06657596371882, "end_time": 144.48290249433106}, "8": {"start_time": 144.48290249433106, "end_time": 176.613514739229}, "9": {"start_time": 176.61351473922903, "end_time": 199.96698412698413}, "10": {"start_time": 199.96698412698413, "end_time": 229.1718820861678}, "11": {"start_time": 229.1718820861678, "end_time": 268.82575963718824}, "12": {"start_time": 268.8257596371882, "end_time": 306.49433106575964}, "13": {"start_time": 306.49433106575964, "end_time": 335.62086167800453}, "14": {"start_time": 335.62086167800453, "end_time": 355.34331065759636}, "15": {"start_time": 355.34331065759636, "end_time": 369.0575963718821}, "16": {"start_time": 369.0575963718821, "end_time": 376.8943310657596}, "17": {"start_time": 376.8943310657596, "end_time": 382.2755555555555}, "18": {"start_time": 382.27555555555557, "end_time": 419.8918820861678}, "19": {"start_time": 419.8918820861678, "end_time": 425.9000453514739}, "20": {"start_time": 425.9000453514739, "end_time": 431.7253514739229}, "21": {"start_time": 431.7253514739229, "end_time": 436.6886167800453}, "22": {"start_time": 436.6886167800454, "end_time": 460.5906575963719}, "23": {"start_time": 460.5906575963719, "end_time": 465.8412698412699}, "24": {"start_time": 465.8412698412698, "end_time": 482.40290249433104}, "25": {"start_time": 482.40290249433104, "end_time": 507.92453514739225}, "26": {"start_time": 507.9245351473923, "end_time": 517.4069841269842}, "27": {"start_time": 517.4069841269841, "end_time": 545.4102494331065}, "28": {"start_time": 545.4102494331066, "end_time": 570.7751473922903}, "29": {"start_time": 570.7751473922903, "end_time": 591.2290249433106}, "30": {"start_time": 591.2290249433106, "end_time": 604.5514739229025}, "31": {"start_time": 604.5514739229025, "end_time": 624.6918820861678}, "32": {"start_time": 624.6918820861678, "end_time": 650.6837188208616}, "33": {"start_time": 650.6837188208617, "end_time": 667.4282086167801}, "34": {"start_time": 667.42820861678, "end_time": 683.0755555555555}, "35": {"start_time": 683.0755555555555, "end_time": 699.6110657596372}, "36": {"start_time": 699.6110657596372, "end_time": 718.6282086167801}, "37": {"start_time": 718.6282086167801, "end_time": 752.7180045351474}, "38": {"start_time": 752.7180045351474, "end_time": 766.249433106576}, "39": {"start_time": 766.2494331065759, "end_time": 791.4837188208617}, "40": {"start_time": 791.4837188208617, "end_time": 824.5547392290249}, "41": {"start_time": 824.5547392290249, "end_time": 848.2216780045351}, "42": {"start_time": 848.2216780045352, "end_time": 872.3849433106576}, "43": {"start_time": 872.3849433106576, "end_time": 903.8363718820862}, "44": {"start_time": 903.8363718820862, "end_time": 935.7841269841269}, "45": {"start_time": 935.7841269841269, "end_time": 971.6502494331065}}