{"1": {"start_time": 0.0, "end_time": 8.829024943310657}, "2": {"start_time": 8.829024943310658, "end_time": 12.5384126984127}, "3": {"start_time": 12.538412698412698, "end_time": 15.28126984126984}, "4": {"start_time": 15.281269841269841, "end_time": 18.076371882086168}, "5": {"start_time": 18.076371882086168, "end_time": 20.636371882086166}, "6": {"start_time": 20.636371882086166, "end_time": 23.457596371882083}, "7": {"start_time": 23.457596371882087, "end_time": 26.566167800453513}, "8": {"start_time": 26.566167800453513, "end_time": 29.544126984126983}, "9": {"start_time": 29.544126984126983, "end_time": 33.77596371882086}, "10": {"start_time": 33.77596371882086, "end_time": 35.996371882086166}, "11": {"start_time": 35.996371882086166, "end_time": 39.81024943310658}, "12": {"start_time": 39.81024943310658, "end_time": 42.57922902494331}, "13": {"start_time": 42.57922902494331, "end_time": 46.340861678004536}, "14": {"start_time": 46.340861678004536, "end_time": 51.38249433106576}, "15": {"start_time": 51.38249433106576, "end_time": 57.23392290249433}, "16": {"start_time": 57.23392290249433, "end_time": 60.864943310657594}, "17": {"start_time": 60.864943310657594, "end_time": 63.81678004535147}, "18": {"start_time": 63.81678004535147, "end_time": 67.02984126984127}, "19": {"start_time": 67.02984126984127, "end_time": 73.09024943310658}, "20": {"start_time": 73.09024943310658, "end_time": 78.54984126984127}, "21": {"start_time": 78.54984126984127, "end_time": 83.48698412698413}, "22": {"start_time": 83.48698412698413, "end_time": 88.63310657596372}, "23": {"start_time": 88.63310657596372, "end_time": 93.90984126984128}, "24": {"start_time": 93.90984126984127, "end_time": 99.05596371882086}, "25": {"start_time": 99.05596371882086, "end_time": 102.86984126984127}, "26": {"start_time": 102.86984126984127, "end_time": 106.10902494331066}, "27": {"start_time": 106.10902494331066, "end_time": 111.46412698412698}, "28": {"start_time": 111.46412698412698, "end_time": 119.74494331065759}, "29": {"start_time": 119.74494331065759, "end_time": 132.7539229024943}}