{"1": {"start_time": 0.0, "end_time": 6.033922902494331}, "2": {"start_time": 6.033922902494331, "end_time": 14.575963718820862}, "3": {"start_time": 14.575963718820862, "end_time": 30.406167800453517}, "4": {"start_time": 30.406167800453513, "end_time": 76.06820861678004}, "5": {"start_time": 76.06820861678004, "end_time": 95.66004535147391}, "6": {"start_time": 95.66004535147393, "end_time": 126.27555555555556}, "7": {"start_time": 126.27555555555556, "end_time": 175.02004535147393}, "8": {"start_time": 175.02004535147393, "end_time": 218.51392290249433}, "9": {"start_time": 218.51392290249433, "end_time": 270.44535147392287}, "10": {"start_time": 270.4453514739229, "end_time": 303.4902494331066}, "11": {"start_time": 303.49024943310656, "end_time": 327.83637188208615}, "12": {"start_time": 327.83637188208615, "end_time": 338.49433106575964}, "13": {"start_time": 338.49433106575964, "end_time": 345.3384126984127}, "14": {"start_time": 345.3384126984127, "end_time": 356.33596371882084}, "15": {"start_time": 356.33596371882084, "end_time": 361.4037188208616}, "16": {"start_time": 361.4037188208617, "end_time": 386.2984126984127}, "17": {"start_time": 386.2984126984127, "end_time": 407.30086167800454}, "18": {"start_time": 407.30086167800454, "end_time": 422.92208616780044}, "19": {"start_time": 422.92208616780044, "end_time": 444.6037188208617}, "20": {"start_time": 444.6037188208617, "end_time": 457.2992290249433}, "21": {"start_time": 457.2992290249433, "end_time": 483.6829024943311}, "22": {"start_time": 483.6829024943311, "end_time": 523.3890249433107}, "23": {"start_time": 523.3890249433107, "end_time": 550.0861678004535}, "24": {"start_time": 550.0861678004535, "end_time": 588.6167800453514}, "25": {"start_time": 588.6167800453514, "end_time": 607.4249433106576}, "26": {"start_time": 607.4249433106576, "end_time": 618.6314739229025}, "27": {"start_time": 618.6314739229025, "end_time": 632.8420861678005}, "28": {"start_time": 632.8420861678004, "end_time": 646.3212698412698}, "29": {"start_time": 646.3212698412699, "end_time": 655.464126984127}, "30": {"start_time": 655.464126984127, "end_time": 681.2208616780046}, "31": {"start_time": 681.2208616780046, "end_time": 691.9049433106576}, "32": {"start_time": 691.9049433106576, "end_time": 703.0069841269841}, "33": {"start_time": 703.0069841269841, "end_time": 722.46820861678}, "34": {"start_time": 722.4682086167801, "end_time": 736.0518820861679}, "35": {"start_time": 736.0518820861678, "end_time": 750.1580045351474}, "36": {"start_time": 750.1580045351474, "end_time": 768.0518820861678}, "37": {"start_time": 768.0518820861678, "end_time": 785.6845351473922}, "38": {"start_time": 785.6845351473922, "end_time": 800.992290249433}, "39": {"start_time": 800.9922902494332, "end_time": 847.4380045351475}, "40": {"start_time": 847.4380045351473, "end_time": 859.3759637188208}, "41": {"start_time": 859.3759637188209, "end_time": 871.1571882086168}, "42": {"start_time": 871.1571882086167, "end_time": 899.3955555555555}, "43": {"start_time": 899.3955555555556, "end_time": 933.8771882086168}, "44": {"start_time": 933.8771882086168, "end_time": 951.0396371882086}, "45": {"start_time": 951.0396371882086, "end_time": 965.3286167800454}, "46": {"start_time": 965.3286167800453, "end_time": 986.5661678004535}, "47": {"start_time": 986.5661678004535, "end_time": 1004.9563718820862}, "48": {"start_time": 1004.9563718820862, "end_time": 1033.769433106576}, "49": {"start_time": 1033.769433106576, "end_time": 1045.9424943310657}, "50": {"start_time": 1045.9424943310657, "end_time": 1074.4159637188209}, "51": {"start_time": 1074.4159637188209, "end_time": 1088.5482086167801}, "52": {"start_time": 1088.5482086167801, "end_time": 1110.386575963719}, "53": {"start_time": 1110.3865759637188, "end_time": 1133.2959637188208}, "54": {"start_time": 1133.2959637188208, "end_time": 1162.082902494331}, "55": {"start_time": 1162.0829024943312, "end_time": 1190.4257596371883}, "56": {"start_time": 1190.4257596371883, "end_time": 1223.5490249433108}, "57": {"start_time": 1223.5490249433108, "end_time": 1242.4616780045353}, "58": {"start_time": 1242.461678004535, "end_time": 1254.3473922902494}, "59": {"start_time": 1254.3473922902494, "end_time": 1268.2967800453514}, "60": {"start_time": 1268.2967800453514, "end_time": 1283.8657596371881}, "61": {"start_time": 1283.8657596371881, "end_time": 1302.8829024943311}, "62": {"start_time": 1302.8829024943311, "end_time": 1324.06820861678}, "63": {"start_time": 1324.06820861678, "end_time": 1335.797188208617}, "64": {"start_time": 1335.7971882086167, "end_time": 1353.116371882086}, "65": {"start_time": 1353.1163718820862, "end_time": 1368.8943310657596}, "66": {"start_time": 1368.8943310657596, "end_time": 1386.3180045351473}, "67": {"start_time": 1386.3180045351473, "end_time": 1394.4159637188209}, "68": {"start_time": 1394.4159637188209, "end_time": 1419.7808616780046}, "69": {"start_time": 1419.7808616780046, "end_time": 1446.3473922902494}, "70": {"start_time": 1446.3473922902494, "end_time": 1477.354739229025}, "71": {"start_time": 1477.354739229025, "end_time": 1488.5351473922904}, "72": {"start_time": 1488.5351473922904, "end_time": 1543.8886167800454}, "73": {"start_time": 1543.8886167800454, "end_time": 1558.3865759637188}, "74": {"start_time": 1558.3865759637188, "end_time": 1586.46820861678}, "75": {"start_time": 1586.46820861678, "end_time": 1608.4371882086168}, "76": {"start_time": 1608.4371882086168, "end_time": 1633.8804535147392}}