{"1": {"start_time": 0.0, "end_time": 11.206167800453514}, "2": {"start_time": 11.206167800453514, "end_time": 26.35718820861678}, "3": {"start_time": 26.35718820861678, "end_time": 38.42575963718821}, "4": {"start_time": 38.42575963718821, "end_time": 47.25514739229025}, "5": {"start_time": 47.25514739229025, "end_time": 74.52698412698413}, "6": {"start_time": 74.52698412698413, "end_time": 94.92861678004536}, "7": {"start_time": 94.92861678004535, "end_time": 130.55963718820863}, "8": {"start_time": 130.55963718820863, "end_time": 157.12616780045352}, "9": {"start_time": 157.12616780045352, "end_time": 176.11718820861677}, "10": {"start_time": 176.11718820861677, "end_time": 195.65678004535147}, "11": {"start_time": 195.65678004535147, "end_time": 221.1784126984127}, "12": {"start_time": 221.1784126984127, "end_time": 239.30739229024942}, "13": {"start_time": 239.30739229024942, "end_time": 288.80943310657597}, "14": {"start_time": 288.80943310657597, "end_time": 327.39229024943313}, "15": {"start_time": 327.39229024943313, "end_time": 373.8118820861678}, "16": {"start_time": 373.8118820861678, "end_time": 400.01269841269846}, "17": {"start_time": 400.0126984126984, "end_time": 416.75718820861675}, "18": {"start_time": 416.75718820861675, "end_time": 444.36861678004533}, "19": {"start_time": 444.36861678004533, "end_time": 458.97106575963716}, "20": {"start_time": 458.9710657596372, "end_time": 480.52208616780047}, "21": {"start_time": 480.52208616780047, "end_time": 505.83473922902493}, "22": {"start_time": 505.83473922902493, "end_time": 537.9914739229025}, "23": {"start_time": 537.9914739229025, "end_time": 572.264126984127}, "24": {"start_time": 572.264126984127, "end_time": 596.1139229024943}, "25": {"start_time": 596.1139229024943, "end_time": 608.7571882086168}, "26": {"start_time": 608.7571882086168, "end_time": 626.6249433106576}, "27": {"start_time": 626.6249433106576, "end_time": 649.4037188208617}, "28": {"start_time": 649.4037188208616, "end_time": 664.1367800453514}, "29": {"start_time": 664.1367800453514, "end_time": 685.1392290249432}, "30": {"start_time": 685.1392290249433, "end_time": 700.2641269841271}, "31": {"start_time": 700.264126984127, "end_time": 718.5237188208616}, "32": {"start_time": 718.5237188208616, "end_time": 726.1514739229025}, "33": {"start_time": 726.1514739229025, "end_time": 744.0714739229024}, "34": {"start_time": 744.0714739229024, "end_time": 753.18820861678}, "35": {"start_time": 753.18820861678, "end_time": 765.6224943310657}, "36": {"start_time": 765.6224943310658, "end_time": 790.3865759637189}, "37": {"start_time": 790.3865759637188, "end_time": 803.4216780045351}, "38": {"start_time": 803.4216780045351, "end_time": 819.4347392290249}, "39": {"start_time": 819.4347392290249, "end_time": 829.7269841269841}, "40": {"start_time": 829.7269841269841, "end_time": 851.5131065759637}, "41": {"start_time": 851.5131065759638, "end_time": 864.8878004535148}, "42": {"start_time": 864.8878004535147, "end_time": 884.2706575963718}, "43": {"start_time": 884.2706575963718, "end_time": 893.6224943310657}, "44": {"start_time": 893.6224943310658, "end_time": 918.2559637188209}, "45": {"start_time": 918.2559637188209, "end_time": 956.3947392290249}, "46": {"start_time": 956.3947392290249, "end_time": 978.3375963718821}, "47": {"start_time": 978.3375963718821, "end_time": 1004.5906575963719}, "48": {"start_time": 1004.5906575963719, "end_time": 1045.3678004535147}, "49": {"start_time": 1045.3678004535147, "end_time": 1067.9375963718821}, "50": {"start_time": 1067.9375963718821, "end_time": 1086.7457596371883}, "51": {"start_time": 1086.7457596371883, "end_time": 1117.544126984127}, "52": {"start_time": 1117.544126984127, "end_time": 1154.0633106575963}, "53": {"start_time": 1154.0633106575963, "end_time": 1170.7555555555555}}