{"1": {"start_time": 0.0, "end_time": 17.91963718820862}, "3": {"start_time": 17.91963718820862, "end_time": 23.588208616780047}, "4": {"start_time": 23.588208616780044, "end_time": 35.082086167800455}, "5": {"start_time": 35.082086167800455, "end_time": 48.35229024943311}, "6": {"start_time": 48.3522902494331, "end_time": 60.70820861678004}, "7": {"start_time": 60.70820861678005, "end_time": 69.56371882086168}, "8": {"start_time": 69.56371882086168, "end_time": 93.75310657596373}, "9": {"start_time": 93.75310657596371, "end_time": 111.07229024943311}, "10": {"start_time": 111.07229024943311, "end_time": 122.56616780045351}, "11": {"start_time": 122.56616780045351, "end_time": 151.61433106575964}, "12": {"start_time": 151.61433106575964, "end_time": 167.20943310657597}, "13": {"start_time": 167.20943310657597, "end_time": 191.29433106575965}, "14": {"start_time": 191.29433106575965, "end_time": 205.40045351473924}, "15": {"start_time": 205.40045351473924, "end_time": 225.41024943310657}, "16": {"start_time": 225.41024943310657, "end_time": 242.54657596371882}, "17": {"start_time": 242.54657596371882, "end_time": 267.2061678004535}, "18": {"start_time": 267.2061678004535, "end_time": 279.19637188208617}, "19": {"start_time": 279.19637188208617, "end_time": 310.90902494331067}, "20": {"start_time": 310.90902494331067, "end_time": 348.8649433106576}, "21": {"start_time": 348.8649433106576, "end_time": 362.9710657596372}, "22": {"start_time": 362.9710657596372, "end_time": 381.2306575963719}, "23": {"start_time": 381.2306575963719, "end_time": 396.66902494331066}, "24": {"start_time": 396.66902494331066, "end_time": 411.82004535147394}, "25": {"start_time": 411.82004535147394, "end_time": 436.8975963718821}, "26": {"start_time": 436.89759637188206, "end_time": 452.49269841269836}, "27": {"start_time": 452.4926984126984, "end_time": 463.8820861678005}, "28": {"start_time": 463.8820861678005, "end_time": 472.7637188208617}, "29": {"start_time": 472.7637188208617, "end_time": 490.0045351473923}, "30": {"start_time": 490.0045351473923, "end_time": 505.10331065759635}, "31": {"start_time": 505.10331065759635, "end_time": 517.4853514739228}, "32": {"start_time": 517.485351473923, "end_time": 524.8780045351474}, "33": {"start_time": 524.8780045351474, "end_time": 541.7792290249433}, "34": {"start_time": 541.7792290249433, "end_time": 557.7922902494331}, "35": {"start_time": 557.7922902494331, "end_time": 578.5857596371882}, "36": {"start_time": 578.5857596371882, "end_time": 593.2665759637188}, "37": {"start_time": 593.2665759637188, "end_time": 631.9539229024942}, "38": {"start_time": 631.9539229024944, "end_time": 658.5988208616781}, "39": {"start_time": 658.598820861678, "end_time": 671.2159637188208}, "40": {"start_time": 671.2159637188208, "end_time": 689.6061678004535}, "41": {"start_time": 689.6061678004535, "end_time": 739.0298412698412}, "42": {"start_time": 739.0298412698413, "end_time": 753.1359637188209}, "43": {"start_time": 753.1359637188209, "end_time": 773.6420861678005}, "44": {"start_time": 773.6420861678005, "end_time": 790.6478004535147}, "45": {"start_time": 790.6478004535147, "end_time": 827.689433106576}, "46": {"start_time": 827.689433106576, "end_time": 841.4820861678005}, "47": {"start_time": 841.4820861678005, "end_time": 856.0061678004536}, "48": {"start_time": 856.0061678004536, "end_time": 874.8665759637189}, "49": {"start_time": 874.8665759637188, "end_time": 885.4722902494331}, "50": {"start_time": 885.4722902494331, "end_time": 910.6543310657596}, "51": {"start_time": 910.6543310657596, "end_time": 920.5024943310657}, "52": {"start_time": 920.5024943310658, "end_time": 933.3024943310658}, "53": {"start_time": 933.3024943310658, "end_time": 948.1400453514739}, "54": {"start_time": 948.1400453514739, "end_time": 958.0404535147392}, "55": {"start_time": 958.0404535147393, "end_time": 969.9261678004535}, "56": {"start_time": 969.9261678004535, "end_time": 988.838820861678}, "57": {"start_time": 988.838820861678, "end_time": 1018.4094331065759}, "58": {"start_time": 1018.409433106576, "end_time": 1030.2951473922903}, "59": {"start_time": 1030.2951473922903, "end_time": 1042.4159637188209}, "60": {"start_time": 1042.4159637188209, "end_time": 1060.074739229025}, "61": {"start_time": 1060.074739229025, "end_time": 1101.165351473923}, "62": {"start_time": 1101.165351473923, "end_time": 1132.06820861678}, "63": {"start_time": 1132.06820861678, "end_time": 1157.537596371882}, "64": {"start_time": 1157.537596371882, "end_time": 1189.7204535147391}, "65": {"start_time": 1189.7204535147391, "end_time": 1219.4478004535147}, "66": {"start_time": 1219.4478004535147, "end_time": 1236.9237188208617}, "67": {"start_time": 1236.9237188208617, "end_time": 1250.5596371882086}, "68": {"start_time": 1250.5596371882086, "end_time": 1266.9122902494332}, "69": {"start_time": 1266.912290249433, "end_time": 1283.6829024943308}, "70": {"start_time": 1283.682902494331, "end_time": 1294.0796371882086}, "71": {"start_time": 1294.0796371882086, "end_time": 1305.5473922902495}, "72": {"start_time": 1305.5473922902495, "end_time": 1314.8469841269841}, "73": {"start_time": 1314.8469841269841, "end_time": 1326.366984126984}, "74": {"start_time": 1326.366984126984, "end_time": 1338.80126984127}, "75": {"start_time": 1338.80126984127, "end_time": 1349.4592290249434}, "76": {"start_time": 1349.4592290249434, "end_time": 1363.8265759637188}, "77": {"start_time": 1363.8265759637188, "end_time": 1380.2837188208616}, "78": {"start_time": 1380.2837188208616, "end_time": 1389.0086167800453}, "79": {"start_time": 1389.0086167800453, "end_time": 1399.9016780045351}, "80": {"start_time": 1399.9016780045351, "end_time": 1411.0298412698412}, "81": {"start_time": 1411.0298412698412, "end_time": 1425.449433106576}, "82": {"start_time": 1425.449433106576, "end_time": 1446.556371882086}, "83": {"start_time": 1446.556371882086, "end_time": 1469.33514739229}, "84": {"start_time": 1469.3351473922903, "end_time": 1484.9563718820862}, "85": {"start_time": 1484.9563718820862, "end_time": 1504.2347392290249}, "86": {"start_time": 1504.2347392290249, "end_time": 1514.4224943310658}, "87": {"start_time": 1514.4224943310658, "end_time": 1532.9433106575964}, "88": {"start_time": 1532.9433106575964, "end_time": 1554.3114739229025}, "89": {"start_time": 1554.3114739229025, "end_time": 1580.2249433106576}, "90": {"start_time": 1580.2249433106576, "end_time": 1596.9171882086168}, "91": {"start_time": 1596.9171882086168, "end_time": 1620.4535147392291}, "92": {"start_time": 1620.453514739229, "end_time": 1640.541678004535}, "93": {"start_time": 1640.5416780045352, "end_time": 1661.3351473922903}, "94": {"start_time": 1661.3351473922903, "end_time": 1677.792290249433}}