{"1": {"start_time": 0.0, "end_time": 38.47800453514739}, "2": {"start_time": 38.47800453514739, "end_time": 69.56371882086168}, "3": {"start_time": 69.56371882086168, "end_time": 81.89351473922903}, "4": {"start_time": 81.89351473922902, "end_time": 99.63065759637188}, "5": {"start_time": 99.63065759637188, "end_time": 115.95718820861677}, "6": {"start_time": 115.95718820861678, "end_time": 130.76861678004536}, "7": {"start_time": 130.76861678004536, "end_time": 158.90249433106578}, "8": {"start_time": 158.90249433106575, "end_time": 167.86249433106576}, "9": {"start_time": 167.86249433106576, "end_time": 184.998820861678}, "10": {"start_time": 184.998820861678, "end_time": 209.05759637188208}, "11": {"start_time": 209.05759637188208, "end_time": 243.98331065759638}, "12": {"start_time": 243.98331065759638, "end_time": 270.5237188208617}, "13": {"start_time": 270.5237188208617, "end_time": 291.02984126984126}, "14": {"start_time": 291.02984126984126, "end_time": 302.91555555555556}, "15": {"start_time": 302.91555555555556, "end_time": 320.0518820861678}, "16": {"start_time": 320.0518820861678, "end_time": 351.9212698412698}, "17": {"start_time": 351.92126984126986, "end_time": 379.2714739229025}, "18": {"start_time": 379.2714739229025, "end_time": 387.7090249433106}, "19": {"start_time": 387.7090249433107, "end_time": 419.52616780045355}, "20": {"start_time": 419.5261678004535, "end_time": 436.6624943310657}, "21": {"start_time": 436.6624943310658, "end_time": 446.56290249433107}, "22": {"start_time": 446.56290249433107, "end_time": 462.57596371882084}, "23": {"start_time": 462.57596371882084, "end_time": 477.02167800453515}, "24": {"start_time": 477.02167800453515, "end_time": 506.43555555555554}, "25": {"start_time": 506.43555555555554, "end_time": 528.482902494331}, "26": {"start_time": 528.482902494331, "end_time": 562.4159637188209}, "27": {"start_time": 562.4159637188209, "end_time": 580.7016780045352}, "28": {"start_time": 580.7016780045351, "end_time": 601.1555555555555}, "29": {"start_time": 601.1555555555556, "end_time": 626.1808616780046}, "30": {"start_time": 626.1808616780046, "end_time": 648.0192290249433}, "31": {"start_time": 648.0192290249433, "end_time": 673.4363718820862}, "32": {"start_time": 673.4363718820862, "end_time": 699.0624943310657}, "33": {"start_time": 699.0624943310657, "end_time": 715.7808616780045}, "34": {"start_time": 715.7808616780045, "end_time": 746.7359637188208}, "35": {"start_time": 746.7359637188208, "end_time": 766.8241269841269}, "36": {"start_time": 766.824126984127, "end_time": 804.6755555555555}, "37": {"start_time": 804.6755555555555, "end_time": 830.5890249433106}, "38": {"start_time": 830.5890249433106, "end_time": 850.0502494331065}, "39": {"start_time": 850.0502494331066, "end_time": 873.2208616780046}, "40": {"start_time": 873.2208616780046, "end_time": 890.4616780045352}, "41": {"start_time": 890.4616780045352, "end_time": 952.3980045351475}, "42": {"start_time": 952.3980045351474, "end_time": 998.373514739229}, "43": {"start_time": 998.373514739229, "end_time": 1024.2086167800453}, "44": {"start_time": 1024.2086167800453, "end_time": 1055.9996371882087}, "45": {"start_time": 1055.9996371882087, "end_time": 1074.8339229024944}, "46": {"start_time": 1074.8339229024944, "end_time": 1091.813514739229}, "47": {"start_time": 1091.813514739229, "end_time": 1115.689433106576}, "48": {"start_time": 1115.689433106576, "end_time": 1167.7514739229025}, "49": {"start_time": 1167.7514739229025, "end_time": 1191.4184126984128}, "50": {"start_time": 1191.4184126984128, "end_time": 1209.8869841269843}, "51": {"start_time": 1209.886984126984, "end_time": 1222.1384126984126}, "52": {"start_time": 1222.1384126984126, "end_time": 1243.8200453514737}, "53": {"start_time": 1243.820045351474, "end_time": 1268.1661678004534}, "54": {"start_time": 1268.1661678004534, "end_time": 1294.9678004535147}, "55": {"start_time": 1294.9678004535147, "end_time": 1309.413514739229}, "56": {"start_time": 1309.413514739229, "end_time": 1324.7212698412698}, "57": {"start_time": 1324.7212698412698, "end_time": 1338.592290249433}, "58": {"start_time": 1338.592290249433, "end_time": 1361.2926984126984}, "59": {"start_time": 1361.2926984126984, "end_time": 1373.2306575963719}, "60": {"start_time": 1373.2306575963719, "end_time": 1415.078820861678}, "61": {"start_time": 1415.078820861678, "end_time": 1431.013514739229}, "62": {"start_time": 1431.013514739229, "end_time": 1450.5269841269842}, "63": {"start_time": 1450.5269841269842, "end_time": 1477.04126984127}, "64": {"start_time": 1477.04126984127, "end_time": 1489.7367800453515}, "65": {"start_time": 1489.7367800453515, "end_time": 1531.5326984126984}, "66": {"start_time": 1531.5326984126984, "end_time": 1571.630657596372}, "67": {"start_time": 1571.630657596372, "end_time": 1594.5922902494333}, "68": {"start_time": 1594.592290249433, "end_time": 1607.522902494331}, "69": {"start_time": 1607.522902494331, "end_time": 1625.6518820861677}, "70": {"start_time": 1625.6518820861677, "end_time": 1663.0592290249433}, "71": {"start_time": 1663.0592290249433, "end_time": 1679.1767800453515}, "72": {"start_time": 1679.1767800453515, "end_time": 1745.8673922902494}, "73": {"start_time": 1745.8673922902494, "end_time": 1764.5449433106576}, "74": {"start_time": 1764.5449433106576, "end_time": 1794.8731065759637}, "75": {"start_time": 1794.8731065759637, "end_time": 1827.6045351473922}}