{"1": {"start_time": 0.0, "end_time": 12.773514739229025}, "3": {"start_time": 12.773514739229025, "end_time": 18.468208616780046}, "4": {"start_time": 18.468208616780046, "end_time": 22.282086167800454}, "5": {"start_time": 22.282086167800454, "end_time": 27.689433106575965}, "6": {"start_time": 27.689433106575965, "end_time": 33.17514739229025}, "7": {"start_time": 33.17514739229025, "end_time": 37.58984126984127}, "8": {"start_time": 37.58984126984127, "end_time": 42.892698412698415}, "9": {"start_time": 42.892698412698415, "end_time": 48.48290249433107}, "10": {"start_time": 48.482902494331064, "end_time": 54.38657596371882}, "11": {"start_time": 54.38657596371882, "end_time": 60.290249433106574}, "12": {"start_time": 60.290249433106574, "end_time": 63.11147392290249}, "13": {"start_time": 63.1114739229025, "end_time": 68.04861678004535}, "14": {"start_time": 68.04861678004535, "end_time": 70.03392290249433}, "15": {"start_time": 70.03392290249433, "end_time": 76.30331065759637}, "16": {"start_time": 76.30331065759637, "end_time": 79.96045351473923}, "17": {"start_time": 79.96045351473923, "end_time": 84.5057596371882}, "18": {"start_time": 84.5057596371882, "end_time": 94.71963718820861}, "19": {"start_time": 94.71963718820862, "end_time": 100.46657596371882}, "20": {"start_time": 100.46657596371882, "end_time": 107.70249433106576}, "21": {"start_time": 107.70249433106576, "end_time": 113.318820861678}}