{"1": {"start_time": 0.0, "end_time": 11.728616780045352}, "2": {"start_time": 11.728616780045352, "end_time": 15.438004535147392}, "3": {"start_time": 15.438004535147392, "end_time": 18.180861678004536}, "4": {"start_time": 18.180861678004536, "end_time": 22.20371882086168}, "5": {"start_time": 22.203718820861678, "end_time": 26.06984126984127}, "6": {"start_time": 26.06984126984127, "end_time": 39.679637188208616}, "7": {"start_time": 39.679637188208616, "end_time": 45.79229024943311}, "8": {"start_time": 45.79229024943311, "end_time": 51.09514739229025}, "9": {"start_time": 51.09514739229025, "end_time": 57.9653514739229}, "10": {"start_time": 57.9653514739229, "end_time": 66.11555555555556}, "11": {"start_time": 66.11555555555556, "end_time": 69.38086167800454}, "12": {"start_time": 69.38086167800454, "end_time": 72.09759637188209}, "13": {"start_time": 72.09759637188209, "end_time": 79.07229024943311}, "14": {"start_time": 79.07229024943311, "end_time": 87.01351473922902}, "15": {"start_time": 87.01351473922902, "end_time": 93.51800453514738}, "16": {"start_time": 93.5180045351474, "end_time": 97.85433106575964}, "17": {"start_time": 97.85433106575964, "end_time": 100.5710657596372}, "18": {"start_time": 100.5710657596372, "end_time": 103.18331065759638}, "19": {"start_time": 103.18331065759637, "end_time": 108.61678004535146}, "20": {"start_time": 108.61678004535148, "end_time": 113.6584126984127}, "21": {"start_time": 113.6584126984127, "end_time": 121.70412698412699}, "22": {"start_time": 121.70412698412699, "end_time": 127.79065759637189}, "23": {"start_time": 127.79065759637189, "end_time": 132.88453514739228}, "24": {"start_time": 132.88453514739228, "end_time": 138.97106575963718}, "25": {"start_time": 138.97106575963718, "end_time": 151.56208616780046}}