{"1": {"start_time": 0.0, "end_time": 9.038004535147392}, "2": {"start_time": 9.038004535147392, "end_time": 14.158004535147391}, "3": {"start_time": 14.158004535147393, "end_time": 20.140045351473923}, "4": {"start_time": 20.140045351473923, "end_time": 24.21514739229025}, "5": {"start_time": 24.21514739229025, "end_time": 30.406167800453513}, "6": {"start_time": 30.406167800453513, "end_time": 34.55963718820861}, "7": {"start_time": 34.55963718820862, "end_time": 38.42575963718821}, "8": {"start_time": 38.42575963718821, "end_time": 42.526984126984125}, "9": {"start_time": 42.526984126984125, "end_time": 47.12453514739229}, "10": {"start_time": 47.124535147392294, "end_time": 51.09514739229025}, "11": {"start_time": 51.09514739229025, "end_time": 56.13678004535147}, "12": {"start_time": 56.13678004535147, "end_time": 62.484535147392286}, "13": {"start_time": 62.48453514739229, "end_time": 67.8918820861678}, "14": {"start_time": 67.8918820861678, "end_time": 77.21759637188208}, "15": {"start_time": 77.21759637188208, "end_time": 82.49433106575964}, "16": {"start_time": 82.49433106575964, "end_time": 86.67392290249433}, "17": {"start_time": 86.67392290249433, "end_time": 92.34249433106575}, "18": {"start_time": 92.34249433106577, "end_time": 99.2649433106576}, "19": {"start_time": 99.2649433106576, "end_time": 106.42249433106576}, "20": {"start_time": 106.42249433106576, "end_time": 112.22167800453515}, "21": {"start_time": 112.22167800453515, "end_time": 118.20371882086168}, "22": {"start_time": 118.20371882086168, "end_time": 121.62575963718821}, "23": {"start_time": 121.62575963718821, "end_time": 127.34657596371882}, "24": {"start_time": 127.34657596371882, "end_time": 134.66086167800452}, "25": {"start_time": 134.66086167800452, "end_time": 139.91147392290247}, "26": {"start_time": 139.9114739229025, "end_time": 144.97922902494332}, "27": {"start_time": 144.97922902494332, "end_time": 150.98739229024943}, "28": {"start_time": 150.98739229024943, "end_time": 156.5775963718821}, "29": {"start_time": 156.5775963718821, "end_time": 162.48126984126986}, "30": {"start_time": 162.48126984126984, "end_time": 170.3180045351474}, "31": {"start_time": 170.3180045351474, "end_time": 174.7849433106576}, "32": {"start_time": 174.7849433106576, "end_time": 179.17351473922903}, "33": {"start_time": 179.17351473922903, "end_time": 182.36045351473925}, "34": {"start_time": 182.36045351473922, "end_time": 186.06984126984125}, "35": {"start_time": 186.06984126984128, "end_time": 193.3318820861678}, "36": {"start_time": 193.3318820861678, "end_time": 201.82167800453516}, "37": {"start_time": 201.82167800453516, "end_time": 215.30086167800454}, "38": {"start_time": 215.30086167800454, "end_time": 234.9971882086168}, "39": {"start_time": 234.9971882086168, "end_time": 246.30820861678006}, "40": {"start_time": 246.30820861678004, "end_time": 272.6396371882086}}