{"1": {"start_time": 0.0, "end_time": 18.38984126984127}, "3": {"start_time": 18.38984126984127, "end_time": 32.417596371882084}, "4": {"start_time": 32.417596371882084, "end_time": 53.70739229024943}, "5": {"start_time": 53.70739229024943, "end_time": 72.72453514739229}, "6": {"start_time": 72.72453514739229, "end_time": 94.58902494331065}, "7": {"start_time": 94.58902494331066, "end_time": 132.64943310657597}, "8": {"start_time": 132.64943310657597, "end_time": 146.10249433106577}, "9": {"start_time": 146.10249433106577, "end_time": 165.8771882086168}, "10": {"start_time": 165.8771882086168, "end_time": 187.9767800453515}, "11": {"start_time": 187.97678004535146, "end_time": 210.15473922902493}, "12": {"start_time": 210.15473922902495, "end_time": 225.72371882086168}, "13": {"start_time": 225.72371882086168, "end_time": 237.5049433106576}, "14": {"start_time": 237.5049433106576, "end_time": 256.05188208616784}, "15": {"start_time": 256.0518820861678, "end_time": 268.95637188208616}, "16": {"start_time": 268.95637188208616, "end_time": 295.07882086167797}, "17": {"start_time": 295.078820861678, "end_time": 307.74820861678006}, "18": {"start_time": 307.74820861678006, "end_time": 338.9906575963719}, "19": {"start_time": 338.9906575963719, "end_time": 364.79963718820864}, "20": {"start_time": 364.79963718820864, "end_time": 390.8437188208617}, "21": {"start_time": 390.8437188208617, "end_time": 405.1849433106576}, "22": {"start_time": 405.1849433106576, "end_time": 456.2020861678005}, "23": {"start_time": 456.2020861678005, "end_time": 471.2486167800454}, "24": {"start_time": 471.2486167800453, "end_time": 502.30820861678}, "25": {"start_time": 502.30820861678006, "end_time": 529.9457596371882}, "26": {"start_time": 529.9457596371882, "end_time": 560.300045351474}, "27": {"start_time": 560.300045351474, "end_time": 583.4445351473923}, "28": {"start_time": 583.4445351473923, "end_time": 596.270657596372}, "29": {"start_time": 596.2706575963718, "end_time": 615.7057596371882}, "30": {"start_time": 615.7057596371882, "end_time": 630.3604535147392}, "31": {"start_time": 630.3604535147392, "end_time": 651.8069841269842}, "32": {"start_time": 651.8069841269842, "end_time": 697.0510657596373}, "33": {"start_time": 697.0510657596371, "end_time": 726.5171882086167}, "34": {"start_time": 726.5171882086167, "end_time": 750.4975963718821}, "35": {"start_time": 750.4975963718821, "end_time": 764.8910657596372}, "36": {"start_time": 764.8910657596372, "end_time": 778.9449433106575}, "37": {"start_time": 778.9449433106575, "end_time": 823.0396371882085}, "38": {"start_time": 823.0396371882086, "end_time": 859.8200453514739}, "39": {"start_time": 859.8200453514739, "end_time": 899.5261678004535}, "40": {"start_time": 899.5261678004535, "end_time": 913.7367800453515}, "41": {"start_time": 913.7367800453515, "end_time": 976.0126984126983}, "42": {"start_time": 976.0126984126985, "end_time": 1000.8812698412698}, "43": {"start_time": 1000.8812698412698, "end_time": 1023.8167800453515}, "44": {"start_time": 1023.8167800453515, "end_time": 1059.552290249433}, "45": {"start_time": 1059.552290249433, "end_time": 1072.613514739229}, "46": {"start_time": 1072.613514739229, "end_time": 1087.7384126984127}, "47": {"start_time": 1087.7384126984127, "end_time": 1119.1375963718822}, "48": {"start_time": 1119.1375963718822, "end_time": 1143.3792290249435}, "49": {"start_time": 1143.3792290249432, "end_time": 1165.9490249433106}, "50": {"start_time": 1165.9490249433106, "end_time": 1180.4992290249434}, "51": {"start_time": 1180.4992290249434, "end_time": 1208.110657596372}, "52": {"start_time": 1208.110657596372, "end_time": 1242.7490249433108}, "53": {"start_time": 1242.7490249433106, "end_time": 1257.9784126984127}, "54": {"start_time": 1257.9784126984127, "end_time": 1282.9514739229026}, "55": {"start_time": 1282.9514739229026, "end_time": 1301.0282086167801}, "56": {"start_time": 1301.0282086167801, "end_time": 1311.660045351474}, "57": {"start_time": 1311.6600453514739, "end_time": 1334.3865759637188}, "58": {"start_time": 1334.3865759637188, "end_time": 1344.0780045351473}, "59": {"start_time": 1344.0780045351473, "end_time": 1356.9302494331066}, "60": {"start_time": 1356.9302494331066, "end_time": 1379.3171882086167}, "61": {"start_time": 1379.3171882086167, "end_time": 1389.8445351473922}, "62": {"start_time": 1389.8445351473922, "end_time": 1398.9873922902493}, "63": {"start_time": 1398.9873922902495, "end_time": 1424.5090249433108}, "64": {"start_time": 1424.5090249433106, "end_time": 1448.7506575963719}, "65": {"start_time": 1448.7506575963719, "end_time": 1470.0143310657595}, "66": {"start_time": 1470.0143310657597, "end_time": 1503.8429024943312}, "67": {"start_time": 1503.8429024943312, "end_time": 1533.8053514739229}, "68": {"start_time": 1533.8053514739229, "end_time": 1572.257596371882}, "69": {"start_time": 1572.257596371882, "end_time": 1606.817596371882}, "70": {"start_time": 1606.817596371882, "end_time": 1628.7343310657595}, "71": {"start_time": 1628.7343310657595, "end_time": 1654.9612698412698}, "72": {"start_time": 1654.9612698412698, "end_time": 1663.973514739229}, "73": {"start_time": 1663.9735147392291, "end_time": 1686.8045351473925}, "74": {"start_time": 1686.8045351473922, "end_time": 1700.1531065759636}, "75": {"start_time": 1700.1531065759636, "end_time": 1712.221678004535}, "76": {"start_time": 1712.221678004535, "end_time": 1729.2796371882087}, "77": {"start_time": 1729.2796371882087, "end_time": 1776.3784126984128}, "78": {"start_time": 1776.3784126984126, "end_time": 1803.3106575963718}, "79": {"start_time": 1803.3106575963718, "end_time": 1826.6380045351473}, "80": {"start_time": 1826.6380045351475, "end_time": 1845.8380045351475}, "81": {"start_time": 1845.8380045351473, "end_time": 1887.0331065759638}, "82": {"start_time": 1887.0331065759638, "end_time": 1913.4951473922904}, "83": {"start_time": 1913.4951473922902, "end_time": 1929.952290249433}, "84": {"start_time": 1929.9522902494332, "end_time": 1953.5931065759637}, "85": {"start_time": 1953.5931065759637, "end_time": 1969.2143310657596}, "86": {"start_time": 1969.2143310657596, "end_time": 1981.5180045351474}, "87": {"start_time": 1981.5180045351474, "end_time": 1997.34820861678}, "88": {"start_time": 1997.34820861678, "end_time": 2020.4404535147394}, "89": {"start_time": 2020.4404535147391, "end_time": 2051.682902494331}, "90": {"start_time": 2051.682902494331, "end_time": 2064.0649433106573}, "91": {"start_time": 2064.064943310658, "end_time": 2093.5310657596374}, "92": {"start_time": 2093.5310657596374, "end_time": 2106.043718820862}, "93": {"start_time": 2106.0437188208616, "end_time": 2119.522902494331}, "94": {"start_time": 2119.522902494331, "end_time": 2134.229841269841}, "95": {"start_time": 2134.2298412698415, "end_time": 2150.843718820862}, "96": {"start_time": 2150.843718820862, "end_time": 2159.333514739229}, "97": {"start_time": 2159.333514739229, "end_time": 2185.4820861678004}, "98": {"start_time": 2185.4820861678004, "end_time": 2200.8420861678005}, "99": {"start_time": 2200.8420861678005, "end_time": 2212.3620861678005}, "100": {"start_time": 2212.3620861678005, "end_time": 2231.039637188209}, "101": {"start_time": 2231.0396371882084, "end_time": 2289.81514739229}, "102": {"start_time": 2289.8151473922903, "end_time": 2318.6282086167803}, "103": {"start_time": 2318.62820861678, "end_time": 2339.029841269841}, "104": {"start_time": 2339.029841269841, "end_time": 2348.460045351474}, "105": {"start_time": 2348.460045351474, "end_time": 2358.8045351473925}, "106": {"start_time": 2358.8045351473925, "end_time": 2373.3286167800456}, "107": {"start_time": 2373.328616780045, "end_time": 2383.7253514739227}, "108": {"start_time": 2383.7253514739227, "end_time": 2402.141678004535}, "109": {"start_time": 2402.141678004535, "end_time": 2425.7824943310657}, "110": {"start_time": 2425.7824943310657, "end_time": 2461.4918820861676}, "111": {"start_time": 2461.4918820861676,