{"1": {"start_time": 0.0, "end_time": 21.10657596371882}, "2": {"start_time": 21.10657596371882, "end_time": 35.970249433106574}, "3": {"start_time": 35.970249433106574, "end_time": 47.17678004535147}, "4": {"start_time": 47.17678004535147, "end_time": 63.66004535147392}, "5": {"start_time": 63.660045351473926, "end_time": 76.56453514739229}, "6": {"start_time": 76.56453514739229, "end_time": 103.34004535147392}, "7": {"start_time": 103.34004535147392, "end_time": 125.83147392290249}, "8": {"start_time": 125.83147392290249, "end_time": 141.42657596371882}, "9": {"start_time": 141.42657596371882, "end_time": 180.63637188208617}, "10": {"start_time": 180.63637188208617, "end_time": 197.58984126984126}, "11": {"start_time": 197.58984126984126, "end_time": 217.49514739229025}, "12": {"start_time": 217.49514739229025, "end_time": 232.33269841269842}, "13": {"start_time": 232.33269841269842, "end_time": 245.4461678004535}, "14": {"start_time": 245.4461678004535, "end_time": 269.0347392290249}, "15": {"start_time": 269.0347392290249, "end_time": 283.79392290249433}, "16": {"start_time": 283.79392290249433, "end_time": 303.2812698412698}, "17": {"start_time": 303.2812698412698, "end_time": 316.23800453514735}, "18": {"start_time": 316.2380045351474, "end_time": 325.48535147392295}}