{"1": {"start_time": 0.0, "end_time": 20.505759637188206}, "2": {"start_time": 20.50575963718821, "end_time": 32.28698412698412}, "3": {"start_time": 32.28698412698413, "end_time": 41.56045351473923}, "4": {"start_time": 41.56045351473923, "end_time": 48.273922902494334}, "5": {"start_time": 48.273922902494334, "end_time": 60.36861678004536}, "6": {"start_time": 60.36861678004535, "end_time": 73.24698412698413}, "7": {"start_time": 73.24698412698413, "end_time": 82.91229024943311}, "8": {"start_time": 82.91229024943311, "end_time": 94.71963718820862}, "9": {"start_time": 94.71963718820862, "end_time": 107.96371882086169}, "10": {"start_time": 107.96371882086167, "end_time": 120.3718820861678}, "11": {"start_time": 120.3718820861678, "end_time": 132.93678004535147}, "12": {"start_time": 132.93678004535147, "end_time": 144.90086167800453}, "13": {"start_time": 144.90086167800453, "end_time": 162.06331065759636}, "14": {"start_time": 162.06331065759636, "end_time": 177.13596371882085}, "15": {"start_time": 177.13596371882088, "end_time": 184.21514739229025}, "16": {"start_time": 184.21514739229025, "end_time": 194.24616780045352}, "17": {"start_time": 194.24616780045352, "end_time": 206.36698412698414}, "18": {"start_time": 206.36698412698414, "end_time": 213.99473922902496}, "19": {"start_time": 213.99473922902493, "end_time": 224.13024943310657}, "20": {"start_time": 224.13024943310657, "end_time": 235.2061678004535}, "21": {"start_time": 235.20616780045353, "end_time": 243.56535147392293}, "22": {"start_time": 243.5653514739229, "end_time": 255.00698412698412}, "23": {"start_time": 255.00698412698412, "end_time": 278.8045351473923}, "24": {"start_time": 278.8045351473923, "end_time": 290.61188208616784}, "25": {"start_time": 290.6118820861678, "end_time": 301.87065759637187}, "26": {"start_time": 301.87065759637187, "end_time": 309.60290249433103}, "27": {"start_time": 309.6029024943311, "end_time": 321.8020861678005}, "28": {"start_time": 321.80208616780044, "end_time": 337.0314739229025}}