{"1": {"start_time": 0.0, "end_time": 12.042086167800452}, "2": {"start_time": 12.042086167800454, "end_time": 21.707392290249434}, "3": {"start_time": 21.707392290249434, "end_time": 33.54086167800453}, "4": {"start_time": 33.54086167800453, "end_time": 44.74739229024943}, "5": {"start_time": 44.74739229024944, "end_time": 52.662494331065766}, "6": {"start_time": 52.66249433106576, "end_time": 60.96943310657596}, "7": {"start_time": 60.96943310657596, "end_time": 73.16861678004535}, "8": {"start_time": 73.16861678004535, "end_time": 83.17351473922903}, "9": {"start_time": 83.17351473922902, "end_time": 94.53678004535146}, "10": {"start_time": 94.53678004535148, "end_time": 104.09759637188209}, "11": {"start_time": 104.09759637188209, "end_time": 116.45351473922904}, "12": {"start_time": 116.45351473922902, "end_time": 129.51473922902494}, "13": {"start_time": 129.51473922902494, "end_time": 136.14984126984126}, "14": {"start_time": 136.14984126984126, "end_time": 144.74412698412698}, "15": {"start_time": 144.74412698412698, "end_time": 154.33106575963717}, "16": {"start_time": 154.3310657596372, "end_time": 158.35392290249433}, "17": {"start_time": 158.35392290249433, "end_time": 166.97433106575963}, "18": {"start_time": 166.97433106575963, "end_time": 174.053514739229}, "19": {"start_time": 174.05351473922903, "end_time": 187.32371882086167}, "20": {"start_time": 187.32371882086167, "end_time": 197.53759637188207}, "21": {"start_time": 197.53759637188207, "end_time": 201.48208616780045}, "22": {"start_time": 201.48208616780045, "end_time": 209.9457596371882}, "23": {"start_time": 209.94575963718822, "end_time": 214.30820861678006}, "24": {"start_time": 214.30820861678004, "end_time": 231.83637188208615}, "25": {"start_time": 231.83637188208615, "end_time": 240.2478004535147}, "26": {"start_time": 240.24780045351474, "end_time": 246.96126984126985}, "27": {"start_time": 246.96126984126985, "end_time": 256.20861678004536}, "28": {"start_time": 256.20861678004536, "end_time": 269.0608616780045}, "29": {"start_time": 269.0608616780045, "end_time": 274.3114739229025}, "30": {"start_time": 274.3114739229025, "end_time": 278.41269841269843}, "31": {"start_time": 278.41269841269843, "end_time": 292.46657596371887}, "32": {"start_time": 292.4665759637188, "end_time": 300.79963718820864}, "33": {"start_time": 300.79963718820864, "end_time": 306.54657596371885}, "34": {"start_time": 306.5465759637188, "end_time": 322.5857596371882}, "35": {"start_time": 322.58575963718823, "end_time": 331.93759637188214}, "36": {"start_time": 331.9375963718821, "end_time": 341.158820861678}, "37": {"start_time": 341.158820861678, "end_time": 353.82820861678005}, "38": {"start_time": 353.82820861678005, "end_time": 361.6910657596372}, "39": {"start_time": 361.6910657596372, "end_time": 365.37433106575963}, "40": {"start_time": 365.37433106575963, "end_time": 374.0469841269841}, "41": {"start_time": 374.0469841269841, "end_time": 380.99555555555554}, "42": {"start_time": 380.99555555555554, "end_time": 391.4706575963719}, "43": {"start_time": 391.4706575963719, "end_time": 405.10657596371885}, "44": {"start_time": 405.1065759637188, "end_time": 412.23800453514735}, "45": {"start_time": 412.2380045351474, "end_time": 417.3318820861678}, "46": {"start_time": 417.3318820861678, "end_time": 424.54167800453513}, "47": {"start_time": 424.54167800453513, "end_time": 431.77759637188205}, "48": {"start_time": 431.7775963718821, "end_time": 440.7898412698413}, "49": {"start_time": 440.78984126984125, "end_time": 446.95473922902494}, "50": {"start_time": 446.95473922902494, "end_time": 457.74331065759634}, "51": {"start_time": 457.7433106575964, "end_time": 466.23310657596375}, "52": {"start_time": 466.23310657596375, "end_time": 471.5098412698413}, "53": {"start_time": 471.5098412698413, "end_time": 478.1710657596372}, "54": {"start_time": 478.1710657596372, "end_time": 486.03392290249434}, "55": {"start_time": 486.03392290249434, "end_time": 495.0984126984127}}