{"1": {"start_time": 0.0, "end_time": 20.37514739229025}, "3": {"start_time": 20.37514739229025, "end_time": 26.174331065759638}, "4": {"start_time": 26.174331065759638, "end_time": 33.22739229024943}, "5": {"start_time": 33.22739229024943, "end_time": 49.94575963718821}, "6": {"start_time": 49.94575963718821, "end_time": 66.11555555555556}, "7": {"start_time": 66.11555555555556, "end_time": 74.16126984126984}, "8": {"start_time": 74.16126984126984, "end_time": 89.05106575963718}, "9": {"start_time": 89.05106575963718, "end_time": 103.28780045351473}, "10": {"start_time": 103.28780045351473, "end_time": 115.66984126984127}, "11": {"start_time": 115.66984126984127, "end_time": 130.71637188208618}, "12": {"start_time": 130.71637188208618, "end_time": 145.00535147392293}, "13": {"start_time": 145.0053514739229, "end_time": 154.3310657596372}, "14": {"start_time": 154.3310657596372, "end_time": 162.92535147392292}, "15": {"start_time": 162.92535147392292, "end_time": 171.36290249433108}, "16": {"start_time": 171.36290249433105, "end_time": 180.8192290249433}, "17": {"start_time": 180.8192290249433, "end_time": 191.47718820861678}, "18": {"start_time": 191.47718820861678, "end_time": 212.71473922902493}, "19": {"start_time": 212.71473922902496, "end_time": 225.27963718820862}, "20": {"start_time": 225.27963718820862, "end_time": 236.2249433106576}, "21": {"start_time": 236.2249433106576, "end_time": 248.60698412698414}, "22": {"start_time": 248.60698412698412, "end_time": 278.54331065759635}, "23": {"start_time": 278.54331065759635, "end_time": 286.35392290249433}, "24": {"start_time": 286.35392290249433, "end_time": 308.89759637188206}, "25": {"start_time": 308.89759637188206, "end_time": 321.2273922902494}, "26": {"start_time": 321.22739229024944, "end_time": 333.1653514739229}, "27": {"start_time": 333.1653514739229, "end_time": 366.1318820861678}, "28": {"start_time": 366.1318820861678, "end_time": 378.22657596371886}, "29": {"start_time": 378.2265759637188, "end_time": 391.9147392290249}, "30": {"start_time": 391.9147392290249, "end_time": 404.4012698412698}, "31": {"start_time": 404.4012698412698, "end_time": 414.56290249433107}, "32": {"start_time": 414.56290249433107, "end_time": 427.9114739229025}, "33": {"start_time": 427.9114739229025, "end_time": 437.02820861678003}, "34": {"start_time": 437.02820861678003, "end_time": 446.6151473922902}, "35": {"start_time": 446.6151473922902, "end_time": 457.0902494331066}, "36": {"start_time": 457.0902494331066, "end_time": 478.8763718820862}, "37": {"start_time": 478.8763718820862, "end_time": 493.11310657596374}, "38": {"start_time": 493.11310657596374, "end_time": 511.00698412698415}, "39": {"start_time": 511.00698412698415, "end_time": 524.9041269841271}, "40": {"start_time": 524.904126984127, "end_time": 538.5400453514739}, "41": {"start_time": 538.540045351474, "end_time": 549.6420861678005}, "42": {"start_time": 549.6420861678005, "end_time": 561.2404535147392}, "43": {"start_time": 561.2404535147392, "end_time": 575.0853514739229}, "44": {"start_time": 575.0853514739229, "end_time": 594.8339229024942}, "45": {"start_time": 594.8339229024944, "end_time": 609.2012698412699}, "46": {"start_time": 609.2012698412699, "end_time": 625.9718820861679}, "47": {"start_time": 625.9718820861679, "end_time": 645.0673922902495}, "48": {"start_time": 645.0673922902495, "end_time": 657.5800453514739}, "49": {"start_time": 657.5800453514739, "end_time": 676.7539229024943}, "50": {"start_time": 676.7539229024943, "end_time": 696.6592290249433}, "51": {"start_time": 696.6592290249433, "end_time": 707.6045351473923}, "52": {"start_time": 707.6045351473923, "end_time": 720.7180045351474}, "53": {"start_time": 720.7180045351474, "end_time": 730.4878004535148}, "54": {"start_time": 730.4878004535148, "end_time": 739.6829024943311}, "55": {"start_time": 739.6829024943311, "end_time": 754.2331065759637}, "56": {"start_time": 754.2331065759637, "end_time": 765.6747392290249}, "57": {"start_time": 765.6747392290249, "end_time": 776.8551473922902}, "58": {"start_time": 776.8551473922903, "end_time": 781.3482086167801}, "59": {"start_time": 781.3482086167801, "end_time": 825.7302494331066}, "60": {"start_time": 825.7302494331066, "end_time": 837.7465759637188}, "61": {"start_time": 837.7465759637188, "end_time": 854.0992290249433}, "62": {"start_time": 854.0992290249433, "end_time": 869.537596371882}, "63": {"start_time": 869.537596371882, "end_time": 882.3114739229025}, "64": {"start_time": 882.3114739229025, "end_time": 892.6820861678004}, "65": {"start_time": 892.6820861678004, "end_time": 909.0086167800454}, "66": {"start_time": 909.0086167800454, "end_time": 923.114739229025}, "67": {"start_time": 923.114739229025, "end_time": 931.9963718820862}, "68": {"start_time": 931.9963718820861, "end_time": 943.6731065759636}, "69": {"start_time": 943.6731065759637, "end_time": 962.5857596371882}, "70": {"start_time": 962.5857596371882, "end_time": 975.3073922902494}, "71": {"start_time": 975.3073922902495, "end_time": 983.6143310657596}, "72": {"start_time": 983.6143310657596, "end_time": 995.6829024943311}, "73": {"start_time": 995.6829024943311, "end_time": 1005.0347392290249}, "74": {"start_time": 1005.0347392290249, "end_time": 1029.485351473923}, "75": {"start_time": 1029.485351473923, "end_time": 1039.9343310657596}, "76": {"start_time": 1039.9343310657596, "end_time": 1072.7702494331065}, "77": {"start_time": 1072.7702494331065, "end_time": 1090.3767800453513}, "78": {"start_time": 1090.3767800453516, "end_time": 1101.687800453515}, "79": {"start_time": 1101.6878004535147, "end_time": 1109.2894331065759}, "80": {"start_time": 1109.2894331065759, "end_time": 1118.1449433106575}, "81": {"start_time": 1118.1449433106577, "end_time": 1123.891882086168}, "82": {"start_time": 1123.8918820861677, "end_time": 1132.6951473922902}, "83": {"start_time": 1132.6951473922902, "end_time": 1141.8902494331066}, "84": {"start_time": 1141.8902494331066, "end_time": 1153.5931065759637}, "85": {"start_time": 1153.5931065759637, "end_time": 1161.3514739229024}, "86": {"start_time": 1161.3514739229024, "end_time": 1167.6992290249432}, "87": {"start_time": 1167.6992290249434, "end_time": 1174.4910657596372}, "88": {"start_time": 1174.4910657596372, "end_time": 1184.1563718820862}, "89": {"start_time": 1184.1563718820862, "end_time": 1188.780045351474}, "90": {"start_time": 1188.780045351474, "end_time": 1192.7767800453514}, "91": {"start_time": 1192.7767800453514, "end_time": 1204.4273922902494}, "92": {"start_time": 1204.4273922902494, "end_time": 1209.2600453514738}, "93": {"start_time": 1209.260045351474, "end_time": 1217.070657596372}, "94": {"start_time": 1217.0706575963718, "end_time": 1228.8257596371882}, "95": {"start_time": 1228.8257596371882, "end_time": 1233.632290249433}, "96": {"start_time": 1233.632290249433, "end_time": 1240.5024943310657}, "97": {"start_time": 1240.5024943310657, "end_time": 1251.3433106575962}, "98": {"start_time": 1251.3433106575965, "end_time": 1264.4829024943313}, "99": {"start_time": 1264.482902494331, "end_time": 1279.1637188208617}}