{"1": {"start_time": 0.0, "end_time": 22.90902494331066}, "2": {"start_time": 22.90902494331066, "end_time": 30.562902494331066}, "3": {"start_time": 30.562902494331066, "end_time": 36.30984126984127}, "4": {"start_time": 36.30984126984127, "end_time": 58.67065759637188}, "5": {"start_time": 58.67065759637188, "end_time": 66.16780045351474}, "6": {"start_time": 66.16780045351474, "end_time": 74.3180045351474}, "7": {"start_time": 74.3180045351474, "end_time": 100.02249433106576}, "8": {"start_time": 100.02249433106576, "end_time": 105.42984126984126}, "9": {"start_time": 105.42984126984128, "end_time": 114.9645351473923}, "10": {"start_time": 114.9645351473923, "end_time": 122.22657596371883}, "11": {"start_time": 122.22657596371882, "end_time": 129.04453514739228}, "12": {"start_time": 129.04453514739228, "end_time": 141.37433106575963}, "13": {"start_time": 141.37433106575963, "end_time": 146.2853514739229}, "14": {"start_time": 146.2853514739229, "end_time": 149.68126984126985}, "15": {"start_time": 149.68126984126985, "end_time": 156.94331065759638}, "16": {"start_time": 156.94331065759638, "end_time": 164.41433106575965}, "17": {"start_time": 164.41433106575963, "end_time": 170.70984126984126}, "18": {"start_time": 170.70984126984126, "end_time": 177.03147392290248}, "19": {"start_time": 177.0314739229025, "end_time": 181.57678004535148}, "20": {"start_time": 181.57678004535148, "end_time": 186.46167800453514}, "21": {"start_time": 186.46167800453514, "end_time": 199.54902494331066}, "22": {"start_time": 199.54902494331066, "end_time": 203.8853514739229}, "23": {"start_time": 203.8853514739229, "end_time": 217.36453514739227}, "24": {"start_time": 217.3645351473923, "end_time": 225.59310657596373}, "25": {"start_time": 225.59310657596373, "end_time": 243.82657596371882}, "26": {"start_time": 243.82657596371882, "end_time": 251.5326984126984}, "27": {"start_time": 251.5326984126984, "end_time": 263.9147392290249}, "28": {"start_time": 263.9147392290249, "end_time": 283.37596371882086}}