{"1": {"start_time": 0.0, "end_time": 6.582494331065759}, "2": {"start_time": 6.582494331065759, "end_time": 11.310657596371883}, "3": {"start_time": 11.310657596371883, "end_time": 15.882086167800454}, "4": {"start_time": 15.882086167800454, "end_time": 32.96616780045351}, "5": {"start_time": 32.96616780045351, "end_time": 38.55637188208617}, "6": {"start_time": 38.55637188208617, "end_time": 48.848616780045354}, "7": {"start_time": 48.848616780045354, "end_time": 58.27882086167801}, "8": {"start_time": 58.27882086167801, "end_time": 71.62739229024943}, "9": {"start_time": 71.62739229024943, "end_time": 88.11065759637188}, "10": {"start_time": 88.11065759637188, "end_time": 94.43229024943311}, "11": {"start_time": 94.43229024943311, "end_time": 104.12371882086168}, "12": {"start_time": 104.12371882086168, "end_time": 113.81514739229026}, "13": {"start_time": 113.81514739229024, "end_time": 122.46167800453514}, "14": {"start_time": 122.46167800453514, "end_time": 133.38086167800452}, "15": {"start_time": 133.38086167800452, "end_time": 142.60208616780045}, "16": {"start_time": 142.60208616780045, "end_time": 154.69678004535146}, "17": {"start_time": 154.69678004535146, "end_time": 166.1122902494331}, "18": {"start_time": 166.1122902494331, "end_time": 179.38249433106574}, "19": {"start_time": 179.38249433106577, "end_time": 193.59310657596373}, "20": {"start_time": 193.59310657596373, "end_time": 208.7180045351474}, "21": {"start_time": 208.7180045351474, "end_time": 218.12208616780046}, "22": {"start_time": 218.12208616780046, "end_time": 224.7833106575964}, "23": {"start_time": 224.78331065759636, "end_time": 239.88208616780045}, "24": {"start_time": 239.88208616780045, "end_time": 248.3718820861678}, "25": {"start_time": 248.3718820861678, "end_time": 258.533514739229}, "26": {"start_time": 258.533514739229, "end_time": 267.38902494331063}, "27": {"start_time": 267.38902494331063, "end_time": 274.67718820861677}, "28": {"start_time": 274.67718820861677, "end_time": 281.6257596371882}, "29": {"start_time": 281.6257596371882, "end_time": 289.3318820861678}, "30": {"start_time": 289.3318820861678, "end_time": 302.31473922902495}, "31": {"start_time": 302.31473922902495, "end_time": 314.14820861678004}, "32": {"start_time": 314.14820861678004, "end_time": 326.58249433106573}, "33": {"start_time": 326.58249433106573, "end_time": 334.7849433106576}, "34": {"start_time": 334.7849433106576, "end_time": 346.5139229024943}, "35": {"start_time": 346.51392290249436, "end_time": 356.2053514739229}, "36": {"start_time": 356.2053514739229, "end_time": 365.58331065759637}, "37": {"start_time": 365.58331065759637, "end_time": 376.78984126984125}, "38": {"start_time": 376.78984126984125, "end_time": 392.17596371882087}, "39": {"start_time": 392.17596371882087, "end_time": 401.0837188208617}, "40": {"start_time": 401.0837188208617, "end_time": 413.1522902494331}, "41": {"start_time": 413.1522902494331, "end_time": 421.4069841269841}, "42": {"start_time": 421.4069841269841, "end_time": 433.9718820861678}, "43": {"start_time": 433.9718820861678, "end_time": 445.413514739229}, "44": {"start_time": 445.413514739229, "end_time": 451.65678004535147}, "45": {"start_time": 451.65678004535147, "end_time": 456.28045351473924}, "46": {"start_time": 456.28045351473924, "end_time": 462.00126984126985}, "47": {"start_time": 462.00126984126985, "end_time": 466.7033106575964}, "48": {"start_time": 466.7033106575964, "end_time": 475.558820861678}, "49": {"start_time": 475.558820861678, "end_time": 484.4404535147392}, "50": {"start_time": 484.4404535147392, "end_time": 492.2249433106576}, "51": {"start_time": 492.2249433106576, "end_time": 501.36780045351475}, "52": {"start_time": 501.36780045351475, "end_time": 508.9433106575964}, "53": {"start_time": 508.9433106575964, "end_time": 515.5522902494331}, "54": {"start_time": 515.5522902494331, "end_time": 526.5759637188208}, "55": {"start_time": 526.5759637188208, "end_time": 534.4126984126984}, "56": {"start_time": 534.4126984126984, "end_time": 541.6747392290249}, "57": {"start_time": 541.6747392290249, "end_time": 553.50820861678}, "58": {"start_time": 553.50820861678, "end_time": 562.1286167800454}, "59": {"start_time": 562.1286167800454, "end_time": 571.8461678004535}, "60": {"start_time": 571.8461678004535, "end_time": 579.7873922902494}}