{"1": {"start_time": 0.0, "end_time": 7.0265759637188205}, "2": {"start_time": 7.0265759637188205, "end_time": 10.448616780045352}, "3": {"start_time": 10.448616780045352, "end_time": 14.471473922902495}, "4": {"start_time": 14.471473922902494, "end_time": 19.852698412698413}, "5": {"start_time": 19.852698412698413, "end_time": 26.592290249433105}, "6": {"start_time": 26.592290249433105, "end_time": 33.17514739229025}, "7": {"start_time": 33.17514739229025, "end_time": 39.26167800453515}, "8": {"start_time": 39.26167800453515, "end_time": 47.30739229024944}, "9": {"start_time": 47.30739229024943, "end_time": 59.846167800453514}}