{"1": {"start_time": 0.0, "end_time": 12.198820861678005}, "3": {"start_time": 12.198820861678005, "end_time": 17.475555555555555}, "4": {"start_time": 17.475555555555555, "end_time": 22.830657596371882}, "5": {"start_time": 22.830657596371882, "end_time": 30.824126984126984}, "6": {"start_time": 30.824126984126984, "end_time": 38.73922902494331}, "7": {"start_time": 38.73922902494331, "end_time": 46.99392290249433}}