{"1": {"start_time": 0.0, "end_time": 5.929433106575964}, "2": {"start_time": 5.929433106575964, "end_time": 24.293514739229025}, "3": {"start_time": 24.293514739229025, "end_time": 36.466575963718824}, "4": {"start_time": 36.46657596371882, "end_time": 67.42167800453515}, "5": {"start_time": 67.42167800453515, "end_time": 94.32780045351474}, "6": {"start_time": 94.32780045351474, "end_time": 131.81351473922902}, "7": {"start_time": 131.81351473922902, "end_time": 173.1131065759637}, "8": {"start_time": 173.1131065759637, "end_time": 189.93596371882086}, "9": {"start_time": 189.93596371882086, "end_time": 264.25433106575963}, "10": {"start_time": 264.25433106575963, "end_time": 281.54739229024943}, "11": {"start_time": 281.54739229024943, "end_time": 309.8380045351474}, "12": {"start_time": 309.8380045351474, "end_time": 335.80371882086166}, "13": {"start_time": 335.80371882086166, "end_time": 359.1049433106576}}