{"1": {"start_time": 0.0, "end_time": 12.198820861678005}, "2": {"start_time": 12.198820861678005, "end_time": 20.061678004535146}, "3": {"start_time": 20.061678004535146, "end_time": 27.166984126984126}, "4": {"start_time": 27.166984126984126, "end_time": 34.82086167800453}, "5": {"start_time": 34.82086167800453, "end_time": 42.44861678004535}, "6": {"start_time": 42.44861678004535, "end_time": 56.633106575963716}, "7": {"start_time": 56.633106575963716, "end_time": 69.01514739229025}, "8": {"start_time": 69.01514739229025, "end_time": 78.13188208616779}, "9": {"start_time": 78.1318820861678, "end_time": 86.20371882086168}, "10": {"start_time": 86.20371882086168, "end_time": 93.28290249433107}, "11": {"start_time": 93.28290249433107, "end_time": 102.53024943310658}, "12": {"start_time": 102.53024943310658, "end_time": 113.81514739229024}, "13": {"start_time": 113.81514739229024, "end_time": 123.2192290249433}, "14": {"start_time": 123.21922902494332, "end_time": 157.67473922902496}, "15": {"start_time": 157.67473922902494, "end_time": 166.4257596371882}, "16": {"start_time": 166.4257596371882, "end_time": 174.28861678004534}, "17": {"start_time": 174.28861678004534, "end_time": 187.558820861678}, "18": {"start_time": 187.55882086167802, "end_time": 209.3710657596372}, "19": {"start_time": 209.3710657596372, "end_time": 233.0380045351474}, "20": {"start_time": 233.0380045351474, "end_time": 247.19637188208617}, "21": {"start_time": 247.19637188208617, "end_time": 266.2918820861678}, "22": {"start_time": 266.2918820861678, "end_time": 272.22167800453514}, "23": {"start_time": 272.22167800453514, "end_time": 289.04453514739225}, "24": {"start_time": 289.0445351473923, "end_time": 327.10494331065763}, "25": {"start_time": 327.1049433106576, "end_time": 339.0167800453514}, "26": {"start_time": 339.0167800453515, "end_time": 346.5400453514739}, "27": {"start_time": 346.5400453514739, "end_time": 390.47800453514736}, "28": {"start_time": 390.4780045351474, "end_time": 405.4722902494331}, "29": {"start_time": 405.4722902494331, "end_time": 418.664126984127}, "30": {"start_time": 418.664126984127, "end_time": 429.7922902494331}, "31": {"start_time": 429.7922902494331, "end_time": 438.6739229024943}, "32": {"start_time": 438.6739229024943, "end_time": 454.1384126984127}, "33": {"start_time": 454.1384126984127, "end_time": 491.72861678004534}, "34": {"start_time": 491.72861678004534, "end_time": 502.6216780045351}, "35": {"start_time": 502.62167800453517, "end_time": 516.4926984126985}, "36": {"start_time": 516.4926984126984, "end_time": 522.8404535147391}, "37": {"start_time": 522.8404535147392, "end_time": 533.2110657596372}, "38": {"start_time": 533.2110657596372, "end_time": 543.9212698412699}, "39": {"start_time": 543.9212698412698, "end_time": 550.686984126984}, "40": {"start_time": 550.6869841269842, "end_time": 558.6543310657597}, "41": {"start_time": 558.6543310657596, "end_time": 572.264126984127}, "42": {"start_time": 572.264126984127, "end_time": 581.0412698412698}, "43": {"start_time": 581.0412698412698, "end_time": 589.7922902494331}, "44": {"start_time": 589.7922902494331, "end_time": 617.8216780045351}, "45": {"start_time": 617.8216780045351, "end_time": 629.6812698412698}, "46": {"start_time": 629.6812698412698, "end_time": 638.4061678004534}, "47": {"start_time": 638.4061678004535, "end_time": 648.9596371882086}, "48": {"start_time": 648.9596371882086, "end_time": 655.3073922902494}, "49": {"start_time": 655.3073922902495, "end_time": 663.849433106576}, "50": {"start_time": 663.8494331065759, "end_time": 684.4078004535147}, "51": {"start_time": 684.4078004535147, "end_time": 699.3237188208617}, "52": {"start_time": 699.3237188208617, "end_time": 712.9857596371883}, "53": {"start_time": 712.9857596371882, "end_time": 726.0469841269841}, "54": {"start_time": 726.0469841269842, "end_time": 732.1073922902494}, "55": {"start_time": 732.1073922902494, "end_time": 742.2167800453515}, "56": {"start_time": 742.2167800453515, "end_time": 751.2812698412698}, "57": {"start_time": 751.2812698412698, "end_time": 760.4763718820861}, "58": {"start_time": 760.4763718820861, "end_time": 767.6339229024943}, "59": {"start_time": 767.6339229024943, "end_time": 774.6869841269842}, "60": {"start_time": 774.6869841269842, "end_time": 788.2445351473923}, "61": {"start_time": 788.2445351473923, "end_time": 798.249433106576}, "62": {"start_time": 798.2494331065759, "end_time": 812.3555555555555}, "63": {"start_time": 812.3555555555556, "end_time": 826.2265759637189}, "64": {"start_time": 826.2265759637188, "end_time": 838.4780045351474}, "65": {"start_time": 838.4780045351474, "end_time": 850.729433106576}, "66": {"start_time": 850.7294331065759, "end_time": 863.9996371882086}, "67": {"start_time": 863.9996371882086, "end_time": 871.4184126984127}, "68": {"start_time": 871.4184126984127, "end_time": 885.1849433106576}, "69": {"start_time": 885.1849433106576, "end_time": 893.0739229024942}, "70": {"start_time": 893.0739229024944, "end_time": 907.8069841269842}, "71": {"start_time": 907.8069841269842, "end_time": 930.5335147392291}, "72": {"start_time": 930.5335147392291, "end_time": 942.445351473923}, "73": {"start_time": 942.4453514739229, "end_time": 950.9612698412698}, "74": {"start_time": 950.9612698412699, "end_time": 961.0967800453515}, "75": {"start_time": 961.0967800453515, "end_time": 974.0012698412698}, "76": {"start_time": 974.0012698412698, "end_time": 985.3122902494331}, "77": {"start_time": 985.3122902494331, "end_time": 1001.2208616780046}, "78": {"start_time": 1001.2208616780046, "end_time": 1014.438820861678}, "79": {"start_time": 1014.438820861678, "end_time": 1022.4845351473923}, "80": {"start_time": 1022.4845351473923, "end_time": 1036.6951473922902}, "81": {"start_time": 1036.6951473922902, "end_time": 1043.617596371882}, "82": {"start_time": 1043.617596371882, "end_time": 1056.7571882086168}, "83": {"start_time": 1056.7571882086168, "end_time": 1072.56126984127}, "84": {"start_time": 1072.56126984127, "end_time": 1083.6110657596373}, "85": {"start_time": 1083.611065759637, "end_time": 1092.4404535147391}, "86": {"start_time": 1092.4404535147391, "end_time": 1100.3033106575963}, "87": {"start_time": 1100.3033106575963, "end_time": 1108.8714739229024}, "88": {"start_time": 1108.8714739229024, "end_time": 1123.1604535147392}, "89": {"start_time": 1123.1604535147392, "end_time": 1132.5122902494331}, "90": {"start_time": 1132.5122902494331, "end_time": 1140.8714739229026}, "91": {"start_time": 1140.8714739229024, "end_time": 1163.7024943310657}, "92": {"start_time": 1163.7024943310657, "end_time": 1172.8714739229024}, "93": {"start_time": 1172.8714739229024, "end_time": 1180.9955555555555}, "94": {"start_time": 1180.9955555555555, "end_time": 1188.2314739229025}, "95": {"start_time": 1188.2314739229025, "end_time": 1197.870657596372}, "96": {"start_time": 1197.870657596372, "end_time": 1206.6216780045352}, "97": {"start_time": 1206.6216780045352, "end_time": 1213.8053514739229}, "98": {"start_time": 1213.8053514739229, "end_time": 1219.944126984127}, "99": {"start_time": 1219.944126984127, "end_time": 1231.2290249433106}, "100": {"start_time": 1231.2290249433106, "end_time": 1256.411065759637}, "101": {"start_time": 1256.4110657596373, "end_time": 1270.830657596372}, "102": {"start_time": 1270.8306575963718, "end_time": 1280.8094331065759}, "103": {"start_time": 1280.8094331065759, "end_time": 1298.5726984126984}, "104": {"start_time": 1298.5726984126984, "end_time": 1307.1408616780045}, "105": {"start_time": 1307.1408616780045, "end_time": 1318.373514739229}, "106": {"start_time": 1318.373514739229, "end_time": 1332.9237188208617}, "107": {"start_time": 1332.9237188208617, "end_time": 1343.6600453514739}, "108": {"start_time": 1343.6600453514739, "end_time": 1350.060045351474}, "109": {"start_time": 1350.060045351474, "end_time": 1377.958820861678}, "110": {"start_time": 1377.958820861678, "end_time": 1393.2143310657598},