{"1": {"start_time": 0.0, "end_time": 28.36861678004535}, "3": {"start_time": 28.36861678004535, "end_time": 48.953106575963716}, "4": {"start_time": 48.953106575963716, "end_time": 62.249433106575964}, "5": {"start_time": 62.249433106575964, "end_time": 93.70086167800454}, "6": {"start_time": 93.70086167800453, "end_time": 112.63963718820861}, "7": {"start_time": 112.63963718820861, "end_time": 132.72780045351473}, "8": {"start_time": 132.72780045351473, "end_time": 158.64126984126983}, "9": {"start_time": 158.64126984126983, "end_time": 182.56943310657596}, "10": {"start_time": 182.56943310657596, "end_time": 208.50902494331064}, "11": {"start_time": 208.50902494331066, "end_time": 241.50167800453517}, "12": {"start_time": 241.50167800453514, "end_time": 257.9065759637188}}