{"1": {"start_time": 0.0, "end_time": 20.192290249433107}, "2": {"start_time": 20.192290249433107, "end_time": 35.343310657596376}, "3": {"start_time": 35.34331065759637, "end_time": 58.67065759637188}, "4": {"start_time": 58.67065759637188, "end_time": 74.99718820861678}, "5": {"start_time": 74.99718820861678, "end_time": 101.61596371882086}, "6": {"start_time": 101.61596371882086, "end_time": 113.08371882086168}, "7": {"start_time": 113.08371882086168, "end_time": 126.22331065759637}, "8": {"start_time": 126.22331065759637, "end_time": 140.95637188208616}, "9": {"start_time": 140.95637188208616, "end_time": 160.20861678004533}, "10": {"start_time": 160.20861678004536, "end_time": 175.22902494331066}, "11": {"start_time": 175.22902494331066, "end_time": 201.16861678004534}, "12": {"start_time": 201.16861678004534, "end_time": 219.08861678004536}, "13": {"start_time": 219.08861678004536, "end_time": 232.77678004535147}, "14": {"start_time": 232.77678004535147, "end_time": 242.36371882086166}, "15": {"start_time": 242.3637188208617, "end_time": 250.06984126984128}, "16": {"start_time": 250.06984126984128, "end_time": 262.0861678004535}, "17": {"start_time": 262.0861678004535, "end_time": 283.8722902494331}, "18": {"start_time": 283.8722902494331, "end_time": 301.7400453514739}, "19": {"start_time": 301.7400453514739, "end_time": 324.1269841269841}, "20": {"start_time": 324.12698412698415, "end_time": 351.03310657596376}, "21": {"start_time": 351.0331065759637, "end_time": 361.9000453514739}, "22": {"start_time": 361.9000453514739, "end_time": 408.55473922902496}, "23": {"start_time": 408.55473922902496, "end_time": 426.23963718820863}, "24": {"start_time": 426.23963718820863, "end_time": 440.8943310657597}, "25": {"start_time": 440.8943310657596, "end_time": 452.4143310657596}, "26": {"start_time": 452.41433106575965, "end_time": 479.1375963718821}, "27": {"start_time": 479.13759637188207, "end_time": 522.7098412698413}, "28": {"start_time": 522.7098412698413, "end_time": 553.6126984126984}, "29": {"start_time": 553.6126984126984, "end_time": 574.3016780045351}, "30": {"start_time": 574.3016780045351, "end_time": 603.4020861678005}, "31": {"start_time": 603.4020861678005, "end_time": 622.4714739229025}, "32": {"start_time": 622.4714739229025, "end_time": 652.5384126984127}, "33": {"start_time": 652.5384126984127, "end_time": 684.1726984126984}, "34": {"start_time": 684.1726984126984, "end_time": 700.5253514739229}, "35": {"start_time": 700.5253514739229, "end_time": 723.7482086167801}, "36": {"start_time": 723.7482086167801, "end_time": 743.3661678004536}, "37": {"start_time": 743.3661678004535, "end_time": 798.7718820861678}, "38": {"start_time": 798.7718820861678, "end_time": 860.8126984126984}, "39": {"start_time": 860.8126984126984, "end_time": 881.0314739229025}, "40": {"start_time": 881.0314739229025, "end_time": 914.7033106575964}, "41": {"start_time": 914.7033106575964, "end_time": 930.5073922902494}, "42": {"start_time": 930.5073922902494, "end_time": 960.9139229024943}, "43": {"start_time": 960.9139229024943, "end_time": 1009.7367800453515}, "44": {"start_time": 1009.7367800453515, "end_time": 1045.158820861678}, "45": {"start_time": 1045.158820861678, "end_time": 1060.4143310657596}, "46": {"start_time": 1060.4143310657596, "end_time": 1088.0518820861678}, "47": {"start_time": 1088.0518820861678, "end_time": 1108.9237188208617}, "48": {"start_time": 1108.9237188208617, "end_time": 1138.2069841269843}, "49": {"start_time": 1138.206984126984, "end_time": 1162.13514739229}, "50": {"start_time": 1162.1351473922903, "end_time": 1198.497596371882}, "51": {"start_time": 1198.497596371882, "end_time": 1225.769433106576}, "52": {"start_time": 1225.769433106576, "end_time": 1241.6780045351472}, "53": {"start_time": 1241.6780045351475, "end_time": 1289.5865759637188}, "54": {"start_time": 1289.5865759637188, "end_time": 1330.7033106575964}, "55": {"start_time": 1330.7033106575964, "end_time": 1342.3016780045352}, "56": {"start_time": 1342.3016780045352, "end_time": 1359.3596371882088}, "57": {"start_time": 1359.3596371882086, "end_time": 1401.260045351474}, "58": {"start_time": 1401.260045351474, "end_time": 1421.2698412698414}, "59": {"start_time": 1421.2698412698412, "end_time": 1450.344126984127}, "60": {"start_time": 1450.344126984127, "end_time": 1462.5955555555554}, "61": {"start_time": 1462.5955555555556, "end_time": 1474.742494331066}, "62": {"start_time": 1474.7424943310657, "end_time": 1486.4453514739228}, "63": {"start_time": 1486.445351473923, "end_time": 1508.1792290249434}, "64": {"start_time": 1508.1792290249432, "end_time": 1528.5024943310657}, "65": {"start_time": 1528.5024943310657, "end_time": 1544.9073922902494}, "66": {"start_time": 1544.9073922902494, "end_time": 1568.1563718820862}, "67": {"start_time": 1568.1563718820862, "end_time": 1580.7996371882086}, "68": {"start_time": 1580.7996371882086, "end_time": 1588.8453514739228}, "69": {"start_time": 1588.8453514739228, "end_time": 1626.2004535147391}, "70": {"start_time": 1626.2004535147391, "end_time": 1649.371065759637}, "71": {"start_time": 1649.371065759637, "end_time": 1695.842902494331}, "72": {"start_time": 1695.8429024943312, "end_time": 1722.0437188208618}, "73": {"start_time": 1722.0437188208616, "end_time": 1767.2355555555555}, "74": {"start_time": 1767.2355555555555, "end_time": 1803.5196371882087}, "75": {"start_time": 1803.5196371882087, "end_time": 1835.6763718820862}, "76": {"start_time": 1835.6763718820862, "end_time": 1850.7751473922904}, "77": {"start_time": 1850.7751473922901, "end_time": 1876.192290249433}, "78": {"start_time": 1876.1922902494332, "end_time": 1884.7865759637189}, "79": {"start_time": 1884.7865759637189, "end_time": 1905.580045351474}, "80": {"start_time": 1905.580045351474, "end_time": 1921.514739229025}, "81": {"start_time": 1921.514739229025, "end_time": 1939.8788208616782}, "82": {"start_time": 1939.878820861678, "end_time": 1966.2886167800452}, "83": {"start_time": 1966.2886167800455, "end_time": 1977.834739229025}, "84": {"start_time": 1977.834739229025, "end_time": 1990.6869841269843}, "85": {"start_time": 1990.686984126984, "end_time": 2032.9792290249432}, "86": {"start_time": 2032.9792290249434, "end_time": 2063.0461678004535}, "87": {"start_time": 2063.0461678004535, "end_time": 2096.221678004535}, "88": {"start_time": 2096.221678004535, "end_time": 2123.4673922902493}, "89": {"start_time": 2123.4673922902493, "end_time": 2168.659229024943}, "90": {"start_time": 2168.659229024943, "end_time": 2183.392290249433}, "91": {"start_time": 2183.3922902494332, "end_time": 2192.0388208616782}, "92": {"start_time": 2192.038820861678, "end_time": 2208.6265759637186}, "93": {"start_time": 2208.626575963719, "end_time": 2229.6029024943314}, "94": {"start_time": 2229.602902494331, "end_time": 2254.4714739229025}, "95": {"start_time": 2254.4714739229025, "end_time": 2282.7098412698415}, "96": {"start_time": 2282.7098412698415, "end_time": 2315.624126984127}, "97": {"start_time": 2315.624126984127, "end_time": 2330.7751473922904}, "98": {"start_time": 2330.7751473922904, "end_time": 2343.9669841269842}, "99": {"start_time": 2343.9669841269842, "end_time": 2357.106575963719}, "100": {"start_time": 2357.106575963719, "end_time": 2380.616780045352}, "101": {"start_time": 2380.6167800453513, "end_time": 2410.1090249433105}, "102": {"start_time": 2410.1090249433105, "end_time": 2425.442902494331}, "103": {"start_time": 2425.442902494331, "end_time": 2447.28126984127}, "104": {"start_time": 2447.28126984127, "end_time": 2459.062494331066}, "105": {"start_time": 2459.062494331066, "end_time": 2483.4608616780047}, "106": {"start_time": 2483.4608616780047, "end_time": 2496.9661678004536}, "107": {"start_time": 2496.9661678004536, "end_time": 2505.011882086168}, "108": {"start_time": 2505.0118820861676, "end_time": 2514.9122902494328}, "109": {"start_time": 2514.912290249433, "end_time": 2525.152290249433}, "110": {"start_time": 2525.152290249433,