{"1": {"start_time": 0.0, "end_time": 17.475555555555555}, "2": {"start_time": 17.475555555555555, "end_time": 46.47147392290249}, "3": {"start_time": 46.4714739229025, "end_time": 82.10249433106577}, "4": {"start_time": 82.10249433106576, "end_time": 105.71718820861678}, "5": {"start_time": 105.71718820861678, "end_time": 118.30820861678004}, "6": {"start_time": 118.30820861678005, "end_time": 131.76126984126984}, "7": {"start_time": 131.76126984126984, "end_time": 155.63718820861678}, "8": {"start_time": 155.63718820861678, "end_time": 177.03147392290248}, "9": {"start_time": 177.0314739229025, "end_time": 189.43963718820862}, "10": {"start_time": 189.43963718820862, "end_time": 214.28208616780046}, "11": {"start_time": 214.28208616780046, "end_time": 224.15637188208618}, "12": {"start_time": 224.15637188208618, "end_time": 237.1653514739229}, "13": {"start_time": 237.1653514739229, "end_time": 249.78249433106575}, "14": {"start_time": 249.78249433106575, "end_time": 259.8918820861678}, "15": {"start_time": 259.8918820861678, "end_time": 277.4461678004535}, "16": {"start_time": 277.4461678004535, "end_time": 291.44780045351473}, "17": {"start_time": 291.44780045351473, "end_time": 321.98494331065757}, "18": {"start_time": 321.98494331065757, "end_time": 351.24208616780044}, "19": {"start_time": 351.24208616780044, "end_time": 371.4869841269841}, "20": {"start_time": 371.4869841269841, "end_time": 401.0575963718821}, "21": {"start_time": 401.0575963718821, "end_time": 426.344126984127}, "22": {"start_time": 426.344126984127, "end_time": 439.95392290249436}, "23": {"start_time": 439.95392290249436, "end_time": 453.5637188208617}, "24": {"start_time": 453.56371882086165, "end_time": 463.80371882086166}, "25": {"start_time": 463.80371882086166, "end_time": 476.73433106575965}, "26": {"start_time": 476.73433106575965, "end_time": 489.0380045351474}, "27": {"start_time": 489.03800453514737, "end_time": 500.0616780045351}, "28": {"start_time": 500.06167800453517, "end_time": 507.1931065759637}, "29": {"start_time": 507.1931065759637, "end_time": 520.9596371882086}, "30": {"start_time": 520.9596371882086, "end_time": 531.3563718820861}, "31": {"start_time": 531.3563718820861, "end_time": 547.1604535147392}, "32": {"start_time": 547.1604535147392, "end_time": 564.8192290249433}, "33": {"start_time": 564.8192290249433, "end_time": 573.7531065759637}, "34": {"start_time": 573.7531065759637, "end_time": 592.6657596371881}, "35": {"start_time": 592.6657596371882, "end_time": 604.1857596371882}, "36": {"start_time": 604.1857596371882, "end_time": 617.4037188208616}, "37": {"start_time": 617.4037188208616, "end_time": 635.4020861678003}, "38": {"start_time": 635.4020861678005, "end_time": 645.7465759637188}, "39": {"start_time": 645.7465759637188, "end_time": 657.7367800453515}, "40": {"start_time": 657.7367800453515, "end_time": 675.8396371882086}, "41": {"start_time": 675.8396371882086, "end_time": 687.3073922902494}, "42": {"start_time": 687.3073922902495, "end_time": 706.6902494331066}, "43": {"start_time": 706.6902494331066, "end_time": 716.3816780045352}, "44": {"start_time": 716.3816780045352, "end_time": 733.1522902494331}, "45": {"start_time": 733.1522902494331, "end_time": 749.1914739229026}, "46": {"start_time": 749.1914739229024, "end_time": 756.1922902494331}, "47": {"start_time": 756.1922902494331, "end_time": 768.7833106575963}, "48": {"start_time": 768.7833106575964, "end_time": 787.9310657596372}, "49": {"start_time": 787.9310657596371, "end_time": 802.9253514739229}, "50": {"start_time": 802.9253514739229, "end_time": 815.2812698412698}, "51": {"start_time": 815.2812698412698, "end_time": 822.752290249433}, "52": {"start_time": 822.7522902494331, "end_time": 831.6861678004535}, "53": {"start_time": 831.6861678004535, "end_time": 852.7931065759637}, "54": {"start_time": 852.7931065759637, "end_time": 866.3506575963719}, "55": {"start_time": 866.3506575963719, "end_time": 880.7180045351474}, "56": {"start_time": 880.7180045351474, "end_time": 888.9465759637188}, "57": {"start_time": 888.9465759637188, "end_time": 904.2282086167801}, "58": {"start_time": 904.2282086167801, "end_time": 917.02820861678}, "59": {"start_time": 917.02820861678, "end_time": 934.7131065759637}, "60": {"start_time": 934.7131065759637, "end_time": 953.0771882086168}, "61": {"start_time": 953.0771882086168, "end_time": 966.6086167800454}, "62": {"start_time": 966.6086167800454, "end_time": 979.1473922902495}, "63": {"start_time": 979.1473922902494, "end_time": 993.3580045351473}, "64": {"start_time": 993.3580045351474, "end_time": 1001.3514739229025}, "65": {"start_time": 1001.3514739229025, "end_time": 1015.4053514739229}, "66": {"start_time": 1015.4053514739229, "end_time": 1023.8690249433107}, "67": {"start_time": 1023.8690249433107, "end_time": 1036.3033106575965}, "68": {"start_time": 1036.3033106575963, "end_time": 1059.6567800453513}, "69": {"start_time": 1059.6567800453515, "end_time": 1068.198820861678}, "70": {"start_time": 1068.198820861678, "end_time": 1094.6608616780047}, "71": {"start_time": 1094.6608616780045, "end_time": 1105.6061678004535}, "72": {"start_time": 1105.6061678004535, "end_time": 1115.506575963719}, "73": {"start_time": 1115.506575963719, "end_time": 1128.3588208616782}, "74": {"start_time": 1128.358820861678, "end_time": 1145.7302494331066}, "75": {"start_time": 1145.7302494331066, "end_time": 1159.4967800453514}, "76": {"start_time": 1159.4967800453514, "end_time": 1167.2812698412697}, "77": {"start_time": 1167.28126984127, "end_time": 1183.3465759637188}}