{"1": {"start_time": 0.0, "end_time": 11.12780045351474}, "2": {"start_time": 11.12780045351474, "end_time": 15.777596371882087}, "3": {"start_time": 15.777596371882087, "end_time": 18.468208616780046}, "4": {"start_time": 18.468208616780046, "end_time": 21.811882086167802}, "5": {"start_time": 21.8118820861678, "end_time": 27.480453514739228}, "6": {"start_time": 27.480453514739228, "end_time": 36.98902494331065}, "7": {"start_time": 36.98902494331066, "end_time": 41.638820861678006}, "8": {"start_time": 41.638820861678006, "end_time": 49.10984126984127}, "9": {"start_time": 49.10984126984127, "end_time": 54.72616780045351}, "10": {"start_time": 54.72616780045352, "end_time": 60.211882086167805}, "11": {"start_time": 60.2118820861678, "end_time": 64.52208616780045}, "12": {"start_time": 64.52208616780045, "end_time": 68.80616780045351}, "13": {"start_time": 68.80616780045351, "end_time": 74.10902494331066}, "14": {"start_time": 74.10902494331066, "end_time": 79.7253514739229}, "15": {"start_time": 79.7253514739229, "end_time": 84.32290249433106}, "16": {"start_time": 84.32290249433106, "end_time": 91.01024943310657}, "17": {"start_time": 91.01024943310658, "end_time": 97.384126984127}, "18": {"start_time": 97.38412698412698, "end_time": 104.62004535147392}, "19": {"start_time": 104.62004535147392, "end_time": 117.89024943310658}}