{"1": {"start_time": 0.0, "end_time": 7.235555555555556}, "2": {"start_time": 7.235555555555556, "end_time": 11.833106575963718}, "3": {"start_time": 11.833106575963718, "end_time": 17.214331065759637}, "4": {"start_time": 17.214331065759637, "end_time": 23.875555555555557}, "5": {"start_time": 23.875555555555554, "end_time": 30.615147392290247}, "6": {"start_time": 30.61514739229025, "end_time": 35.63065759637188}, "7": {"start_time": 35.63065759637188, "end_time": 39.13106575963719}, "8": {"start_time": 39.13106575963719, "end_time": 43.571882086167804}, "9": {"start_time": 43.571882086167804, "end_time": 49.24045351473923}, "10": {"start_time": 49.24045351473923, "end_time": 54.909024943310655}}