{"1": {"start_time": 0.0, "end_time": 28.081269841269844}, "2": {"start_time": 28.08126984126984, "end_time": 41.87392290249433}, "3": {"start_time": 41.87392290249433, "end_time": 62.64126984126984}, "4": {"start_time": 62.64126984126984, "end_time": 85.83800453514739}, "5": {"start_time": 85.83800453514739, "end_time": 113.52780045351474}, "6": {"start_time": 113.52780045351474, "end_time": 150.0469841269841}, "7": {"start_time": 150.0469841269841, "end_time": 165.61596371882084}, "8": {"start_time": 165.61596371882086, "end_time": 183.14412698412698}, "9": {"start_time": 183.14412698412698, "end_time": 236.69514739229027}, "10": {"start_time": 236.69514739229024, "end_time": 283.1408616780045}, "11": {"start_time": 283.1408616780045, "end_time": 328.2020861678004}, "12": {"start_time": 328.2020861678005, "end_time": 352.80943310657597}, "13": {"start_time": 352.80943310657597, "end_time": 378.0959637188209}, "14": {"start_time": 378.0959637188209, "end_time": 391.3661678004535}, "15": {"start_time": 391.3661678004535, "end_time": 398.4192290249433}, "16": {"start_time": 398.4192290249433, "end_time": 412.5775963718821}, "17": {"start_time": 412.57759637188207, "end_time": 438.83065759637185}, "18": {"start_time": 438.8306575963719, "end_time": 464.63963718820867}, "19": {"start_time": 464.6396371882086, "end_time": 481.0445351473923}, "20": {"start_time": 481.0445351473923, "end_time": 486.7392290249433}, "21": {"start_time": 486.7392290249433, "end_time": 544.3653514739229}, "22": {"start_time": 544.3653514739229, "end_time": 604.969433106576}, "23": {"start_time": 604.9694331065759, "end_time": 636.838820861678}, "24": {"start_time": 636.838820861678, "end_time": 659.0690249433106}, "25": {"start_time": 659.0690249433106, "end_time": 676.518820861678}, "26": {"start_time": 676.518820861678, "end_time": 696.2412698412699}, "27": {"start_time": 696.2412698412699, "end_time": 723.0951473922903}, "28": {"start_time": 723.0951473922903, "end_time": 736.4698412698414}, "29": {"start_time": 736.4698412698413, "end_time": 748.5384126984127}, "30": {"start_time": 748.5384126984127, "end_time": 766.5106575963719}, "31": {"start_time": 766.5106575963719, "end_time": 800.234739229025}, "32": {"start_time": 800.234739229025, "end_time": 831.4771882086168}, "33": {"start_time": 831.4771882086168, "end_time": 846.2624943310658}, "34": {"start_time": 846.2624943310658, "end_time": 869.3808616780045}, "35": {"start_time": 869.3808616780045, "end_time": 884.584126984127}, "36": {"start_time": 884.584126984127, "end_time": 908.5645351473923}, "37": {"start_time": 908.5645351473922, "end_time": 947.6959637188208}, "38": {"start_time": 947.6959637188208, "end_time": 966.8959637188209}, "39": {"start_time": 966.8959637188209, "end_time": 984.5808616780046}, "40": {"start_time": 984.5808616780046, "end_time": 997.5114739229025}, "41": {"start_time": 997.5114739229025, "end_time": 1009.5800453514739}, "42": {"start_time": 1009.5800453514739, "end_time": 1030.3473922902494}, "43": {"start_time": 1030.3473922902494, "end_time": 1043.0167800453514}, "44": {"start_time": 1043.0167800453514, "end_time": 1083.8461678004535}, "45": {"start_time": 1083.8461678004535, "end_time": 1105.3449433106575}, "46": {"start_time": 1105.3449433106575, "end_time": 1124.257596371882}, "47": {"start_time": 1124.257596371882, "end_time": 1139.434739229025}, "48": {"start_time": 1139.434739229025, "end_time": 1154.7686167800452}, "49": {"start_time": 1154.7686167800452, "end_time": 1164.9563718820862}, "50": {"start_time": 1164.9563718820862, "end_time": 1183.3204535147393}, "51": {"start_time": 1183.3204535147393, "end_time": 1196.9563718820862}, "52": {"start_time": 1196.9563718820862, "end_time": 1222.895963718821}}