{"1": {"start_time": 0.0, "end_time": 13.97514739229025}, "2": {"start_time": 13.97514739229025, "end_time": 21.132698412698414}, "3": {"start_time": 21.132698412698414, "end_time": 26.3049433106576}, "4": {"start_time": 26.304943310657595, "end_time": 31.895147392290248}, "5": {"start_time": 31.895147392290248, "end_time": 38.34739229024943}}